This is pdfTeX, Version 3.141592653-2.6-1.40.27 (MiKTeX 25.4) (preloaded format=pdflatex 2025.12.24)  2 JUN 2026 14:18
entering extended mode
 restricted \write18 enabled.
 file:line:error style messages enabled.
 %&-line parsing enabled.
**c:/Users/TLP-001/Documents/GitHub/project3_docs/fitting/piecewise_analytic_formulas_template.tex
(c:/Users/TLP-001/Documents/GitHub/project3_docs/fitting/piecewise_analytic_formulas_template.tex
LaTeX2e <2025-06-01> patch level 1
L3 programming layer <2025-09-02>
(C:\Users\TLP-001\AppData\Local\Programs\MiKTeX\tex/latex/base\article.cls
Document Class: article 2025/01/22 v1.4n Standard LaTeX document class
(C:\Users\TLP-001\AppData\Local\Programs\MiKTeX\tex/latex/base\size11.clo
File: size11.clo 2025/01/22 v1.4n Standard LaTeX file (size option)
)
\c@part=\count275
\c@section=\count276
\c@subsection=\count277
\c@subsubsection=\count278
\c@paragraph=\count279
\c@subparagraph=\count280
\c@figure=\count281
\c@table=\count282
\abovecaptionskip=\skip49
\belowcaptionskip=\skip50
\bibindent=\dimen148
) (C:\Users\TLP-001\AppData\Local\Programs\MiKTeX\tex/latex/graphics\graphicx.sty
Package: graphicx 2024/12/31 v1.2e Enhanced LaTeX Graphics (DPC,SPQR)
 (C:\Users\TLP-001\AppData\Local\Programs\MiKTeX\tex/latex/graphics\keyval.sty
Package: keyval 2022/05/29 v1.15 key=value parser (DPC)
\KV@toks@=\toks17
) (C:\Users\TLP-001\AppData\Local\Programs\MiKTeX\tex/latex/graphics\graphics.sty
Package: graphics 2024/08/06 v1.4g Standard LaTeX Graphics (DPC,SPQR)
 (C:\Users\TLP-001\AppData\Local\Programs\MiKTeX\tex/latex/graphics\trig.sty
Package: trig 2023/12/02 v1.11 sin cos tan (DPC)
) (C:\Users\TLP-001\AppData\Local\Programs\MiKTeX\tex/latex/graphics-cfg\graphics.cfg
File: graphics.cfg 2016/06/04 v1.11 sample graphics configuration
)
Package graphics Info: Driver file: pdftex.def on input line 106.
 (C:\Users\TLP-001\AppData\Local\Programs\MiKTeX\tex/latex/graphics-def\pdftex.def
File: pdftex.def 2025/09/29 v1.2d Graphics/color driver for pdftex
))
\Gin@req@height=\dimen149
\Gin@req@width=\dimen150
) (C:\Users\TLP-001\AppData\Local\Programs\MiKTeX\tex/latex/amsmath\amsmath.sty
Package: amsmath 2025/06/16 v2.17y AMS math features
\@mathmargin=\skip51

For additional information on amsmath, use the `?' option.
(C:\Users\TLP-001\AppData\Local\Programs\MiKTeX\tex/latex/amsmath\amstext.sty
Package: amstext 2024/11/17 v2.01 AMS text
 (C:\Users\TLP-001\AppData\Local\Programs\MiKTeX\tex/latex/amsmath\amsgen.sty
File: amsgen.sty 1999/11/30 v2.0 generic functions
\@emptytoks=\toks18
\ex@=\dimen151
)) (C:\Users\TLP-001\AppData\Local\Programs\MiKTeX\tex/latex/amsmath\amsbsy.sty
Package: amsbsy 1999/11/29 v1.2d Bold Symbols
\pmbraise@=\dimen152
) (C:\Users\TLP-001\AppData\Local\Programs\MiKTeX\tex/latex/amsmath\amsopn.sty
Package: amsopn 2022/04/08 v2.04 operator names
)
\inf@bad=\count283
LaTeX Info: Redefining \frac on input line 233.
\uproot@=\count284
\leftroot@=\count285
LaTeX Info: Redefining \overline on input line 398.
LaTeX Info: Redefining \colon on input line 409.
\classnum@=\count286
\DOTSCASE@=\count287
LaTeX Info: Redefining \ldots on input line 495.
LaTeX Info: Redefining \dots on input line 498.
LaTeX Info: Redefining \cdots on input line 619.
\Mathstrutbox@=\box53
\strutbox@=\box54
LaTeX Info: Redefining \big on input line 721.
LaTeX Info: Redefining \Big on input line 722.
LaTeX Info: Redefining \bigg on input line 723.
LaTeX Info: Redefining \Bigg on input line 724.
\big@size=\dimen153
LaTeX Font Info:    Redeclaring font encoding OML on input line 742.
LaTeX Font Info:    Redeclaring font encoding OMS on input line 743.
\macc@depth=\count288
LaTeX Info: Redefining \bmod on input line 904.
LaTeX Info: Redefining \pmod on input line 909.
LaTeX Info: Redefining \smash on input line 939.
LaTeX Info: Redefining \relbar on input line 969.
LaTeX Info: Redefining \Relbar on input line 970.
\c@MaxMatrixCols=\count289
\dotsspace@=\muskip17
\c@parentequation=\count290
\dspbrk@lvl=\count291
\tag@help=\toks19
\row@=\count292
\column@=\count293
\maxfields@=\count294
\andhelp@=\toks20
\eqnshift@=\dimen154
\alignsep@=\dimen155
\tagshift@=\dimen156
\tagwidth@=\dimen157
\totwidth@=\dimen158
\lineht@=\dimen159
\@envbody=\toks21
\multlinegap=\skip52
\multlinetaggap=\skip53
\mathdisplay@stack=\toks22
LaTeX Info: Redefining \[ on input line 2949.
LaTeX Info: Redefining \] on input line 2950.
) (C:\Users\TLP-001\AppData\Local\Programs\MiKTeX\tex/latex/amsfonts\amssymb.sty
Package: amssymb 2013/01/14 v3.01 AMS font symbols
 (C:\Users\TLP-001\AppData\Local\Programs\MiKTeX\tex/latex/amsfonts\amsfonts.sty
Package: amsfonts 2013/01/14 v3.01 Basic AMSFonts support
\symAMSa=\mathgroup4
\symAMSb=\mathgroup5
LaTeX Font Info:    Redeclaring math symbol \hbar on input line 98.
LaTeX Font Info:    Overwriting math alphabet `\mathfrak' in version `bold'
(Font)                  U/euf/m/n --> U/euf/b/n on input line 106.
)) (C:\Users\TLP-001\AppData\Local\Programs\MiKTeX\tex/latex/tools\bm.sty
Package: bm 2023/12/19 v1.2f Bold Symbol Support (DPC/FMi)
\symboldoperators=\mathgroup6
\symboldletters=\mathgroup7
\symboldsymbols=\mathgroup8
Package bm Info: No bold for \OMX/cmex/m/n, using \pmb.
Package bm Info: No bold for \U/msa/m/n, using \pmb.
Package bm Info: No bold for \U/msb/m/n, using \pmb.
LaTeX Font Info:    Redeclaring math alphabet \mathbf on input line 149.
) (C:\Users\TLP-001\AppData\Local\Programs\MiKTeX\tex/latex/xcolor\xcolor.sty
Package: xcolor 2024/09/29 v3.02 LaTeX color extensions (UK)
 (C:\Users\TLP-001\AppData\Local\Programs\MiKTeX\tex/latex/graphics-cfg\color.cfg
File: color.cfg 2016/01/02 v1.6 sample color configuration
)
Package xcolor Info: Driver file: pdftex.def on input line 274.
 (C:\Users\TLP-001\AppData\Local\Programs\MiKTeX\tex/latex/graphics\mathcolor.ltx)
Package xcolor Info: Model `cmy' substituted by `cmy0' on input line 1349.
Package xcolor Info: Model `hsb' substituted by `rgb' on input line 1353.
Package xcolor Info: Model `RGB' extended on input line 1365.
Package xcolor Info: Model `HTML' substituted by `rgb' on input line 1367.
Package xcolor Info: Model `Hsb' substituted by `hsb' on input line 1368.
Package xcolor Info: Model `tHsb' substituted by `hsb' on input line 1369.
Package xcolor Info: Model `HSB' substituted by `hsb' on input line 1370.
Package xcolor Info: Model `Gray' substituted by `gray' on input line 1371.
Package xcolor Info: Model `wave' substituted by `hsb' on input line 1372.
) (C:\Users\TLP-001\AppData\Local\Programs\MiKTeX\tex/latex/float\float.sty
Package: float 2001/11/08 v1.3d Float enhancements (AL)
\c@float@type=\count295
\float@exts=\toks23
\float@box=\box55
\@float@everytoks=\toks24
\@floatcapt=\box56
) (C:\Users\TLP-001\AppData\Local\Programs\MiKTeX\tex/latex/amsfonts\eucal.sty
Package: eucal 2009/06/22 v3.00 Euler Script fonts
LaTeX Font Info:    Overwriting math alphabet `\EuScript' in version `bold'
(Font)                  U/eus/m/n --> U/eus/b/n on input line 33.
) (C:\Users\TLP-001\AppData\Local\Programs\MiKTeX\tex/latex/tcolorbox\tcolorbox.sty
Package: tcolorbox 2025/09/09 version 6.8.0 text color boxes
 (C:\Users\TLP-001\AppData\Local\Programs\MiKTeX\tex/latex/pgf/frontendlayer\tikz.sty (C:\Users\TLP-001\AppData\Local\Programs\MiKTeX\tex/latex/pgf/basiclayer\pgf.sty (C:\Users\TLP-001\AppData\Local\Programs\MiKTeX\tex/latex/pgf/utilities\pgfrcs.sty (C:\Users\TLP-001\AppData\Local\Programs\MiKTeX\tex/generic/pgf/utilities\pgfutil-common.tex
\pgfutil@everybye=\toks25
\pgfutil@tempdima=\dimen160
\pgfutil@tempdimb=\dimen161
) (C:\Users\TLP-001\AppData\Local\Programs\MiKTeX\tex/generic/pgf/utilities\pgfutil-latex.def
\pgfutil@abb=\box57
) (C:\Users\TLP-001\AppData\Local\Programs\MiKTeX\tex/generic/pgf/utilities\pgfrcs.code.tex (C:\Users\TLP-001\AppData\Local\Programs\MiKTeX\tex/generic/pgf\pgf.revision.tex)
Package: pgfrcs 2025-08-29 v3.1.11a (3.1.11a)
))
Package: pgf 2025-08-29 v3.1.11a (3.1.11a)
 (C:\Users\TLP-001\AppData\Local\Programs\MiKTeX\tex/latex/pgf/basiclayer\pgfcore.sty (C:\Users\TLP-001\AppData\Local\Programs\MiKTeX\tex/latex/pgf/systemlayer\pgfsys.sty (C:\Users\TLP-001\AppData\Local\Programs\MiKTeX\tex/generic/pgf/systemlayer\pgfsys.code.tex
Package: pgfsys 2025-08-29 v3.1.11a (3.1.11a)
 (C:\Users\TLP-001\AppData\Local\Programs\MiKTeX\tex/generic/pgf/utilities\pgfkeys.code.tex
\pgfkeys@pathtoks=\toks26
\pgfkeys@temptoks=\toks27
 (C:\Users\TLP-001\AppData\Local\Programs\MiKTeX\tex/generic/pgf/utilities\pgfkeyslibraryfiltered.code.tex
\pgfkeys@tmptoks=\toks28
))
\pgf@x=\dimen162
\pgf@y=\dimen163
\pgf@xa=\dimen164
\pgf@ya=\dimen165
\pgf@xb=\dimen166
\pgf@yb=\dimen167
\pgf@xc=\dimen168
\pgf@yc=\dimen169
\pgf@xd=\dimen170
\pgf@yd=\dimen171
\w@pgf@writea=\write3
\r@pgf@reada=\read2
\c@pgf@counta=\count296
\c@pgf@countb=\count297
\c@pgf@countc=\count298
\c@pgf@countd=\count299
\t@pgf@toka=\toks29
\t@pgf@tokb=\toks30
\t@pgf@tokc=\toks31
\pgf@sys@id@count=\count300
 (C:\Users\TLP-001\AppData\Local\Programs\MiKTeX\tex/generic/pgf/systemlayer\pgf.cfg
File: pgf.cfg 2025-08-29 v3.1.11a (3.1.11a)
)
Driver file for pgf: pgfsys-pdftex.def
 (C:\Users\TLP-001\AppData\Local\Programs\MiKTeX\tex/generic/pgf/systemlayer\pgfsys-pdftex.def
File: pgfsys-pdftex.def 2025-08-29 v3.1.11a (3.1.11a)
 (C:\Users\TLP-001\AppData\Local\Programs\MiKTeX\tex/generic/pgf/systemlayer\pgfsys-common-pdf.def
File: pgfsys-common-pdf.def 2025-08-29 v3.1.11a (3.1.11a)
))) (C:\Users\TLP-001\AppData\Local\Programs\MiKTeX\tex/generic/pgf/systemlayer\pgfsyssoftpath.code.tex
File: pgfsyssoftpath.code.tex 2025-08-29 v3.1.11a (3.1.11a)
\pgfsyssoftpath@smallbuffer@items=\count301
\pgfsyssoftpath@bigbuffer@items=\count302
) (C:\Users\TLP-001\AppData\Local\Programs\MiKTeX\tex/generic/pgf/systemlayer\pgfsysprotocol.code.tex
File: pgfsysprotocol.code.tex 2025-08-29 v3.1.11a (3.1.11a)
)) (C:\Users\TLP-001\AppData\Local\Programs\MiKTeX\tex/generic/pgf/basiclayer\pgfcore.code.tex
Package: pgfcore 2025-08-29 v3.1.11a (3.1.11a)
 (C:\Users\TLP-001\AppData\Local\Programs\MiKTeX\tex/generic/pgf/math\pgfmath.code.tex (C:\Users\TLP-001\AppData\Local\Programs\MiKTeX\tex/generic/pgf/math\pgfmathutil.code.tex) (C:\Users\TLP-001\AppData\Local\Programs\MiKTeX\tex/generic/pgf/math\pgfmathparser.code.tex
\pgfmath@dimen=\dimen172
\pgfmath@count=\count303
\pgfmath@box=\box58
\pgfmath@toks=\toks32
\pgfmath@stack@operand=\toks33
\pgfmath@stack@operation=\toks34
) (C:\Users\TLP-001\AppData\Local\Programs\MiKTeX\tex/generic/pgf/math\pgfmathfunctions.code.tex) (C:\Users\TLP-001\AppData\Local\Programs\MiKTeX\tex/generic/pgf/math\pgfmathfunctions.basic.code.tex) (C:\Users\TLP-001\AppData\Local\Programs\MiKTeX\tex/generic/pgf/math\pgfmathfunctions.trigonometric.code.tex) (C:\Users\TLP-001\AppData\Local\Programs\MiKTeX\tex/generic/pgf/math\pgfmathfunctions.random.code.tex) (C:\Users\TLP-001\AppData\Local\Programs\MiKTeX\tex/generic/pgf/math\pgfmathfunctions.comparison.code.tex) (C:\Users\TLP-001\AppData\Local\Programs\MiKTeX\tex/generic/pgf/math\pgfmathfunctions.base.code.tex) (C:\Users\TLP-001\AppData\Local\Programs\MiKTeX\tex/generic/pgf/math\pgfmathfunctions.round.code.tex) (C:\Users\TLP-001\AppData\Local\Programs\MiKTeX\tex/generic/pgf/math\pgfmathfunctions.misc.code.tex) (C:\Users\TLP-001\AppData\Local\Programs\MiKTeX\tex/generic/pgf/math\pgfmathfunctions.integerarithmetics.code.tex) (C:\Users\TLP-001\AppData\Local\Programs\MiKTeX\tex/generic/pgf/math\pgfmathcalc.code.tex) (C:\Users\TLP-001\AppData\Local\Programs\MiKTeX\tex/generic/pgf/math\pgfmathfloat.code.tex
\c@pgfmathroundto@lastzeros=\count304
)) (C:\Users\TLP-001\AppData\Local\Programs\MiKTeX\tex/generic/pgf/math\pgfint.code.tex) (C:\Users\TLP-001\AppData\Local\Programs\MiKTeX\tex/generic/pgf/basiclayer\pgfcorepoints.code.tex
File: pgfcorepoints.code.tex 2025-08-29 v3.1.11a (3.1.11a)
\pgf@picminx=\dimen173
\pgf@picmaxx=\dimen174
\pgf@picminy=\dimen175
\pgf@picmaxy=\dimen176
\pgf@pathminx=\dimen177
\pgf@pathmaxx=\dimen178
\pgf@pathminy=\dimen179
\pgf@pathmaxy=\dimen180
\pgf@xx=\dimen181
\pgf@xy=\dimen182
\pgf@yx=\dimen183
\pgf@yy=\dimen184
\pgf@zx=\dimen185
\pgf@zy=\dimen186
) (C:\Users\TLP-001\AppData\Local\Programs\MiKTeX\tex/generic/pgf/basiclayer\pgfcorepathconstruct.code.tex
File: pgfcorepathconstruct.code.tex 2025-08-29 v3.1.11a (3.1.11a)
\pgf@path@lastx=\dimen187
\pgf@path@lasty=\dimen188
) (C:\Users\TLP-001\AppData\Local\Programs\MiKTeX\tex/generic/pgf/basiclayer\pgfcorepathusage.code.tex
File: pgfcorepathusage.code.tex 2025-08-29 v3.1.11a (3.1.11a)
\pgf@shorten@end@additional=\dimen189
\pgf@shorten@start@additional=\dimen190
) (C:\Users\TLP-001\AppData\Local\Programs\MiKTeX\tex/generic/pgf/basiclayer\pgfcorescopes.code.tex
File: pgfcorescopes.code.tex 2025-08-29 v3.1.11a (3.1.11a)
\pgfpic=\box59
\pgf@hbox=\box60
\pgf@layerbox@main=\box61
\pgf@picture@serial@count=\count305
) (C:\Users\TLP-001\AppData\Local\Programs\MiKTeX\tex/generic/pgf/basiclayer\pgfcoregraphicstate.code.tex
File: pgfcoregraphicstate.code.tex 2025-08-29 v3.1.11a (3.1.11a)
\pgflinewidth=\dimen191
) (C:\Users\TLP-001\AppData\Local\Programs\MiKTeX\tex/generic/pgf/basiclayer\pgfcoretransformations.code.tex
File: pgfcoretransformations.code.tex 2025-08-29 v3.1.11a (3.1.11a)
\pgf@pt@x=\dimen192
\pgf@pt@y=\dimen193
\pgf@pt@temp=\dimen194
) (C:\Users\TLP-001\AppData\Local\Programs\MiKTeX\tex/generic/pgf/basiclayer\pgfcorequick.code.tex
File: pgfcorequick.code.tex 2025-08-29 v3.1.11a (3.1.11a)
) (C:\Users\TLP-001\AppData\Local\Programs\MiKTeX\tex/generic/pgf/basiclayer\pgfcoreobjects.code.tex
File: pgfcoreobjects.code.tex 2025-08-29 v3.1.11a (3.1.11a)
) (C:\Users\TLP-001\AppData\Local\Programs\MiKTeX\tex/generic/pgf/basiclayer\pgfcorepathprocessing.code.tex
File: pgfcorepathprocessing.code.tex 2025-08-29 v3.1.11a (3.1.11a)
) (C:\Users\TLP-001\AppData\Local\Programs\MiKTeX\tex/generic/pgf/basiclayer\pgfcorearrows.code.tex
File: pgfcorearrows.code.tex 2025-08-29 v3.1.11a (3.1.11a)
\pgfarrowsep=\dimen195
) (C:\Users\TLP-001\AppData\Local\Programs\MiKTeX\tex/generic/pgf/basiclayer\pgfcoreshade.code.tex
File: pgfcoreshade.code.tex 2025-08-29 v3.1.11a (3.1.11a)
\pgf@max=\dimen196
\pgf@sys@shading@range@num=\count306
\pgf@shadingcount=\count307
) (C:\Users\TLP-001\AppData\Local\Programs\MiKTeX\tex/generic/pgf/basiclayer\pgfcoreimage.code.tex
File: pgfcoreimage.code.tex 2025-08-29 v3.1.11a (3.1.11a)
) (C:\Users\TLP-001\AppData\Local\Programs\MiKTeX\tex/generic/pgf/basiclayer\pgfcoreexternal.code.tex
File: pgfcoreexternal.code.tex 2025-08-29 v3.1.11a (3.1.11a)
\pgfexternal@startupbox=\box62
) (C:\Users\TLP-001\AppData\Local\Programs\MiKTeX\tex/generic/pgf/basiclayer\pgfcorelayers.code.tex
File: pgfcorelayers.code.tex 2025-08-29 v3.1.11a (3.1.11a)
) (C:\Users\TLP-001\AppData\Local\Programs\MiKTeX\tex/generic/pgf/basiclayer\pgfcoretransparency.code.tex
File: pgfcoretransparency.code.tex 2025-08-29 v3.1.11a (3.1.11a)
) (C:\Users\TLP-001\AppData\Local\Programs\MiKTeX\tex/generic/pgf/basiclayer\pgfcorepatterns.code.tex
File: pgfcorepatterns.code.tex 2025-08-29 v3.1.11a (3.1.11a)
) (C:\Users\TLP-001\AppData\Local\Programs\MiKTeX\tex/generic/pgf/basiclayer\pgfcorerdf.code.tex
File: pgfcorerdf.code.tex 2025-08-29 v3.1.11a (3.1.11a)
))) (C:\Users\TLP-001\AppData\Local\Programs\MiKTeX\tex/generic/pgf/modules\pgfmoduleshapes.code.tex
File: pgfmoduleshapes.code.tex 2025-08-29 v3.1.11a (3.1.11a)
\pgfnodeparttextbox=\box63
) (C:\Users\TLP-001\AppData\Local\Programs\MiKTeX\tex/generic/pgf/modules\pgfmoduleplot.code.tex
File: pgfmoduleplot.code.tex 2025-08-29 v3.1.11a (3.1.11a)
) (C:\Users\TLP-001\AppData\Local\Programs\MiKTeX\tex/latex/pgf/compatibility\pgfcomp-version-0-65.sty
Package: pgfcomp-version-0-65 2025-08-29 v3.1.11a (3.1.11a)
\pgf@nodesepstart=\dimen197
\pgf@nodesepend=\dimen198
) (C:\Users\TLP-001\AppData\Local\Programs\MiKTeX\tex/latex/pgf/compatibility\pgfcomp-version-1-18.sty
Package: pgfcomp-version-1-18 2025-08-29 v3.1.11a (3.1.11a)
)) (C:\Users\TLP-001\AppData\Local\Programs\MiKTeX\tex/latex/pgf/utilities\pgffor.sty (C:\Users\TLP-001\AppData\Local\Programs\MiKTeX\tex/latex/pgf/utilities\pgfkeys.sty (C:\Users\TLP-001\AppData\Local\Programs\MiKTeX\tex/generic/pgf/utilities\pgfkeys.code.tex)) (C:\Users\TLP-001\AppData\Local\Programs\MiKTeX\tex/latex/pgf/math\pgfmath.sty (C:\Users\TLP-001\AppData\Local\Programs\MiKTeX\tex/generic/pgf/math\pgfmath.code.tex)) (C:\Users\TLP-001\AppData\Local\Programs\MiKTeX\tex/generic/pgf/utilities\pgffor.code.tex
Package: pgffor 2025-08-29 v3.1.11a (3.1.11a)
\pgffor@iter=\dimen199
\pgffor@skip=\dimen256
\pgffor@stack=\toks35
\pgffor@toks=\toks36
)) (C:\Users\TLP-001\AppData\Local\Programs\MiKTeX\tex/generic/pgf/frontendlayer/tikz\tikz.code.tex
Package: tikz 2025-08-29 v3.1.11a (3.1.11a)
 (C:\Users\TLP-001\AppData\Local\Programs\MiKTeX\tex/generic/pgf/libraries\pgflibraryplothandlers.code.tex
File: pgflibraryplothandlers.code.tex 2025-08-29 v3.1.11a (3.1.11a)
\pgf@plot@mark@count=\count308
\pgfplotmarksize=\dimen257
)
\tikz@lastx=\dimen258
\tikz@lasty=\dimen259
\tikz@lastxsaved=\dimen260
\tikz@lastysaved=\dimen261
\tikz@lastmovetox=\dimen262
\tikz@lastmovetoy=\dimen263
\tikzleveldistance=\dimen264
\tikzsiblingdistance=\dimen265
\tikz@figbox=\box64
\tikz@figbox@bg=\box65
\tikz@tempbox=\box66
\tikz@tempbox@bg=\box67
\tikztreelevel=\count309
\tikznumberofchildren=\count310
\tikznumberofcurrentchild=\count311
\tikz@fig@count=\count312
 (C:\Users\TLP-001\AppData\Local\Programs\MiKTeX\tex/generic/pgf/modules\pgfmodulematrix.code.tex
File: pgfmodulematrix.code.tex 2025-08-29 v3.1.11a (3.1.11a)
\pgfmatrixcurrentrow=\count313
\pgfmatrixcurrentcolumn=\count314
\pgf@matrix@numberofcolumns=\count315
)
\tikz@expandcount=\count316
 (C:\Users\TLP-001\AppData\Local\Programs\MiKTeX\tex/generic/pgf/frontendlayer/tikz/libraries\tikzlibrarytopaths.code.tex
File: tikzlibrarytopaths.code.tex 2025-08-29 v3.1.11a (3.1.11a)
))) (C:\Users\TLP-001\AppData\Local\Programs\MiKTeX\tex/latex/tools\verbatim.sty
Package: verbatim 2024-01-22 v1.5x LaTeX2e package for verbatim enhancements
\every@verbatim=\toks37
\verbatim@line=\toks38
\verbatim@in@stream=\read3
) (C:\Users\TLP-001\AppData\Local\Programs\MiKTeX\tex/latex/environ\environ.sty
Package: environ 2014/05/04 v0.3 A new way to define environments
 (C:\Users\TLP-001\AppData\Local\Programs\MiKTeX\tex/latex/trimspaces\trimspaces.sty
Package: trimspaces 2009/09/17 v1.1 Trim spaces around a token list
)) (C:\Users\TLP-001\AppData\Local\Programs\MiKTeX\tex/latex/etoolbox\etoolbox.sty
Package: etoolbox 2025/10/02 v2.5m e-TeX tools for LaTeX (JAW)
\etb@tempcnta=\count317
)
\tcb@titlebox=\box68
\tcb@upperbox=\box69
\tcb@lowerbox=\box70
\tcb@phantombox=\box71
\c@tcbbreakpart=\count318
\c@tcblayer=\count319
\c@tcolorbox@number=\count320
\l__tcobox_tmpa_box=\box72
\l__tcobox_tmpa_dim=\dimen266
\tcb@temp=\box73
\tcb@temp=\box74
\tcb@temp=\box75
\tcb@temp=\box76
 (C:\Users\TLP-001\AppData\Local\Programs\MiKTeX\tex/latex/tcolorbox\tcbraster.code.tex
Library (tcolorbox): 'tcbraster.code.tex' version '6.8.0'
\c@tcbrastercolumn=\count321
\c@tcbrasterrow=\count322
\c@tcbrasternum=\count323
\c@tcbraster=\count324
) (C:\Users\TLP-001\AppData\Local\Programs\MiKTeX\tex/latex/tcolorbox\tcbskins.code.tex
Library (tcolorbox): 'tcbskins.code.tex' version '6.8.0'
(C:\Users\TLP-001\AppData\Local\Programs\MiKTeX\tex/latex/tikzfill\tikzfill.image.sty
Package: tikzfill.image 2026/04/23 v1.2.0 Image filling library for TikZ
 (C:\Users\TLP-001\AppData\Local\Programs\MiKTeX\tex/latex/tikzfill\tikzlibraryfill.image.code.tex
File: tikzlibraryfill.image.code.tex 2026/04/23 v1.2.0 Image filling library
\l__tikzfill_tmpa_dim=\dimen267
\l__tikzfill_tmpb_dim=\dimen268
\l__tikzfill_img_box=\box77
)) (C:\Users\TLP-001\AppData\Local\Programs\MiKTeX\tex/latex/tcolorbox\tcbskinsjigsaw.code.tex
Library (tcolorbox): 'tcbskinsjigsaw.code.tex' version '6.8.0'
)) (C:\Users\TLP-001\AppData\Local\Programs\MiKTeX\tex/latex/tcolorbox\tcbbreakable.code.tex
Library (tcolorbox): 'tcbbreakable.code.tex' version '6.8.0'
(C:\Users\TLP-001\AppData\Local\Programs\MiKTeX\tex/latex/pdfcol\pdfcol.sty
Package: pdfcol 2022-09-21 v1.7 Handle new color stacks for pdfTeX (HO)
 (C:\Users\TLP-001\AppData\Local\Programs\MiKTeX\tex/generic/ltxcmds\ltxcmds.sty
Package: ltxcmds 2023-12-04 v1.26 LaTeX kernel commands for general use (HO)
) (C:\Users\TLP-001\AppData\Local\Programs\MiKTeX\tex/generic/infwarerr\infwarerr.sty
Package: infwarerr 2019/12/03 v1.5 Providing info/warning/error messages (HO)
) (C:\Users\TLP-001\AppData\Local\Programs\MiKTeX\tex/generic/iftex\iftex.sty
Package: iftex 2024/12/12 v1.0g TeX engine tests
))
Package pdfcol Info: New color stack `tcb@breakable' = 1 on input line 23.
\tcb@testbox=\box78
\tcb@totalupperbox=\box79
\tcb@totallowerbox=\box80
) (C:\Users\TLP-001\AppData\Local\Programs\MiKTeX\tex/latex/tcolorbox\tcbhooks.code.tex
Library (tcolorbox): 'tcbhooks.code.tex' version '6.8.0'
) (C:\Users\TLP-001\AppData\Local\Programs\MiKTeX\tex/latex/tcolorbox\tcbtheorems.code.tex
Library (tcolorbox): 'tcbtheorems.code.tex' version '6.8.0'
) (C:\Users\TLP-001\AppData\Local\Programs\MiKTeX\tex/latex/tcolorbox\tcbfitting.code.tex
Library (tcolorbox): 'tcbfitting.code.tex' version '6.8.0'
\tcbfitdim=\dimen269
\tcb@lowerfitdim=\dimen270
\tcb@upperfitdim=\dimen271
\tcb@cur@hbadness=\count325
) (C:\Users\TLP-001\AppData\Local\Programs\MiKTeX\tex/latex/tcolorbox\tcblistingsutf8.code.tex
Library (tcolorbox): 'tcblistingsutf8.code.tex' version '6.8.0'
(C:\Users\TLP-001\AppData\Local\Programs\MiKTeX\tex/latex/tcolorbox\tcblistings.code.tex
Library (tcolorbox): 'tcblistings.code.tex' version '6.8.0'
(C:\Users\TLP-001\AppData\Local\Programs\MiKTeX\tex/latex/listings\listings.sty
\lst@mode=\count326
\lst@gtempboxa=\box81
\lst@token=\toks39
\lst@length=\count327
\lst@currlwidth=\dimen272
\lst@column=\count328
\lst@pos=\count329
\lst@lostspace=\dimen273
\lst@width=\dimen274
\lst@newlines=\count330
\lst@lineno=\count331
\lst@maxwidth=\dimen275
 (C:\Users\TLP-001\AppData\Local\Programs\MiKTeX\tex/latex/listings\lstpatch.sty
File: lstpatch.sty 2024/09/23 1.10c (Carsten Heinz)
) (C:\Users\TLP-001\AppData\Local\Programs\MiKTeX\tex/latex/listings\lstmisc.sty
File: lstmisc.sty 2024/09/23 1.10c (Carsten Heinz)
\c@lstnumber=\count332
\lst@skipnumbers=\count333
\lst@framebox=\box82
) (C:\Users\TLP-001\AppData\Local\Programs\MiKTeX\tex/latex/listings\listings.cfg
File: listings.cfg 2024/09/23 1.10c listings configuration
))
Package: listings 2024/09/23 1.10c (Carsten Heinz)
 (C:\Users\TLP-001\AppData\Local\Programs\MiKTeX\tex/latex/tcolorbox\tcblistingscore.code.tex
Library (tcolorbox): 'tcblistingscore.code.tex' version '6.8.0'
(C:\Users\TLP-001\AppData\Local\Programs\MiKTeX\tex/latex/tcolorbox\tcbprocessing.code.tex
Library (tcolorbox): 'tcbprocessing.code.tex' version '6.8.0'
)
\c@tcblisting=\count334
)) (C:\Users\TLP-001\AppData\Local\Programs\MiKTeX\tex/latex/listingsutf8\listingsutf8.sty
Package: listingsutf8 2019-12-10 v1.5 Allow UTF-8 in listings input (HO)
 (C:\Users\TLP-001\AppData\Local\Programs\MiKTeX\tex/generic/pdftexcmds\pdftexcmds.sty
Package: pdftexcmds 2020-06-27 v0.33 Utility functions of pdfTeX for LuaTeX (HO)
Package pdftexcmds Info: \pdf@primitive is available.
Package pdftexcmds Info: \pdf@ifprimitive is available.
Package pdftexcmds Info: \pdfdraftmode found.
) (C:\Users\TLP-001\AppData\Local\Programs\MiKTeX\tex/generic/stringenc\stringenc.sty
Package: stringenc 2019/11/29 v1.12 Convert strings between diff. encodings (HO)
 (C:\Users\TLP-001\AppData\Local\Programs\MiKTeX\tex/generic/pdfescape\pdfescape.sty
Package: pdfescape 2019/12/09 v1.15 Implements pdfTeX's escape features (HO)
)))) (C:\Users\TLP-001\AppData\Local\Programs\MiKTeX\tex/latex/tcolorbox\tcbexternal.code.tex
Library (tcolorbox): 'tcbexternal.code.tex' version '6.8.0'
) (C:\Users\TLP-001\AppData\Local\Programs\MiKTeX\tex/latex/tcolorbox\tcbmagazine.code.tex
Library (tcolorbox): 'tcbmagazine.code.tex' version '6.8.0'
) (C:\Users\TLP-001\AppData\Local\Programs\MiKTeX\tex/latex/tcolorbox\tcbvignette.code.tex
Library (tcolorbox): 'tcbvignette.code.tex' version '6.8.0'
(C:\Users\TLP-001\AppData\Local\Programs\MiKTeX\tex/generic/pgf/frontendlayer/tikz/libraries\tikzlibraryfadings.code.tex
File: tikzlibraryfadings.code.tex 2025-08-29 v3.1.11a (3.1.11a)
 (C:\Users\TLP-001\AppData\Local\Programs\MiKTeX\tex/generic/pgf/libraries\pgflibraryfadings.code.tex
File: pgflibraryfadings.code.tex 2025-08-29 v3.1.11a (3.1.11a)
))) (C:\Users\TLP-001\AppData\Local\Programs\MiKTeX\tex/latex/tcolorbox\tcbposter.code.tex
Library (tcolorbox): 'tcbposter.code.tex' version '6.8.0'
)) (C:\Users\TLP-001\AppData\Local\Programs\MiKTeX\tex/latex/geometry\geometry.sty
Package: geometry 2020/01/02 v5.9 Page Geometry
 (C:\Users\TLP-001\AppData\Local\Programs\MiKTeX\tex/generic/iftex\ifvtex.sty
Package: ifvtex 2019/10/25 v1.7 ifvtex legacy package. Use iftex instead.
)
\Gm@cnth=\count335
\Gm@cntv=\count336
\c@Gm@tempcnt=\count337
\Gm@bindingoffset=\dimen276
\Gm@wd@mp=\dimen277
\Gm@odd@mp=\dimen278
\Gm@even@mp=\dimen279
\Gm@layoutwidth=\dimen280
\Gm@layoutheight=\dimen281
\Gm@layouthoffset=\dimen282
\Gm@layoutvoffset=\dimen283
\Gm@dimlist=\toks40
 (C:\Users\TLP-001\AppData\Local\Programs\MiKTeX\tex/latex/geometry\geometry.cfg)) (C:\Users\TLP-001\AppData\Local\Programs\MiKTeX\tex/latex/l3backend\l3backend-pdftex.def
File: l3backend-pdftex.def 2025-06-09 L3 backend support: PDF output (pdfTeX)
\l__color_backend_stack_int=\count338
) (piecewise_analytic_formulas_template.aux)
\openout1 = `piecewise_analytic_formulas_template.aux'.

LaTeX Font Info:    Checking defaults for OML/cmm/m/it on input line 18.
LaTeX Font Info:    ... okay on input line 18.
LaTeX Font Info:    Checking defaults for OMS/cmsy/m/n on input line 18.
LaTeX Font Info:    ... okay on input line 18.
LaTeX Font Info:    Checking defaults for OT1/cmr/m/n on input line 18.
LaTeX Font Info:    ... okay on input line 18.
LaTeX Font Info:    Checking defaults for T1/cmr/m/n on input line 18.
LaTeX Font Info:    ... okay on input line 18.
LaTeX Font Info:    Checking defaults for TS1/cmr/m/n on input line 18.
LaTeX Font Info:    ... okay on input line 18.
LaTeX Font Info:    Checking defaults for OMX/cmex/m/n on input line 18.
LaTeX Font Info:    ... okay on input line 18.
LaTeX Font Info:    Checking defaults for U/cmr/m/n on input line 18.
LaTeX Font Info:    ... okay on input line 18.
 (C:\Users\TLP-001\AppData\Local\Programs\MiKTeX\tex/context/base/mkii\supp-pdf.mkii
[Loading MPS to PDF converter (version 2006.09.02).]
\scratchcounter=\count339
\scratchdimen=\dimen284
\scratchbox=\box83
\nofMPsegments=\count340
\nofMParguments=\count341
\everyMPshowfont=\toks41
\MPscratchCnt=\count342
\MPscratchDim=\dimen285
\MPnumerator=\count343
\makeMPintoPDFobject=\count344
\everyMPtoPDFconversion=\toks42
) (C:\Users\TLP-001\AppData\Local\Programs\MiKTeX\tex/latex/epstopdf-pkg\epstopdf-base.sty
Package: epstopdf-base 2020-01-24 v2.11 Base part for package epstopdf
Package epstopdf-base Info: Redefining graphics rule for `.eps' on input line 485.
 (C:\Users\TLP-001\AppData\Local\Programs\MiKTeX\tex/latex/00miktex\epstopdf-sys.cfg
File: epstopdf-sys.cfg 2021/03/18 v2.0 Configuration of epstopdf for MiKTeX
))
\c@lstlisting=\count345
 (C:\Users\TLP-001\AppData\Local\Programs\MiKTeX\tex/latex/base\inputenc.sty
Package: inputenc 2024/02/08 v1.3d Input encoding file
\inpenc@prehook=\toks43
\inpenc@posthook=\toks44
)
*geometry* driver: auto-detecting
*geometry* detected driver: pdftex
*geometry* verbose mode - [ preamble ] result:
* driver: pdftex
* paper: <default>
* layout: <same size as paper>
* layoutoffset:(h,v)=(0.0pt,0.0pt)
* modes: 
* h-part:(L,W,R)=(72.26999pt, 469.75502pt, 72.26999pt)
* v-part:(T,H,B)=(72.26999pt, 650.43001pt, 72.26999pt)
* \paperwidth=614.295pt
* \paperheight=794.96999pt
* \textwidth=469.75502pt
* \textheight=650.43001pt
* \oddsidemargin=0.0pt
* \evensidemargin=0.0pt
* \topmargin=-37.0pt
* \headheight=12.0pt
* \headsep=25.0pt
* \topskip=11.0pt
* \footskip=30.0pt
* \marginparwidth=59.0pt
* \marginparsep=10.0pt
* \columnsep=10.0pt
* \skip\footins=10.0pt plus 4.0pt minus 2.0pt
* \hoffset=0.0pt
* \voffset=0.0pt
* \mag=1000
* \@twocolumnfalse
* \@twosidefalse
* \@mparswitchfalse
* \@reversemarginfalse
* (1in=72.27pt=25.4mm, 1cm=28.453pt)

LaTeX Font Info:    Trying to load font information for U+msa on input line 19.
(C:\Users\TLP-001\AppData\Local\Programs\MiKTeX\tex/latex/amsfonts\umsa.fd
File: umsa.fd 2013/01/14 v3.01 AMS symbols A
)
LaTeX Font Info:    Trying to load font information for U+msb on input line 19.
 (C:\Users\TLP-001\AppData\Local\Programs\MiKTeX\tex/latex/amsfonts\umsb.fd
File: umsb.fd 2013/01/14 v3.01 AMS symbols B
)
c:/Users/TLP-001/Documents/GitHub/project3_docs/fitting/piecewise_analytic_formulas_template.tex:81: Missing { inserted.
<to be read again> 
                   _
l.81 \end{gather}
                 
A left brace was mandatory here, so I've put one in.
You might want to delete and/or insert some corrections
so that I will find a matching right brace soon.
(If you're confused by all this, try typing `I}' now.)

c:/Users/TLP-001/Documents/GitHub/project3_docs/fitting/piecewise_analytic_formulas_template.tex:81: Double subscript.
<argument>  A = T_0 (rf)^\frac {1}{\beta } = __A_
                                                 VAL__ \\ B = \frac {16 \sig...
l.81 \end{gather}
                 
I treat `x_1_2' essentially like `x_1{}_2'.

c:/Users/TLP-001/Documents/GitHub/project3_docs/fitting/piecewise_analytic_formulas_template.tex:81: Missing { inserted.
<to be read again> 
                   _
l.81 \end{gather}
                 
A left brace was mandatory here, so I've put one in.
You might want to delete and/or insert some corrections
so that I will find a matching right brace soon.
(If you're confused by all this, try typing `I}' now.)

c:/Users/TLP-001/Documents/GitHub/project3_docs/fitting/piecewise_analytic_formulas_template.tex:81: Missing { inserted.
<to be read again> 
                   \let 
l.81 \end{gather}
                 
A left brace was mandatory here, so I've put one in.
You might want to delete and/or insert some corrections
so that I will find a matching right brace soon.
(If you're confused by all this, try typing `I}' now.)

c:/Users/TLP-001/Documents/GitHub/project3_docs/fitting/piecewise_analytic_formulas_template.tex:81: Misplaced alignment tab character &.
\math@cr@@@ ->\ifst@rred \nonumber \fi &
                                        \relax \make@display@tag \ifst@rred ...
l.81 \end{gather}
                 
I can't figure out why you would want to use a tab mark
here. If you just want an ampersand, the remedy is
simple: Just type `I\&' now. But if some right brace
up above has ended a previous alignment prematurely,
you're probably due for more error messages, and you
might try typing `S' now just to see what is salvageable.

c:/Users/TLP-001/Documents/GitHub/project3_docs/fitting/piecewise_analytic_formulas_template.tex:81: Misplaced \cr.
\math@cr@@@ ...fi \global \advance \row@ \@ne \cr 
                                                  
l.81 \end{gather}
                 
I can't figure out why you would want to use a tab mark
or \cr or \span just now. If something like a right brace
up above has ended a previous alignment prematurely,
you're probably due for more error messages, and you
might try typing `S' now just to see what is salvageable.

c:/Users/TLP-001/Documents/GitHub/project3_docs/fitting/piecewise_analytic_formulas_template.tex:81: Misplaced \noalign.
\math@cr@@ ... \iffalse }\fi \math@cr@@@ \noalign 
                                                  {\vskip #1\relax }
l.81 \end{gather}
                 
I expect to see \noalign only after the \cr of
an alignment. Proceed, and I'll ignore this case.

c:/Users/TLP-001/Documents/GitHub/project3_docs/fitting/piecewise_analytic_formulas_template.tex:81: Missing $ inserted.
<inserted text> 
                $
l.81 \end{gather}
                 
I've inserted a begin-math/end-math symbol since I think
you left one out. Proceed, with fingers crossed.

c:/Users/TLP-001/Documents/GitHub/project3_docs/fitting/piecewise_analytic_formulas_template.tex:81: Missing } inserted.
<inserted text> 
                }
l.81 \end{gather}
                 
I've inserted something that you may have forgotten.
(See the <inserted text> above.)
With luck, this will get me unwedged. But if you
really didn't forget anything, try typing `2' now; then
my insertion and my current dilemma will both disappear.

c:/Users/TLP-001/Documents/GitHub/project3_docs/fitting/piecewise_analytic_formulas_template.tex:81: Missing } inserted.
<inserted text> 
                }
l.81 \end{gather}
                 
I've inserted something that you may have forgotten.
(See the <inserted text> above.)
With luck, this will get me unwedged. But if you
really didn't forget anything, try typing `2' now; then
my insertion and my current dilemma will both disappear.

c:/Users/TLP-001/Documents/GitHub/project3_docs/fitting/piecewise_analytic_formulas_template.tex:81: Missing } inserted.
<inserted text> 
                }
l.81 \end{gather}
                 
I've inserted something that you may have forgotten.
(See the <inserted text> above.)
With luck, this will get me unwedged. But if you
really didn't forget anything, try typing `2' now; then
my insertion and my current dilemma will both disappear.

c:/Users/TLP-001/Documents/GitHub/project3_docs/fitting/piecewise_analytic_formulas_template.tex:81: Missing } inserted.
<inserted text> 
                }
l.81 \end{gather}
                 
I've inserted something that you may have forgotten.
(See the <inserted text> above.)
With luck, this will get me unwedged. But if you
really didn't forget anything, try typing `2' now; then
my insertion and my current dilemma will both disappear.

c:/Users/TLP-001/Documents/GitHub/project3_docs/fitting/piecewise_analytic_formulas_template.tex:81: Missing } inserted.
<inserted text> 
                }
l.81 \end{gather}
                 
I've inserted something that you may have forgotten.
(See the <inserted text> above.)
With luck, this will get me unwedged. But if you
really didn't forget anything, try typing `2' now; then
my insertion and my current dilemma will both disappear.

c:/Users/TLP-001/Documents/GitHub/project3_docs/fitting/piecewise_analytic_formulas_template.tex:81: Missing } inserted.
<inserted text> 
                }
l.81 \end{gather}
                 
I've inserted something that you may have forgotten.
(See the <inserted text> above.)
With luck, this will get me unwedged. But if you
really didn't forget anything, try typing `2' now; then
my insertion and my current dilemma will both disappear.

c:/Users/TLP-001/Documents/GitHub/project3_docs/fitting/piecewise_analytic_formulas_template.tex:81: Missing } inserted.
<inserted text> 
                }
l.81 \end{gather}
                 
I've inserted something that you may have forgotten.
(See the <inserted text> above.)
With luck, this will get me unwedged. But if you
really didn't forget anything, try typing `2' now; then
my insertion and my current dilemma will both disappear.

c:/Users/TLP-001/Documents/GitHub/project3_docs/fitting/piecewise_analytic_formulas_template.tex:81: Missing \cr inserted.
<inserted text> 
                \cr 
l.81 \end{gather}
                 
I'm guessing that you meant to end an alignment here.

c:/Users/TLP-001/Documents/GitHub/project3_docs/fitting/piecewise_analytic_formulas_template.tex:81: Missing { inserted.
<inserted text> 
                {
l.81 \end{gather}
                 
I've put in what seems to be necessary to fix
the current column of the current alignment.
Try to go on, since this might almost work.

c:/Users/TLP-001/Documents/GitHub/project3_docs/fitting/piecewise_analytic_formulas_template.tex:81: Missing { inserted.
<inserted text> 
                {
l.81 \end{gather}
                 
I've put in what seems to be necessary to fix
the current column of the current alignment.
Try to go on, since this might almost work.

c:/Users/TLP-001/Documents/GitHub/project3_docs/fitting/piecewise_analytic_formulas_template.tex:81: Extra }, or forgotten $.
<recently read> }
                 
l.81 \end{gather}
                 
I've deleted a group-closing symbol because it seems to be
spurious, as in `$x}$'. But perhaps the } is legitimate and
you forgot something else, as in `\hbox{$x}'. In such cases
the way to recover is to insert both the forgotten and the
deleted material, e.g., by typing `I$}'.

c:/Users/TLP-001/Documents/GitHub/project3_docs/fitting/piecewise_analytic_formulas_template.tex:81: Missing $ inserted.
<inserted text> 
                $
l.81 \end{gather}
                 
I've inserted a begin-math/end-math symbol since I think
you left one out. Proceed, with fingers crossed.

c:/Users/TLP-001/Documents/GitHub/project3_docs/fitting/piecewise_analytic_formulas_template.tex:81: Missing } inserted.
<inserted text> 
                }
l.81 \end{gather}
                 
I've inserted something that you may have forgotten.
(See the <inserted text> above.)
With luck, this will get me unwedged. But if you
really didn't forget anything, try typing `2' now; then
my insertion and my current dilemma will both disappear.

c:/Users/TLP-001/Documents/GitHub/project3_docs/fitting/piecewise_analytic_formulas_template.tex:81: Missing { inserted.
<to be read again> 
                   _
l.81 \end{gather}
                 
A left brace was mandatory here, so I've put one in.
You might want to delete and/or insert some corrections
so that I will find a matching right brace soon.
(If you're confused by all this, try typing `I}' now.)

c:/Users/TLP-001/Documents/GitHub/project3_docs/fitting/piecewise_analytic_formulas_template.tex:81: Double subscript.
<argument> ...^{\frac {4+\alpha }{\beta }}} = __B_
                                                  VAL__ \\ n = \frac {4+\alp...
l.81 \end{gather}
                 
I treat `x_1_2' essentially like `x_1{}_2'.

c:/Users/TLP-001/Documents/GitHub/project3_docs/fitting/piecewise_analytic_formulas_template.tex:81: Missing { inserted.
<to be read again> 
                   _
l.81 \end{gather}
                 
A left brace was mandatory here, so I've put one in.
You might want to delete and/or insert some corrections
so that I will find a matching right brace soon.
(If you're confused by all this, try typing `I}' now.)

c:/Users/TLP-001/Documents/GitHub/project3_docs/fitting/piecewise_analytic_formulas_template.tex:81: Missing { inserted.
<to be read again> 
                   \let 
l.81 \end{gather}
                 
A left brace was mandatory here, so I've put one in.
You might want to delete and/or insert some corrections
so that I will find a matching right brace soon.
(If you're confused by all this, try typing `I}' now.)

c:/Users/TLP-001/Documents/GitHub/project3_docs/fitting/piecewise_analytic_formulas_template.tex:81: Misplaced alignment tab character &.
\math@cr@@@ ->\ifst@rred \nonumber \fi &
                                        \relax \make@display@tag \ifst@rred ...
l.81 \end{gather}
                 
I can't figure out why you would want to use a tab mark
here. If you just want an ampersand, the remedy is
simple: Just type `I\&' now. But if some right brace
up above has ended a previous alignment prematurely,
you're probably due for more error messages, and you
might try typing `S' now just to see what is salvageable.

c:/Users/TLP-001/Documents/GitHub/project3_docs/fitting/piecewise_analytic_formulas_template.tex:81: Misplaced \cr.
\math@cr@@@ ...fi \global \advance \row@ \@ne \cr 
                                                  
l.81 \end{gather}
                 
I can't figure out why you would want to use a tab mark
or \cr or \span just now. If something like a right brace
up above has ended a previous alignment prematurely,
you're probably due for more error messages, and you
might try typing `S' now just to see what is salvageable.

c:/Users/TLP-001/Documents/GitHub/project3_docs/fitting/piecewise_analytic_formulas_template.tex:81: Misplaced \noalign.
\math@cr@@ ... \iffalse }\fi \math@cr@@@ \noalign 
                                                  {\vskip #1\relax }
l.81 \end{gather}
                 
I expect to see \noalign only after the \cr of
an alignment. Proceed, and I'll ignore this case.

c:/Users/TLP-001/Documents/GitHub/project3_docs/fitting/piecewise_analytic_formulas_template.tex:81: Missing $ inserted.
<inserted text> 
                $
l.81 \end{gather}
                 
I've inserted a begin-math/end-math symbol since I think
you left one out. Proceed, with fingers crossed.

c:/Users/TLP-001/Documents/GitHub/project3_docs/fitting/piecewise_analytic_formulas_template.tex:81: Missing } inserted.
<inserted text> 
                }
l.81 \end{gather}
                 
I've inserted something that you may have forgotten.
(See the <inserted text> above.)
With luck, this will get me unwedged. But if you
really didn't forget anything, try typing `2' now; then
my insertion and my current dilemma will both disappear.

c:/Users/TLP-001/Documents/GitHub/project3_docs/fitting/piecewise_analytic_formulas_template.tex:81: Missing } inserted.
<inserted text> 
                }
l.81 \end{gather}
                 
I've inserted something that you may have forgotten.
(See the <inserted text> above.)
With luck, this will get me unwedged. But if you
really didn't forget anything, try typing `2' now; then
my insertion and my current dilemma will both disappear.

c:/Users/TLP-001/Documents/GitHub/project3_docs/fitting/piecewise_analytic_formulas_template.tex:81: Missing } inserted.
<inserted text> 
                }
l.81 \end{gather}
                 
I've inserted something that you may have forgotten.
(See the <inserted text> above.)
With luck, this will get me unwedged. But if you
really didn't forget anything, try typing `2' now; then
my insertion and my current dilemma will both disappear.

c:/Users/TLP-001/Documents/GitHub/project3_docs/fitting/piecewise_analytic_formulas_template.tex:81: Missing } inserted.
<inserted text> 
                }
l.81 \end{gather}
                 
I've inserted something that you may have forgotten.
(See the <inserted text> above.)
With luck, this will get me unwedged. But if you
really didn't forget anything, try typing `2' now; then
my insertion and my current dilemma will both disappear.

c:/Users/TLP-001/Documents/GitHub/project3_docs/fitting/piecewise_analytic_formulas_template.tex:81: Missing \endgroup inserted.
<inserted text> 
                \endgroup 
l.81 \end{gather}
                 
I've inserted something that you may have forgotten.
(See the <inserted text> above.)
With luck, this will get me unwedged. But if you
really didn't forget anything, try typing `2' now; then
my insertion and my current dilemma will both disappear.

c:/Users/TLP-001/Documents/GitHub/project3_docs/fitting/piecewise_analytic_formulas_template.tex:81: Display math should end with $$.
<to be read again> 
                   \vskip 
l.81 \end{gather}
                 
The `$' that I just saw supposedly matches a previous `$$'.
So I shall assume that you typed `$$' both times.

c:/Users/TLP-001/Documents/GitHub/project3_docs/fitting/piecewise_analytic_formulas_template.tex:81: Extra }, or forgotten \endgroup.
\math@cr@@ ...th@cr@@@ \noalign {\vskip #1\relax }
                                                  
l.81 \end{gather}
                 
I've deleted a group-closing symbol because it seems to be
spurious, as in `$x}$'. But perhaps the } is legitimate and
you forgot something else, as in `\hbox{$x}'. In such cases
the way to recover is to insert both the forgotten and the
deleted material, e.g., by typing `I$}'.

c:/Users/TLP-001/Documents/GitHub/project3_docs/fitting/piecewise_analytic_formulas_template.tex:81: Missing $ inserted.
<inserted text> 
                $
l.81 \end{gather}
                 
I've inserted a begin-math/end-math symbol since I think
you left one out. Proceed, with fingers crossed.

c:/Users/TLP-001/Documents/GitHub/project3_docs/fitting/piecewise_analytic_formulas_template.tex:81: Missing $ inserted.
<inserted text> 
                $
l.81 \end{gather}
                 
I've inserted something that you may have forgotten.
(See the <inserted text> above.)
With luck, this will get me unwedged. But if you
really didn't forget anything, try typing `2' now; then
my insertion and my current dilemma will both disappear.

c:/Users/TLP-001/Documents/GitHub/project3_docs/fitting/piecewise_analytic_formulas_template.tex:81: Missing $ inserted.
<inserted text> 
                $
l.81 \end{gather}
                 
I've inserted a begin-math/end-math symbol since I think
you left one out. Proceed, with fingers crossed.

c:/Users/TLP-001/Documents/GitHub/project3_docs/fitting/piecewise_analytic_formulas_template.tex:81: Extra }, or forgotten $.
\frac  #1#2->{\begingroup #1\endgroup \@@over #2}
                                                 
l.81 \end{gather}
                 
I've deleted a group-closing symbol because it seems to be
spurious, as in `$x}$'. But perhaps the } is legitimate and
you forgot something else, as in `\hbox{$x}'. In such cases
the way to recover is to insert both the forgotten and the
deleted material, e.g., by typing `I$}'.

c:/Users/TLP-001/Documents/GitHub/project3_docs/fitting/piecewise_analytic_formulas_template.tex:81: Misplaced \cr.
\math@cr@@@ ->\cr 
                  
l.81 \end{gather}
                 
I can't figure out why you would want to use a tab mark
or \cr or \span just now. If something like a right brace
up above has ended a previous alignment prematurely,
you're probably due for more error messages, and you
might try typing `S' now just to see what is salvageable.

c:/Users/TLP-001/Documents/GitHub/project3_docs/fitting/piecewise_analytic_formulas_template.tex:81: Extra }, or forgotten $.
\gmeasure@ ...savetaglength@ \crcr #1\math@cr@@@ }
                                                  }\restorecounters@ \if@fle...
l.81 \end{gather}
                 
I've deleted a group-closing symbol because it seems to be
spurious, as in `$x}$'. But perhaps the } is legitimate and
you forgot something else, as in `\hbox{$x}'. In such cases
the way to recover is to insert both the forgotten and the
deleted material, e.g., by typing `I$}'.

c:/Users/TLP-001/Documents/GitHub/project3_docs/fitting/piecewise_analytic_formulas_template.tex:81: Extra }, or forgotten $.
\gmeasure@ ...avetaglength@ \crcr #1\math@cr@@@ }}
                                                  \restorecounters@ \if@fleq...
l.81 \end{gather}
                 
I've deleted a group-closing symbol because it seems to be
spurious, as in `$x}$'. But perhaps the } is legitimate and
you forgot something else, as in `\hbox{$x}'. In such cases
the way to recover is to insert both the forgotten and the
deleted material, e.g., by typing `I$}'.

c:/Users/TLP-001/Documents/GitHub/project3_docs/fitting/piecewise_analytic_formulas_template.tex:81: Missing $ inserted.
<inserted text> 
                $
l.81 \end{gather}
                 
I've inserted something that you may have forgotten.
(See the <inserted text> above.)
With luck, this will get me unwedged. But if you
really didn't forget anything, try typing `2' now; then
my insertion and my current dilemma will both disappear.

c:/Users/TLP-001/Documents/GitHub/project3_docs/fitting/piecewise_analytic_formulas_template.tex:81: Missing } inserted.
<inserted text> 
                }
l.81 \end{gather}
                 
I've inserted something that you may have forgotten.
(See the <inserted text> above.)
With luck, this will get me unwedged. But if you
really didn't forget anything, try typing `2' now; then
my insertion and my current dilemma will both disappear.

c:/Users/TLP-001/Documents/GitHub/project3_docs/fitting/piecewise_analytic_formulas_template.tex:81: Missing { inserted.
<to be read again> 
                   _
l.81 \end{gather}
                 
A left brace was mandatory here, so I've put one in.
You might want to delete and/or insert some corrections
so that I will find a matching right brace soon.
(If you're confused by all this, try typing `I}' now.)

c:/Users/TLP-001/Documents/GitHub/project3_docs/fitting/piecewise_analytic_formulas_template.tex:81: Double subscript.
<argument>  A = T_0 (rf)^\frac {1}{\beta } = __A_
                                                 VAL__ \\ B = \frac {16 \sig...
l.81 \end{gather}
                 
I treat `x_1_2' essentially like `x_1{}_2'.

c:/Users/TLP-001/Documents/GitHub/project3_docs/fitting/piecewise_analytic_formulas_template.tex:81: Missing { inserted.
<to be read again> 
                   _
l.81 \end{gather}
                 
A left brace was mandatory here, so I've put one in.
You might want to delete and/or insert some corrections
so that I will find a matching right brace soon.
(If you're confused by all this, try typing `I}' now.)

c:/Users/TLP-001/Documents/GitHub/project3_docs/fitting/piecewise_analytic_formulas_template.tex:81: Missing { inserted.
<to be read again> 
                   \let 
l.81 \end{gather}
                 
A left brace was mandatory here, so I've put one in.
You might want to delete and/or insert some corrections
so that I will find a matching right brace soon.
(If you're confused by all this, try typing `I}' now.)

c:/Users/TLP-001/Documents/GitHub/project3_docs/fitting/piecewise_analytic_formulas_template.tex:81: Missing { inserted.
<to be read again> 
                   _
l.81 \end{gather}
                 
A left brace was mandatory here, so I've put one in.
You might want to delete and/or insert some corrections
so that I will find a matching right brace soon.
(If you're confused by all this, try typing `I}' now.)

c:/Users/TLP-001/Documents/GitHub/project3_docs/fitting/piecewise_analytic_formulas_template.tex:81: Double subscript.
<argument> ...^{\frac {4+\alpha }{\beta }}} = __B_
                                                  VAL__ \\ n = \frac {4+\alp...
l.81 \end{gather}
                 
I treat `x_1_2' essentially like `x_1{}_2'.

c:/Users/TLP-001/Documents/GitHub/project3_docs/fitting/piecewise_analytic_formulas_template.tex:81: Missing { inserted.
<to be read again> 
                   _
l.81 \end{gather}
                 
A left brace was mandatory here, so I've put one in.
You might want to delete and/or insert some corrections
so that I will find a matching right brace soon.
(If you're confused by all this, try typing `I}' now.)

c:/Users/TLP-001/Documents/GitHub/project3_docs/fitting/piecewise_analytic_formulas_template.tex:81: Missing { inserted.
<to be read again> 
                   \let 
l.81 \end{gather}
                 
A left brace was mandatory here, so I've put one in.
You might want to delete and/or insert some corrections
so that I will find a matching right brace soon.
(If you're confused by all this, try typing `I}' now.)

c:/Users/TLP-001/Documents/GitHub/project3_docs/fitting/piecewise_analytic_formulas_template.tex:81: Misplaced \cr.
\math@cr@@@ ->\cr 
                  
l.81 \end{gather}
                 
I can't figure out why you would want to use a tab mark
or \cr or \span just now. If something like a right brace
up above has ended a previous alignment prematurely,
you're probably due for more error messages, and you
might try typing `S' now just to see what is salvageable.

c:/Users/TLP-001/Documents/GitHub/project3_docs/fitting/piecewise_analytic_formulas_template.tex:81: Misplaced \noalign.
\math@cr@@ ... \iffalse }\fi \math@cr@@@ \noalign 
                                                  {\vskip #1\relax }
l.81 \end{gather}
                 
I expect to see \noalign only after the \cr of
an alignment. Proceed, and I'll ignore this case.

c:/Users/TLP-001/Documents/GitHub/project3_docs/fitting/piecewise_analytic_formulas_template.tex:81: Missing $ inserted.
<inserted text> 
                $
l.81 \end{gather}
                 
I've inserted a begin-math/end-math symbol since I think
you left one out. Proceed, with fingers crossed.

c:/Users/TLP-001/Documents/GitHub/project3_docs/fitting/piecewise_analytic_formulas_template.tex:81: Missing } inserted.
<inserted text> 
                }
l.81 \end{gather}
                 
I've inserted something that you may have forgotten.
(See the <inserted text> above.)
With luck, this will get me unwedged. But if you
really didn't forget anything, try typing `2' now; then
my insertion and my current dilemma will both disappear.

c:/Users/TLP-001/Documents/GitHub/project3_docs/fitting/piecewise_analytic_formulas_template.tex:81: Missing } inserted.
<inserted text> 
                }
l.81 \end{gather}
                 
I've inserted something that you may have forgotten.
(See the <inserted text> above.)
With luck, this will get me unwedged. But if you
really didn't forget anything, try typing `2' now; then
my insertion and my current dilemma will both disappear.

c:/Users/TLP-001/Documents/GitHub/project3_docs/fitting/piecewise_analytic_formulas_template.tex:81: Missing } inserted.
<inserted text> 
                }
l.81 \end{gather}
                 
I've inserted something that you may have forgotten.
(See the <inserted text> above.)
With luck, this will get me unwedged. But if you
really didn't forget anything, try typing `2' now; then
my insertion and my current dilemma will both disappear.

c:/Users/TLP-001/Documents/GitHub/project3_docs/fitting/piecewise_analytic_formulas_template.tex:81: Missing } inserted.
<inserted text> 
                }
l.81 \end{gather}
                 
I've inserted something that you may have forgotten.
(See the <inserted text> above.)
With luck, this will get me unwedged. But if you
really didn't forget anything, try typing `2' now; then
my insertion and my current dilemma will both disappear.

c:/Users/TLP-001/Documents/GitHub/project3_docs/fitting/piecewise_analytic_formulas_template.tex:81: Missing } inserted.
<inserted text> 
                }
l.81 \end{gather}
                 
I've inserted something that you may have forgotten.
(See the <inserted text> above.)
With luck, this will get me unwedged. But if you
really didn't forget anything, try typing `2' now; then
my insertion and my current dilemma will both disappear.

c:/Users/TLP-001/Documents/GitHub/project3_docs/fitting/piecewise_analytic_formulas_template.tex:81: Missing } inserted.
<inserted text> 
                }
l.81 \end{gather}
                 
I've inserted something that you may have forgotten.
(See the <inserted text> above.)
With luck, this will get me unwedged. But if you
really didn't forget anything, try typing `2' now; then
my insertion and my current dilemma will both disappear.

c:/Users/TLP-001/Documents/GitHub/project3_docs/fitting/piecewise_analytic_formulas_template.tex:81: Missing } inserted.
<inserted text> 
                }
l.81 \end{gather}
                 
I've inserted something that you may have forgotten.
(See the <inserted text> above.)
With luck, this will get me unwedged. But if you
really didn't forget anything, try typing `2' now; then
my insertion and my current dilemma will both disappear.

c:/Users/TLP-001/Documents/GitHub/project3_docs/fitting/piecewise_analytic_formulas_template.tex:81: Missing } inserted.
<inserted text> 
                }
l.81 \end{gather}
                 
I've inserted something that you may have forgotten.
(See the <inserted text> above.)
With luck, this will get me unwedged. But if you
really didn't forget anything, try typing `2' now; then
my insertion and my current dilemma will both disappear.

c:/Users/TLP-001/Documents/GitHub/project3_docs/fitting/piecewise_analytic_formulas_template.tex:81: Missing } inserted.
<inserted text> 
                }
l.81 \end{gather}
                 
I've inserted something that you may have forgotten.
(See the <inserted text> above.)
With luck, this will get me unwedged. But if you
really didn't forget anything, try typing `2' now; then
my insertion and my current dilemma will both disappear.

c:/Users/TLP-001/Documents/GitHub/project3_docs/fitting/piecewise_analytic_formulas_template.tex:81: Missing } inserted.
<inserted text> 
                }
l.81 \end{gather}
                 
I've inserted something that you may have forgotten.
(See the <inserted text> above.)
With luck, this will get me unwedged. But if you
really didn't forget anything, try typing `2' now; then
my insertion and my current dilemma will both disappear.

c:/Users/TLP-001/Documents/GitHub/project3_docs/fitting/piecewise_analytic_formulas_template.tex:81: Missing \cr inserted.
<inserted text> 
                \cr 
l.81 \end{gather}
                 
I'm guessing that you meant to end an alignment here.

c:/Users/TLP-001/Documents/GitHub/project3_docs/fitting/piecewise_analytic_formulas_template.tex:81: Missing { inserted.
<inserted text> 
                {
l.81 \end{gather}
                 
I've put in what seems to be necessary to fix
the current column of the current alignment.
Try to go on, since this might almost work.

c:/Users/TLP-001/Documents/GitHub/project3_docs/fitting/piecewise_analytic_formulas_template.tex:81: Missing { inserted.
<inserted text> 
                {
l.81 \end{gather}
                 
I've put in what seems to be necessary to fix
the current column of the current alignment.
Try to go on, since this might almost work.

c:/Users/TLP-001/Documents/GitHub/project3_docs/fitting/piecewise_analytic_formulas_template.tex:81: Extra }, or forgotten $.
<recently read> }
                 
l.81 \end{gather}
                 
I've deleted a group-closing symbol because it seems to be
spurious, as in `$x}$'. But perhaps the } is legitimate and
you forgot something else, as in `\hbox{$x}'. In such cases
the way to recover is to insert both the forgotten and the
deleted material, e.g., by typing `I$}'.

c:/Users/TLP-001/Documents/GitHub/project3_docs/fitting/piecewise_analytic_formulas_template.tex:81: Missing number, treated as zero.
<to be read again> 
                   \relax 
l.81 \end{gather}
                 
A number should have been here; I inserted `0'.
(If you can't figure out why I needed to see a number,
look up `weird error' in the index to The TeXbook.)

c:/Users/TLP-001/Documents/GitHub/project3_docs/fitting/piecewise_analytic_formulas_template.tex:81: Illegal unit of measure (pt inserted).
<to be read again> 
                   \relax 
l.81 \end{gather}
                 
Dimensions can be in units of em, ex, in, pt, pc,
cm, mm, dd, cc, nd, nc, bp, or sp; but yours is a new one!
I'll assume that you meant to say pt, for printer's points.
To recover gracefully from this error, it's best to
delete the erroneous units; e.g., type `2' to delete
two letters. (See Chapter 27 of The TeXbook.)

c:/Users/TLP-001/Documents/GitHub/project3_docs/fitting/piecewise_analytic_formulas_template.tex:81: Missing $ inserted.
<inserted text> 
                $
l.81 \end{gather}
                 
I've inserted a begin-math/end-math symbol since I think
you left one out. Proceed, with fingers crossed.

c:/Users/TLP-001/Documents/GitHub/project3_docs/fitting/piecewise_analytic_formulas_template.tex:81: Missing } inserted.
<inserted text> 
                }
l.81 \end{gather}
                 
I've inserted something that you may have forgotten.
(See the <inserted text> above.)
With luck, this will get me unwedged. But if you
really didn't forget anything, try typing `2' now; then
my insertion and my current dilemma will both disappear.


Overfull \hbox (295.56859pt too wide) in alignment at lines 81--81
[] []
 []



[1

{C:/Users/TLP-001/AppData/Local/MiKTeX/fonts/map/pdftex/pdftex.map}]
c:/Users/TLP-001/Documents/GitHub/project3_docs/fitting/piecewise_analytic_formulas_template.tex:81: Too many }'s.
\math@cr@@ ...th@cr@@@ \noalign {\vskip #1\relax }
                                                  
l.81 \end{gather}
                 
You've closed more groups than you opened.
Such booboos are generally harmless, so keep going.

c:/Users/TLP-001/Documents/GitHub/project3_docs/fitting/piecewise_analytic_formulas_template.tex:81: Misplaced \noalign.
\black@ #1->\noalign 
                     {\ifdim #1>\displaywidth \dimen@ \prevdepth \nointerlin...
l.81 \end{gather}
                 
I expect to see \noalign only after the \cr of
an alignment. Proceed, and I'll ignore this case.


Overfull \hbox (113.33365pt too wide) detected at line 81
[]
 []

c:/Users/TLP-001/Documents/GitHub/project3_docs/fitting/piecewise_analytic_formulas_template.tex:81: Too many }'s.
\endgather ->\math@cr \black@ \totwidth@ \egroup 
                                                 \dollardollar@end \ignoresp...
l.81 \end{gather}
                 
You've closed more groups than you opened.
Such booboos are generally harmless, so keep going.


c:/Users/TLP-001/Documents/GitHub/project3_docs/fitting/piecewise_analytic_formulas_template.tex:81: LaTeX Error: \begin{document} ended by \end{gather}.

See the LaTeX manual or LaTeX Companion for explanation.
Type  H <return>  for immediate help.
 ...                                              
                                                  
l.81 \end{gather}
                 
Your command was ignored.
Type  I <command> <return>  to replace it with another command,
or  <return>  to continue without it.

c:/Users/TLP-001/Documents/GitHub/project3_docs/fitting/piecewise_analytic_formulas_template.tex:81: Missing $ inserted.
<inserted text> 
                $
l.81 \end{gather}
                 
I've inserted something that you may have forgotten.
(See the <inserted text> above.)
With luck, this will get me unwedged. But if you
really didn't forget anything, try typing `2' now; then
my insertion and my current dilemma will both disappear.

c:/Users/TLP-001/Documents/GitHub/project3_docs/fitting/piecewise_analytic_formulas_template.tex:81: Display math should end with $$.
<to be read again> 
                   \endgroup 
l.81 \end{gather}
                 
The `$' that I just saw supposedly matches a previous `$$'.
So I shall assume that you typed `$$' both times.

c:/Users/TLP-001/Documents/GitHub/project3_docs/fitting/piecewise_analytic_formulas_template.tex:81: Extra \endgroup.
<recently read> \endgroup 
                          
l.81 \end{gather}
                 
Things are pretty mixed up, but I think the worst is over.

c:/Users/TLP-001/Documents/GitHub/project3_docs/fitting/piecewise_analytic_formulas_template.tex:124: Missing { inserted.
<to be read again> 
                   _
l.124 ...ta - 4 - \alpha}{2 + \lambda - 2\mu} = __
                                                  A_V_FRAC__
A left brace was mandatory here, so I've put one in.
You might want to delete and/or insert some corrections
so that I will find a matching right brace soon.
(If you're confused by all this, try typing `I}' now.)

c:/Users/TLP-001/Documents/GitHub/project3_docs/fitting/piecewise_analytic_formulas_template.tex:124: Double subscript.
l.124 ... - 4 - \alpha}{2 + \lambda - 2\mu} = __A_
                                                  V_FRAC__
I treat `x_1_2' essentially like `x_1{}_2'.

c:/Users/TLP-001/Documents/GitHub/project3_docs/fitting/piecewise_analytic_formulas_template.tex:124: Double subscript.
l.124 ... 4 - \alpha}{2 + \lambda - 2\mu} = __A_V_
                                                  FRAC__
I treat `x_1_2' essentially like `x_1{}_2'.

c:/Users/TLP-001/Documents/GitHub/project3_docs/fitting/piecewise_analytic_formulas_template.tex:124: Missing { inserted.
<to be read again> 
                   _
l.124 ...alpha}{2 + \lambda - 2\mu} = __A_V_FRAC__
                                                  
A left brace was mandatory here, so I've put one in.
You might want to delete and/or insert some corrections
so that I will find a matching right brace soon.
(If you're confused by all this, try typing `I}' now.)

c:/Users/TLP-001/Documents/GitHub/project3_docs/fitting/piecewise_analytic_formulas_template.tex:125: Missing { inserted.
<to be read again> 
                   \gdef 
l.125 \end{equation}
                    
A left brace was mandatory here, so I've put one in.
You might want to delete and/or insert some corrections
so that I will find a matching right brace soon.
(If you're confused by all this, try typing `I}' now.)

c:/Users/TLP-001/Documents/GitHub/project3_docs/fitting/piecewise_analytic_formulas_template.tex:125: You can't use `\eqno' in math mode.
\veqno ->\@kernel@eqno 
                       \aftergroup \ignorespaces 
l.125 \end{equation}
                    
Sorry, but I'm not programmed to handle this case;
I'll just pretend that you didn't ask for it.
If you're in the wrong mode, you might be able to
return to the right one by typing `I}' or `I$' or `I\par'.

c:/Users/TLP-001/Documents/GitHub/project3_docs/fitting/piecewise_analytic_formulas_template.tex:125: Missing } inserted.
<inserted text> 
                }
l.125 \end{equation}
                    
I've inserted something that you may have forgotten.
(See the <inserted text> above.)
With luck, this will get me unwedged. But if you
really didn't forget anything, try typing `2' now; then
my insertion and my current dilemma will both disappear.

c:/Users/TLP-001/Documents/GitHub/project3_docs/fitting/piecewise_analytic_formulas_template.tex:125: Missing } inserted.
<inserted text> 
                }
l.125 \end{equation}
                    
I've inserted something that you may have forgotten.
(See the <inserted text> above.)
With luck, this will get me unwedged. But if you
really didn't forget anything, try typing `2' now; then
my insertion and my current dilemma will both disappear.

c:/Users/TLP-001/Documents/GitHub/project3_docs/fitting/piecewise_analytic_formulas_template.tex:125: Missing } inserted.
<inserted text> 
                }
l.125 \end{equation}
                    
I've inserted something that you may have forgotten.
(See the <inserted text> above.)
With luck, this will get me unwedged. But if you
really didn't forget anything, try typing `2' now; then
my insertion and my current dilemma will both disappear.

c:/Users/TLP-001/Documents/GitHub/project3_docs/fitting/piecewise_analytic_formulas_template.tex:128: Missing { inserted.
<to be read again> 
                   _
l.128 b_v = \frac{-1}{2 + \lambda - 2\mu} = __
                                              B_V_FRAC__
A left brace was mandatory here, so I've put one in.
You might want to delete and/or insert some corrections
so that I will find a matching right brace soon.
(If you're confused by all this, try typing `I}' now.)

c:/Users/TLP-001/Documents/GitHub/project3_docs/fitting/piecewise_analytic_formulas_template.tex:128: Double subscript.
l.128 b_v = \frac{-1}{2 + \lambda - 2\mu} = __B_
                                                V_FRAC__
I treat `x_1_2' essentially like `x_1{}_2'.

c:/Users/TLP-001/Documents/GitHub/project3_docs/fitting/piecewise_analytic_formulas_template.tex:128: Double subscript.
l.128 b_v = \frac{-1}{2 + \lambda - 2\mu} = __B_V_
                                                  FRAC__
I treat `x_1_2' essentially like `x_1{}_2'.

c:/Users/TLP-001/Documents/GitHub/project3_docs/fitting/piecewise_analytic_formulas_template.tex:128: Missing { inserted.
<to be read again> 
                   _
l.128 ...ac{-1}{2 + \lambda - 2\mu} = __B_V_FRAC__
                                                  
A left brace was mandatory here, so I've put one in.
You might want to delete and/or insert some corrections
so that I will find a matching right brace soon.
(If you're confused by all this, try typing `I}' now.)

c:/Users/TLP-001/Documents/GitHub/project3_docs/fitting/piecewise_analytic_formulas_template.tex:129: Missing { inserted.
<to be read again> 
                   \gdef 
l.129 \end{equation}
                    
A left brace was mandatory here, so I've put one in.
You might want to delete and/or insert some corrections
so that I will find a matching right brace soon.
(If you're confused by all this, try typing `I}' now.)

c:/Users/TLP-001/Documents/GitHub/project3_docs/fitting/piecewise_analytic_formulas_template.tex:129: You can't use `\eqno' in math mode.
\veqno ->\@kernel@eqno 
                       \aftergroup \ignorespaces 
l.129 \end{equation}
                    
Sorry, but I'm not programmed to handle this case;
I'll just pretend that you didn't ask for it.
If you're in the wrong mode, you might be able to
return to the right one by typing `I}' or `I$' or `I\par'.

c:/Users/TLP-001/Documents/GitHub/project3_docs/fitting/piecewise_analytic_formulas_template.tex:129: Missing } inserted.
<inserted text> 
                }
l.129 \end{equation}
                    
I've inserted something that you may have forgotten.
(See the <inserted text> above.)
With luck, this will get me unwedged. But if you
really didn't forget anything, try typing `2' now; then
my insertion and my current dilemma will both disappear.

c:/Users/TLP-001/Documents/GitHub/project3_docs/fitting/piecewise_analytic_formulas_template.tex:129: Missing } inserted.
<inserted text> 
                }
l.129 \end{equation}
                    
I've inserted something that you may have forgotten.
(See the <inserted text> above.)
With luck, this will get me unwedged. But if you
really didn't forget anything, try typing `2' now; then
my insertion and my current dilemma will both disappear.

c:/Users/TLP-001/Documents/GitHub/project3_docs/fitting/piecewise_analytic_formulas_template.tex:129: Missing } inserted.
<inserted text> 
                }
l.129 \end{equation}
                    
I've inserted something that you may have forgotten.
(See the <inserted text> above.)
With luck, this will get me unwedged. But if you
really didn't forget anything, try typing `2' now; then
my insertion and my current dilemma will both disappear.

c:/Users/TLP-001/Documents/GitHub/project3_docs/fitting/piecewise_analytic_formulas_template.tex:132: Missing { inserted.
<to be read again> 
                   _
l.132 ...alpha - 2\beta)}{2 + \lambda - 2\mu} = __
                                                  C_V_FRAC__
A left brace was mandatory here, so I've put one in.
You might want to delete and/or insert some corrections
so that I will find a matching right brace soon.
(If you're confused by all this, try typing `I}' now.)

c:/Users/TLP-001/Documents/GitHub/project3_docs/fitting/piecewise_analytic_formulas_template.tex:132: Double subscript.
l.132 ...pha - 2\beta)}{2 + \lambda - 2\mu} = __C_
                                                  V_FRAC__
I treat `x_1_2' essentially like `x_1{}_2'.

c:/Users/TLP-001/Documents/GitHub/project3_docs/fitting/piecewise_analytic_formulas_template.tex:132: Double subscript.
l.132 ...a - 2\beta)}{2 + \lambda - 2\mu} = __C_V_
                                                  FRAC__
I treat `x_1_2' essentially like `x_1{}_2'.

c:/Users/TLP-001/Documents/GitHub/project3_docs/fitting/piecewise_analytic_formulas_template.tex:132: Missing { inserted.
<to be read again> 
                   _
l.132 ...beta)}{2 + \lambda - 2\mu} = __C_V_FRAC__
                                                  
A left brace was mandatory here, so I've put one in.
You might want to delete and/or insert some corrections
so that I will find a matching right brace soon.
(If you're confused by all this, try typing `I}' now.)

c:/Users/TLP-001/Documents/GitHub/project3_docs/fitting/piecewise_analytic_formulas_template.tex:133: Missing { inserted.
<to be read again> 
                   \gdef 
l.133 \end{equation}
                    
A left brace was mandatory here, so I've put one in.
You might want to delete and/or insert some corrections
so that I will find a matching right brace soon.
(If you're confused by all this, try typing `I}' now.)

c:/Users/TLP-001/Documents/GitHub/project3_docs/fitting/piecewise_analytic_formulas_template.tex:133: You can't use `\eqno' in math mode.
\veqno ->\@kernel@eqno 
                       \aftergroup \ignorespaces 
l.133 \end{equation}
                    
Sorry, but I'm not programmed to handle this case;
I'll just pretend that you didn't ask for it.
If you're in the wrong mode, you might be able to
return to the right one by typing `I}' or `I$' or `I\par'.

c:/Users/TLP-001/Documents/GitHub/project3_docs/fitting/piecewise_analytic_formulas_template.tex:133: Missing } inserted.
<inserted text> 
                }
l.133 \end{equation}
                    
I've inserted something that you may have forgotten.
(See the <inserted text> above.)
With luck, this will get me unwedged. But if you
really didn't forget anything, try typing `2' now; then
my insertion and my current dilemma will both disappear.

c:/Users/TLP-001/Documents/GitHub/project3_docs/fitting/piecewise_analytic_formulas_template.tex:133: Missing } inserted.
<inserted text> 
                }
l.133 \end{equation}
                    
I've inserted something that you may have forgotten.
(See the <inserted text> above.)
With luck, this will get me unwedged. But if you
really didn't forget anything, try typing `2' now; then
my insertion and my current dilemma will both disappear.

c:/Users/TLP-001/Documents/GitHub/project3_docs/fitting/piecewise_analytic_formulas_template.tex:133: Missing } inserted.
<inserted text> 
                }
l.133 \end{equation}
                    
I've inserted something that you may have forgotten.
(See the <inserted text> above.)
With luck, this will get me unwedged. But if you
really didn't forget anything, try typing `2' now; then
my insertion and my current dilemma will both disappear.

c:/Users/TLP-001/Documents/GitHub/project3_docs/fitting/piecewise_analytic_formulas_template.tex:137: Missing { inserted.
<to be read again> 
                   _
l.137 ...mu(4 + \alpha)}{4 + 2\lambda - 4\mu} = __
                                                  A_U_FRAC__
A left brace was mandatory here, so I've put one in.
You might want to delete and/or insert some corrections
so that I will find a matching right brace soon.
(If you're confused by all this, try typing `I}' now.)

c:/Users/TLP-001/Documents/GitHub/project3_docs/fitting/piecewise_analytic_formulas_template.tex:137: Double subscript.
l.137 ...(4 + \alpha)}{4 + 2\lambda - 4\mu} = __A_
                                                  U_FRAC__
I treat `x_1_2' essentially like `x_1{}_2'.

c:/Users/TLP-001/Documents/GitHub/project3_docs/fitting/piecewise_analytic_formulas_template.tex:137: Double subscript.
l.137 ... + \alpha)}{4 + 2\lambda - 4\mu} = __A_U_
                                                  FRAC__
I treat `x_1_2' essentially like `x_1{}_2'.

c:/Users/TLP-001/Documents/GitHub/project3_docs/fitting/piecewise_analytic_formulas_template.tex:137: Missing { inserted.
<to be read again> 
                   _
l.137 ...pha)}{4 + 2\lambda - 4\mu} = __A_U_FRAC__
                                                  
A left brace was mandatory here, so I've put one in.
You might want to delete and/or insert some corrections
so that I will find a matching right brace soon.
(If you're confused by all this, try typing `I}' now.)

c:/Users/TLP-001/Documents/GitHub/project3_docs/fitting/piecewise_analytic_formulas_template.tex:138: Missing { inserted.
<to be read again> 
                   \gdef 
l.138 \end{equation}
                    
A left brace was mandatory here, so I've put one in.
You might want to delete and/or insert some corrections
so that I will find a matching right brace soon.
(If you're confused by all this, try typing `I}' now.)

c:/Users/TLP-001/Documents/GitHub/project3_docs/fitting/piecewise_analytic_formulas_template.tex:138: You can't use `\eqno' in math mode.
\veqno ->\@kernel@eqno 
                       \aftergroup \ignorespaces 
l.138 \end{equation}
                    
Sorry, but I'm not programmed to handle this case;
I'll just pretend that you didn't ask for it.
If you're in the wrong mode, you might be able to
return to the right one by typing `I}' or `I$' or `I\par'.

c:/Users/TLP-001/Documents/GitHub/project3_docs/fitting/piecewise_analytic_formulas_template.tex:138: Missing } inserted.
<inserted text> 
                }
l.138 \end{equation}
                    
I've inserted something that you may have forgotten.
(See the <inserted text> above.)
With luck, this will get me unwedged. But if you
really didn't forget anything, try typing `2' now; then
my insertion and my current dilemma will both disappear.

c:/Users/TLP-001/Documents/GitHub/project3_docs/fitting/piecewise_analytic_formulas_template.tex:138: Missing } inserted.
<inserted text> 
                }
l.138 \end{equation}
                    
I've inserted something that you may have forgotten.
(See the <inserted text> above.)
With luck, this will get me unwedged. But if you
really didn't forget anything, try typing `2' now; then
my insertion and my current dilemma will both disappear.

c:/Users/TLP-001/Documents/GitHub/project3_docs/fitting/piecewise_analytic_formulas_template.tex:138: Missing } inserted.
<inserted text> 
                }
l.138 \end{equation}
                    
I've inserted something that you may have forgotten.
(See the <inserted text> above.)
With luck, this will get me unwedged. But if you
really didn't forget anything, try typing `2' now; then
my insertion and my current dilemma will both disappear.

c:/Users/TLP-001/Documents/GitHub/project3_docs/fitting/piecewise_analytic_formulas_template.tex:141: Missing { inserted.
<to be read again> 
                   _
l.141 b_u = \frac{-mu}{4 + 2\lambda - 4\mu} = __
                                                B_U_FRAC__
A left brace was mandatory here, so I've put one in.
You might want to delete and/or insert some corrections
so that I will find a matching right brace soon.
(If you're confused by all this, try typing `I}' now.)

c:/Users/TLP-001/Documents/GitHub/project3_docs/fitting/piecewise_analytic_formulas_template.tex:141: Double subscript.
l.141 b_u = \frac{-mu}{4 + 2\lambda - 4\mu} = __B_
                                                  U_FRAC__
I treat `x_1_2' essentially like `x_1{}_2'.

c:/Users/TLP-001/Documents/GitHub/project3_docs/fitting/piecewise_analytic_formulas_template.tex:141: Double subscript.
l.141 ... \frac{-mu}{4 + 2\lambda - 4\mu} = __B_U_
                                                  FRAC__
I treat `x_1_2' essentially like `x_1{}_2'.

c:/Users/TLP-001/Documents/GitHub/project3_docs/fitting/piecewise_analytic_formulas_template.tex:141: Missing { inserted.
<to be read again> 
                   _
l.141 ...{-mu}{4 + 2\lambda - 4\mu} = __B_U_FRAC__
                                                  
A left brace was mandatory here, so I've put one in.
You might want to delete and/or insert some corrections
so that I will find a matching right brace soon.
(If you're confused by all this, try typing `I}' now.)

c:/Users/TLP-001/Documents/GitHub/project3_docs/fitting/piecewise_analytic_formulas_template.tex:142: Missing { inserted.
<to be read again> 
                   \gdef 
l.142 \end{equation}
                    
A left brace was mandatory here, so I've put one in.
You might want to delete and/or insert some corrections
so that I will find a matching right brace soon.
(If you're confused by all this, try typing `I}' now.)

c:/Users/TLP-001/Documents/GitHub/project3_docs/fitting/piecewise_analytic_formulas_template.tex:142: You can't use `\eqno' in math mode.
\veqno ->\@kernel@eqno 
                       \aftergroup \ignorespaces 
l.142 \end{equation}
                    
Sorry, but I'm not programmed to handle this case;
I'll just pretend that you didn't ask for it.
If you're in the wrong mode, you might be able to
return to the right one by typing `I}' or `I$' or `I\par'.

c:/Users/TLP-001/Documents/GitHub/project3_docs/fitting/piecewise_analytic_formulas_template.tex:142: Missing } inserted.
<inserted text> 
                }
l.142 \end{equation}
                    
I've inserted something that you may have forgotten.
(See the <inserted text> above.)
With luck, this will get me unwedged. But if you
really didn't forget anything, try typing `2' now; then
my insertion and my current dilemma will both disappear.

c:/Users/TLP-001/Documents/GitHub/project3_docs/fitting/piecewise_analytic_formulas_template.tex:142: Missing } inserted.
<inserted text> 
                }
l.142 \end{equation}
                    
I've inserted something that you may have forgotten.
(See the <inserted text> above.)
With luck, this will get me unwedged. But if you
really didn't forget anything, try typing `2' now; then
my insertion and my current dilemma will both disappear.

c:/Users/TLP-001/Documents/GitHub/project3_docs/fitting/piecewise_analytic_formulas_template.tex:142: Missing } inserted.
<inserted text> 
                }
l.142 \end{equation}
                    
I've inserted something that you may have forgotten.
(See the <inserted text> above.)
With luck, this will get me unwedged. But if you
really didn't forget anything, try typing `2' now; then
my insertion and my current dilemma will both disappear.

c:/Users/TLP-001/Documents/GitHub/project3_docs/fitting/piecewise_analytic_formulas_template.tex:145: Missing { inserted.
<to be read again> 
                   _
l.145 ...)\right) + \mu}{4 + 2\lambda - 4\mu} = __
                                                  C_U_FRAC__
A left brace was mandatory here, so I've put one in.
You might want to delete and/or insert some corrections
so that I will find a matching right brace soon.
(If you're confused by all this, try typing `I}' now.)

c:/Users/TLP-001/Documents/GitHub/project3_docs/fitting/piecewise_analytic_formulas_template.tex:145: Double subscript.
l.145 ...right) + \mu}{4 + 2\lambda - 4\mu} = __C_
                                                  U_FRAC__
I treat `x_1_2' essentially like `x_1{}_2'.

c:/Users/TLP-001/Documents/GitHub/project3_docs/fitting/piecewise_analytic_formulas_template.tex:145: Double subscript.
l.145 ...ght) + \mu}{4 + 2\lambda - 4\mu} = __C_U_
                                                  FRAC__
I treat `x_1_2' essentially like `x_1{}_2'.

c:/Users/TLP-001/Documents/GitHub/project3_docs/fitting/piecewise_analytic_formulas_template.tex:145: Missing { inserted.
<to be read again> 
                   _
l.145 ... \mu}{4 + 2\lambda - 4\mu} = __C_U_FRAC__
                                                  
A left brace was mandatory here, so I've put one in.
You might want to delete and/or insert some corrections
so that I will find a matching right brace soon.
(If you're confused by all this, try typing `I}' now.)

c:/Users/TLP-001/Documents/GitHub/project3_docs/fitting/piecewise_analytic_formulas_template.tex:146: Missing { inserted.
<to be read again> 
                   \gdef 
l.146 \end{equation}
                    
A left brace was mandatory here, so I've put one in.
You might want to delete and/or insert some corrections
so that I will find a matching right brace soon.
(If you're confused by all this, try typing `I}' now.)

c:/Users/TLP-001/Documents/GitHub/project3_docs/fitting/piecewise_analytic_formulas_template.tex:146: You can't use `\eqno' in math mode.
\veqno ->\@kernel@eqno 
                       \aftergroup \ignorespaces 
l.146 \end{equation}
                    
Sorry, but I'm not programmed to handle this case;
I'll just pretend that you didn't ask for it.
If you're in the wrong mode, you might be able to
return to the right one by typing `I}' or `I$' or `I\par'.

c:/Users/TLP-001/Documents/GitHub/project3_docs/fitting/piecewise_analytic_formulas_template.tex:146: Missing } inserted.
<inserted text> 
                }
l.146 \end{equation}
                    
I've inserted something that you may have forgotten.
(See the <inserted text> above.)
With luck, this will get me unwedged. But if you
really didn't forget anything, try typing `2' now; then
my insertion and my current dilemma will both disappear.

c:/Users/TLP-001/Documents/GitHub/project3_docs/fitting/piecewise_analytic_formulas_template.tex:146: Missing } inserted.
<inserted text> 
                }
l.146 \end{equation}
                    
I've inserted something that you may have forgotten.
(See the <inserted text> above.)
With luck, this will get me unwedged. But if you
really didn't forget anything, try typing `2' now; then
my insertion and my current dilemma will both disappear.

c:/Users/TLP-001/Documents/GitHub/project3_docs/fitting/piecewise_analytic_formulas_template.tex:146: Missing } inserted.
<inserted text> 
                }
l.146 \end{equation}
                    
I've inserted something that you may have forgotten.
(See the <inserted text> above.)
With luck, this will get me unwedged. But if you
really didn't forget anything, try typing `2' now; then
my insertion and my current dilemma will both disappear.

c:/Users/TLP-001/Documents/GitHub/project3_docs/fitting/piecewise_analytic_formulas_template.tex:150: Missing { inserted.
<to be read again> 
                   _
l.150 ...\mu(4 + \alpha)}{2 + \lambda - 2\mu} = __
                                                  A_P_FRAC__
A left brace was mandatory here, so I've put one in.
You might want to delete and/or insert some corrections
so that I will find a matching right brace soon.
(If you're confused by all this, try typing `I}' now.)

c:/Users/TLP-001/Documents/GitHub/project3_docs/fitting/piecewise_analytic_formulas_template.tex:150: Double subscript.
l.150 ...u(4 + \alpha)}{2 + \lambda - 2\mu} = __A_
                                                  P_FRAC__
I treat `x_1_2' essentially like `x_1{}_2'.

c:/Users/TLP-001/Documents/GitHub/project3_docs/fitting/piecewise_analytic_formulas_template.tex:150: Double subscript.
l.150 ...4 + \alpha)}{2 + \lambda - 2\mu} = __A_P_
                                                  FRAC__
I treat `x_1_2' essentially like `x_1{}_2'.

c:/Users/TLP-001/Documents/GitHub/project3_docs/fitting/piecewise_analytic_formulas_template.tex:150: Missing { inserted.
<to be read again> 
                   _
l.150 ...lpha)}{2 + \lambda - 2\mu} = __A_P_FRAC__
                                                  
A left brace was mandatory here, so I've put one in.
You might want to delete and/or insert some corrections
so that I will find a matching right brace soon.
(If you're confused by all this, try typing `I}' now.)

c:/Users/TLP-001/Documents/GitHub/project3_docs/fitting/piecewise_analytic_formulas_template.tex:151: Missing { inserted.
<to be read again> 
                   \gdef 
l.151 \end{equation}
                    
A left brace was mandatory here, so I've put one in.
You might want to delete and/or insert some corrections
so that I will find a matching right brace soon.
(If you're confused by all this, try typing `I}' now.)

c:/Users/TLP-001/Documents/GitHub/project3_docs/fitting/piecewise_analytic_formulas_template.tex:151: You can't use `\eqno' in math mode.
\veqno ->\@kernel@eqno 
                       \aftergroup \ignorespaces 
l.151 \end{equation}
                    
Sorry, but I'm not programmed to handle this case;
I'll just pretend that you didn't ask for it.
If you're in the wrong mode, you might be able to
return to the right one by typing `I}' or `I$' or `I\par'.

c:/Users/TLP-001/Documents/GitHub/project3_docs/fitting/piecewise_analytic_formulas_template.tex:151: Missing } inserted.
<inserted text> 
                }
l.151 \end{equation}
                    
I've inserted something that you may have forgotten.
(See the <inserted text> above.)
With luck, this will get me unwedged. But if you
really didn't forget anything, try typing `2' now; then
my insertion and my current dilemma will both disappear.

c:/Users/TLP-001/Documents/GitHub/project3_docs/fitting/piecewise_analytic_formulas_template.tex:151: Missing } inserted.
<inserted text> 
                }
l.151 \end{equation}
                    
I've inserted something that you may have forgotten.
(See the <inserted text> above.)
With luck, this will get me unwedged. But if you
really didn't forget anything, try typing `2' now; then
my insertion and my current dilemma will both disappear.

c:/Users/TLP-001/Documents/GitHub/project3_docs/fitting/piecewise_analytic_formulas_template.tex:151: Missing } inserted.
<inserted text> 
                }
l.151 \end{equation}
                    
I've inserted something that you may have forgotten.
(See the <inserted text> above.)
With luck, this will get me unwedged. But if you
really didn't forget anything, try typing `2' now; then
my insertion and my current dilemma will both disappear.



[2]
c:/Users/TLP-001/Documents/GitHub/project3_docs/fitting/piecewise_analytic_formulas_template.tex:154: Missing { inserted.
<to be read again> 
                   _
l.154 ...= \frac{1 - \mu}{2 + \lambda - 2\mu} = __
                                                  B_P_FRAC__
A left brace was mandatory here, so I've put one in.
You might want to delete and/or insert some corrections
so that I will find a matching right brace soon.
(If you're confused by all this, try typing `I}' now.)

c:/Users/TLP-001/Documents/GitHub/project3_docs/fitting/piecewise_analytic_formulas_template.tex:154: Double subscript.
l.154 ...\frac{1 - \mu}{2 + \lambda - 2\mu} = __B_
                                                  P_FRAC__
I treat `x_1_2' essentially like `x_1{}_2'.

c:/Users/TLP-001/Documents/GitHub/project3_docs/fitting/piecewise_analytic_formulas_template.tex:154: Double subscript.
l.154 ...rac{1 - \mu}{2 + \lambda - 2\mu} = __B_P_
                                                  FRAC__
I treat `x_1_2' essentially like `x_1{}_2'.

c:/Users/TLP-001/Documents/GitHub/project3_docs/fitting/piecewise_analytic_formulas_template.tex:154: Missing { inserted.
<to be read again> 
                   _
l.154 ...- \mu}{2 + \lambda - 2\mu} = __B_P_FRAC__
                                                  
A left brace was mandatory here, so I've put one in.
You might want to delete and/or insert some corrections
so that I will find a matching right brace soon.
(If you're confused by all this, try typing `I}' now.)

c:/Users/TLP-001/Documents/GitHub/project3_docs/fitting/piecewise_analytic_formulas_template.tex:155: Missing { inserted.
<to be read again> 
                   \gdef 
l.155 \end{equation}
                    
A left brace was mandatory here, so I've put one in.
You might want to delete and/or insert some corrections
so that I will find a matching right brace soon.
(If you're confused by all this, try typing `I}' now.)

c:/Users/TLP-001/Documents/GitHub/project3_docs/fitting/piecewise_analytic_formulas_template.tex:155: You can't use `\eqno' in math mode.
\veqno ->\@kernel@eqno 
                       \aftergroup \ignorespaces 
l.155 \end{equation}
                    
Sorry, but I'm not programmed to handle this case;
I'll just pretend that you didn't ask for it.
If you're in the wrong mode, you might be able to
return to the right one by typing `I}' or `I$' or `I\par'.

c:/Users/TLP-001/Documents/GitHub/project3_docs/fitting/piecewise_analytic_formulas_template.tex:155: Missing } inserted.
<inserted text> 
                }
l.155 \end{equation}
                    
I've inserted something that you may have forgotten.
(See the <inserted text> above.)
With luck, this will get me unwedged. But if you
really didn't forget anything, try typing `2' now; then
my insertion and my current dilemma will both disappear.

c:/Users/TLP-001/Documents/GitHub/project3_docs/fitting/piecewise_analytic_formulas_template.tex:155: Missing } inserted.
<inserted text> 
                }
l.155 \end{equation}
                    
I've inserted something that you may have forgotten.
(See the <inserted text> above.)
With luck, this will get me unwedged. But if you
really didn't forget anything, try typing `2' now; then
my insertion and my current dilemma will both disappear.

c:/Users/TLP-001/Documents/GitHub/project3_docs/fitting/piecewise_analytic_formulas_template.tex:155: Missing } inserted.
<inserted text> 
                }
l.155 \end{equation}
                    
I've inserted something that you may have forgotten.
(See the <inserted text> above.)
With luck, this will get me unwedged. But if you
really didn't forget anything, try typing `2' now; then
my insertion and my current dilemma will both disappear.

c:/Users/TLP-001/Documents/GitHub/project3_docs/fitting/piecewise_analytic_formulas_template.tex:158: Missing { inserted.
<to be read again> 
                   _
l.158 ...ight) + \mu - 1}{2 + \lambda - 2\mu} = __
                                                  C_P_FRAC__
A left brace was mandatory here, so I've put one in.
You might want to delete and/or insert some corrections
so that I will find a matching right brace soon.
(If you're confused by all this, try typing `I}' now.)

c:/Users/TLP-001/Documents/GitHub/project3_docs/fitting/piecewise_analytic_formulas_template.tex:158: Double subscript.
l.158 ...ht) + \mu - 1}{2 + \lambda - 2\mu} = __C_
                                                  P_FRAC__
I treat `x_1_2' essentially like `x_1{}_2'.

c:/Users/TLP-001/Documents/GitHub/project3_docs/fitting/piecewise_analytic_formulas_template.tex:158: Double subscript.
l.158 ...) + \mu - 1}{2 + \lambda - 2\mu} = __C_P_
                                                  FRAC__
I treat `x_1_2' essentially like `x_1{}_2'.

c:/Users/TLP-001/Documents/GitHub/project3_docs/fitting/piecewise_analytic_formulas_template.tex:158: Missing { inserted.
<to be read again> 
                   _
l.158 ...u - 1}{2 + \lambda - 2\mu} = __C_P_FRAC__
                                                  
A left brace was mandatory here, so I've put one in.
You might want to delete and/or insert some corrections
so that I will find a matching right brace soon.
(If you're confused by all this, try typing `I}' now.)

c:/Users/TLP-001/Documents/GitHub/project3_docs/fitting/piecewise_analytic_formulas_template.tex:159: Missing { inserted.
<to be read again> 
                   \gdef 
l.159 \end{equation}
                    
A left brace was mandatory here, so I've put one in.
You might want to delete and/or insert some corrections
so that I will find a matching right brace soon.
(If you're confused by all this, try typing `I}' now.)

c:/Users/TLP-001/Documents/GitHub/project3_docs/fitting/piecewise_analytic_formulas_template.tex:159: You can't use `\eqno' in math mode.
\veqno ->\@kernel@eqno 
                       \aftergroup \ignorespaces 
l.159 \end{equation}
                    
Sorry, but I'm not programmed to handle this case;
I'll just pretend that you didn't ask for it.
If you're in the wrong mode, you might be able to
return to the right one by typing `I}' or `I$' or `I\par'.

c:/Users/TLP-001/Documents/GitHub/project3_docs/fitting/piecewise_analytic_formulas_template.tex:159: Missing } inserted.
<inserted text> 
                }
l.159 \end{equation}
                    
I've inserted something that you may have forgotten.
(See the <inserted text> above.)
With luck, this will get me unwedged. But if you
really didn't forget anything, try typing `2' now; then
my insertion and my current dilemma will both disappear.

c:/Users/TLP-001/Documents/GitHub/project3_docs/fitting/piecewise_analytic_formulas_template.tex:159: Missing } inserted.
<inserted text> 
                }
l.159 \end{equation}
                    
I've inserted something that you may have forgotten.
(See the <inserted text> above.)
With luck, this will get me unwedged. But if you
really didn't forget anything, try typing `2' now; then
my insertion and my current dilemma will both disappear.

c:/Users/TLP-001/Documents/GitHub/project3_docs/fitting/piecewise_analytic_formulas_template.tex:159: Missing } inserted.
<inserted text> 
                }
l.159 \end{equation}
                    
I've inserted something that you may have forgotten.
(See the <inserted text> above.)
With luck, this will get me unwedged. But if you
really didn't forget anything, try typing `2' now; then
my insertion and my current dilemma will both disappear.

c:/Users/TLP-001/Documents/GitHub/project3_docs/fitting/piecewise_analytic_formulas_template.tex:166: Missing { inserted.
<to be read again> 
                   _
l.166 \end{gather}
                  
A left brace was mandatory here, so I've put one in.
You might want to delete and/or insert some corrections
so that I will find a matching right brace soon.
(If you're confused by all this, try typing `I}' now.)

c:/Users/TLP-001/Documents/GitHub/project3_docs/fitting/piecewise_analytic_formulas_template.tex:166: Double subscript.
<argument> ..._f A^{-a} B^{-b} t^{-c} \approx __M_
                                                  F_SCALE__ \left (\frac {t}...
l.166 \end{gather}
                  
I treat `x_1_2' essentially like `x_1{}_2'.

c:/Users/TLP-001/Documents/GitHub/project3_docs/fitting/piecewise_analytic_formulas_template.tex:166: Double subscript.
<argument> ... A^{-a} B^{-b} t^{-c} \approx __M_F_
                                                  SCALE__ \left (\frac {t}{\...
l.166 \end{gather}
                  
I treat `x_1_2' essentially like `x_1{}_2'.

c:/Users/TLP-001/Documents/GitHub/project3_docs/fitting/piecewise_analytic_formulas_template.tex:166: Missing { inserted.
<to be read again> 
                   _
l.166 \end{gather}
                  
A left brace was mandatory here, so I've put one in.
You might want to delete and/or insert some corrections
so that I will find a matching right brace soon.
(If you're confused by all this, try typing `I}' now.)

c:/Users/TLP-001/Documents/GitHub/project3_docs/fitting/piecewise_analytic_formulas_template.tex:166: Missing { inserted.
<to be read again> 
                   \left 
l.166 \end{gather}
                  
A left brace was mandatory here, so I've put one in.
You might want to delete and/or insert some corrections
so that I will find a matching right brace soon.
(If you're confused by all this, try typing `I}' now.)

c:/Users/TLP-001/Documents/GitHub/project3_docs/fitting/piecewise_analytic_formulas_template.tex:166: Misplaced alignment tab character &.
\math@cr@@@ ->\ifst@rred \nonumber \fi &
                                        \relax \make@display@tag \ifst@rred ...
l.166 \end{gather}
                  
I can't figure out why you would want to use a tab mark
here. If you just want an ampersand, the remedy is
simple: Just type `I\&' now. But if some right brace
up above has ended a previous alignment prematurely,
you're probably due for more error messages, and you
might try typing `S' now just to see what is salvageable.

c:/Users/TLP-001/Documents/GitHub/project3_docs/fitting/piecewise_analytic_formulas_template.tex:166: Misplaced \cr.
\math@cr@@@ ...fi \global \advance \row@ \@ne \cr 
                                                  
l.166 \end{gather}
                  
I can't figure out why you would want to use a tab mark
or \cr or \span just now. If something like a right brace
up above has ended a previous alignment prematurely,
you're probably due for more error messages, and you
might try typing `S' now just to see what is salvageable.

c:/Users/TLP-001/Documents/GitHub/project3_docs/fitting/piecewise_analytic_formulas_template.tex:166: Misplaced \noalign.
\math@cr@@ ... \iffalse }\fi \math@cr@@@ \noalign 
                                                  {\vskip #1\relax }
l.166 \end{gather}
                  
I expect to see \noalign only after the \cr of
an alignment. Proceed, and I'll ignore this case.

c:/Users/TLP-001/Documents/GitHub/project3_docs/fitting/piecewise_analytic_formulas_template.tex:166: Missing $ inserted.
<inserted text> 
                $
l.166 \end{gather}
                  
I've inserted a begin-math/end-math symbol since I think
you left one out. Proceed, with fingers crossed.

c:/Users/TLP-001/Documents/GitHub/project3_docs/fitting/piecewise_analytic_formulas_template.tex:166: Missing } inserted.
<inserted text> 
                }
l.166 \end{gather}
                  
I've inserted something that you may have forgotten.
(See the <inserted text> above.)
With luck, this will get me unwedged. But if you
really didn't forget anything, try typing `2' now; then
my insertion and my current dilemma will both disappear.

c:/Users/TLP-001/Documents/GitHub/project3_docs/fitting/piecewise_analytic_formulas_template.tex:166: Missing } inserted.
<inserted text> 
                }
l.166 \end{gather}
                  
I've inserted something that you may have forgotten.
(See the <inserted text> above.)
With luck, this will get me unwedged. But if you
really didn't forget anything, try typing `2' now; then
my insertion and my current dilemma will both disappear.

c:/Users/TLP-001/Documents/GitHub/project3_docs/fitting/piecewise_analytic_formulas_template.tex:166: Missing } inserted.
<inserted text> 
                }
l.166 \end{gather}
                  
I've inserted something that you may have forgotten.
(See the <inserted text> above.)
With luck, this will get me unwedged. But if you
really didn't forget anything, try typing `2' now; then
my insertion and my current dilemma will both disappear.

c:/Users/TLP-001/Documents/GitHub/project3_docs/fitting/piecewise_analytic_formulas_template.tex:166: Missing } inserted.
<inserted text> 
                }
l.166 \end{gather}
                  
I've inserted something that you may have forgotten.
(See the <inserted text> above.)
With luck, this will get me unwedged. But if you
really didn't forget anything, try typing `2' now; then
my insertion and my current dilemma will both disappear.

c:/Users/TLP-001/Documents/GitHub/project3_docs/fitting/piecewise_analytic_formulas_template.tex:166: Missing } inserted.
<inserted text> 
                }
l.166 \end{gather}
                  
I've inserted something that you may have forgotten.
(See the <inserted text> above.)
With luck, this will get me unwedged. But if you
really didn't forget anything, try typing `2' now; then
my insertion and my current dilemma will both disappear.

c:/Users/TLP-001/Documents/GitHub/project3_docs/fitting/piecewise_analytic_formulas_template.tex:166: Missing } inserted.
<inserted text> 
                }
l.166 \end{gather}
                  
I've inserted something that you may have forgotten.
(See the <inserted text> above.)
With luck, this will get me unwedged. But if you
really didn't forget anything, try typing `2' now; then
my insertion and my current dilemma will both disappear.

c:/Users/TLP-001/Documents/GitHub/project3_docs/fitting/piecewise_analytic_formulas_template.tex:166: Missing } inserted.
<inserted text> 
                }
l.166 \end{gather}
                  
I've inserted something that you may have forgotten.
(See the <inserted text> above.)
With luck, this will get me unwedged. But if you
really didn't forget anything, try typing `2' now; then
my insertion and my current dilemma will both disappear.

c:/Users/TLP-001/Documents/GitHub/project3_docs/fitting/piecewise_analytic_formulas_template.tex:166: Missing \cr inserted.
<inserted text> 
                \cr 
l.166 \end{gather}
                  
I'm guessing that you meant to end an alignment here.

c:/Users/TLP-001/Documents/GitHub/project3_docs/fitting/piecewise_analytic_formulas_template.tex:166: Missing { inserted.
<inserted text> 
                {
l.166 \end{gather}
                  
I've put in what seems to be necessary to fix
the current column of the current alignment.
Try to go on, since this might almost work.

c:/Users/TLP-001/Documents/GitHub/project3_docs/fitting/piecewise_analytic_formulas_template.tex:166: Missing { inserted.
<inserted text> 
                {
l.166 \end{gather}
                  
I've put in what seems to be necessary to fix
the current column of the current alignment.
Try to go on, since this might almost work.

c:/Users/TLP-001/Documents/GitHub/project3_docs/fitting/piecewise_analytic_formulas_template.tex:166: Extra }, or forgotten $.
<recently read> }
                 
l.166 \end{gather}
                  
I've deleted a group-closing symbol because it seems to be
spurious, as in `$x}$'. But perhaps the } is legitimate and
you forgot something else, as in `\hbox{$x}'. In such cases
the way to recover is to insert both the forgotten and the
deleted material, e.g., by typing `I$}'.

c:/Users/TLP-001/Documents/GitHub/project3_docs/fitting/piecewise_analytic_formulas_template.tex:166: Missing $ inserted.
<inserted text> 
                $
l.166 \end{gather}
                  
I've inserted a begin-math/end-math symbol since I think
you left one out. Proceed, with fingers crossed.

c:/Users/TLP-001/Documents/GitHub/project3_docs/fitting/piecewise_analytic_formulas_template.tex:166: Missing } inserted.
<inserted text> 
                }
l.166 \end{gather}
                  
I've inserted something that you may have forgotten.
(See the <inserted text> above.)
With luck, this will get me unwedged. But if you
really didn't forget anything, try typing `2' now; then
my insertion and my current dilemma will both disappear.

c:/Users/TLP-001/Documents/GitHub/project3_docs/fitting/piecewise_analytic_formulas_template.tex:166: Missing { inserted.
<to be read again> 
                   _
l.166 \end{gather}
                  
A left brace was mandatory here, so I've put one in.
You might want to delete and/or insert some corrections
so that I will find a matching right brace soon.
(If you're confused by all this, try typing `I}' now.)

c:/Users/TLP-001/Documents/GitHub/project3_docs/fitting/piecewise_analytic_formulas_template.tex:166: Double subscript.
<argument> ...ht )^{\frac {149}{192}} \approx __M_
                                                  S_SCALE__ \left (\frac {t}...
l.166 \end{gather}
                  
I treat `x_1_2' essentially like `x_1{}_2'.

c:/Users/TLP-001/Documents/GitHub/project3_docs/fitting/piecewise_analytic_formulas_template.tex:166: Double subscript.
<argument> ... )^{\frac {149}{192}} \approx __M_S_
                                                  SCALE__ \left (\frac {t}{\...
l.166 \end{gather}
                  
I treat `x_1_2' essentially like `x_1{}_2'.

c:/Users/TLP-001/Documents/GitHub/project3_docs/fitting/piecewise_analytic_formulas_template.tex:166: Missing { inserted.
<to be read again> 
                   _
l.166 \end{gather}
                  
A left brace was mandatory here, so I've put one in.
You might want to delete and/or insert some corrections
so that I will find a matching right brace soon.
(If you're confused by all this, try typing `I}' now.)

c:/Users/TLP-001/Documents/GitHub/project3_docs/fitting/piecewise_analytic_formulas_template.tex:166: Missing { inserted.
<to be read again> 
                   \left 
l.166 \end{gather}
                  
A left brace was mandatory here, so I've put one in.
You might want to delete and/or insert some corrections
so that I will find a matching right brace soon.
(If you're confused by all this, try typing `I}' now.)

c:/Users/TLP-001/Documents/GitHub/project3_docs/fitting/piecewise_analytic_formulas_template.tex:166: Misplaced alignment tab character &.
\math@cr@@@ ->\ifst@rred \nonumber \fi &
                                        \relax \make@display@tag \ifst@rred ...
l.166 \end{gather}
                  
I can't figure out why you would want to use a tab mark
here. If you just want an ampersand, the remedy is
simple: Just type `I\&' now. But if some right brace
up above has ended a previous alignment prematurely,
you're probably due for more error messages, and you
might try typing `S' now just to see what is salvageable.

c:/Users/TLP-001/Documents/GitHub/project3_docs/fitting/piecewise_analytic_formulas_template.tex:166: Misplaced \cr.
\math@cr@@@ ...fi \global \advance \row@ \@ne \cr 
                                                  
l.166 \end{gather}
                  
I can't figure out why you would want to use a tab mark
or \cr or \span just now. If something like a right brace
up above has ended a previous alignment prematurely,
you're probably due for more error messages, and you
might try typing `S' now just to see what is salvageable.

c:/Users/TLP-001/Documents/GitHub/project3_docs/fitting/piecewise_analytic_formulas_template.tex:166: Missing } inserted.
<inserted text> 
                }
l.166 \end{gather}
                  
I've inserted something that you may have forgotten.
(See the <inserted text> above.)
With luck, this will get me unwedged. But if you
really didn't forget anything, try typing `2' now; then
my insertion and my current dilemma will both disappear.

c:/Users/TLP-001/Documents/GitHub/project3_docs/fitting/piecewise_analytic_formulas_template.tex:166: Improper \halign inside $$'s.
\next@ ...skip \z@skip \global \row@ \@ne \halign 
                                                  to\displaywidth \bgroup \s...
l.166 \end{gather}
                  
Displays can use special alignments (like \eqalignno)
only if nothing but the alignment itself is between $$'s.
So I've deleted the formulas that preceded this alignment.

c:/Users/TLP-001/Documents/GitHub/project3_docs/fitting/piecewise_analytic_formulas_template.tex:166: Missing { inserted.
<to be read again> 
                   _
l.166 \end{gather}
                  
A left brace was mandatory here, so I've put one in.
You might want to delete and/or insert some corrections
so that I will find a matching right brace soon.
(If you're confused by all this, try typing `I}' now.)

c:/Users/TLP-001/Documents/GitHub/project3_docs/fitting/piecewise_analytic_formulas_template.tex:166: Double subscript.
<argument> ..._f A^{-a} B^{-b} t^{-c} \approx __M_
                                                  F_SCALE__ \left (\frac {t}...
l.166 \end{gather}
                  
I treat `x_1_2' essentially like `x_1{}_2'.

c:/Users/TLP-001/Documents/GitHub/project3_docs/fitting/piecewise_analytic_formulas_template.tex:166: Double subscript.
<argument> ... A^{-a} B^{-b} t^{-c} \approx __M_F_
                                                  SCALE__ \left (\frac {t}{\...
l.166 \end{gather}
                  
I treat `x_1_2' essentially like `x_1{}_2'.

c:/Users/TLP-001/Documents/GitHub/project3_docs/fitting/piecewise_analytic_formulas_template.tex:166: Missing { inserted.
<to be read again> 
                   _
l.166 \end{gather}
                  
A left brace was mandatory here, so I've put one in.
You might want to delete and/or insert some corrections
so that I will find a matching right brace soon.
(If you're confused by all this, try typing `I}' now.)

c:/Users/TLP-001/Documents/GitHub/project3_docs/fitting/piecewise_analytic_formulas_template.tex:166: Missing { inserted.
<to be read again> 
                   \left 
l.166 \end{gather}
                  
A left brace was mandatory here, so I've put one in.
You might want to delete and/or insert some corrections
so that I will find a matching right brace soon.
(If you're confused by all this, try typing `I}' now.)

c:/Users/TLP-001/Documents/GitHub/project3_docs/fitting/piecewise_analytic_formulas_template.tex:166: Misplaced alignment tab character &.
\math@cr@@@ ->\ifst@rred \nonumber \fi &
                                        \relax \make@display@tag \ifst@rred ...
l.166 \end{gather}
                  
I can't figure out why you would want to use a tab mark
here. If you just want an ampersand, the remedy is
simple: Just type `I\&' now. But if some right brace
up above has ended a previous alignment prematurely,
you're probably due for more error messages, and you
might try typing `S' now just to see what is salvageable.

c:/Users/TLP-001/Documents/GitHub/project3_docs/fitting/piecewise_analytic_formulas_template.tex:166: Misplaced \cr.
\math@cr@@@ ...fi \global \advance \row@ \@ne \cr 
                                                  
l.166 \end{gather}
                  
I can't figure out why you would want to use a tab mark
or \cr or \span just now. If something like a right brace
up above has ended a previous alignment prematurely,
you're probably due for more error messages, and you
might try typing `S' now just to see what is salvageable.

c:/Users/TLP-001/Documents/GitHub/project3_docs/fitting/piecewise_analytic_formulas_template.tex:166: Misplaced \noalign.
\math@cr@@ ... \iffalse }\fi \math@cr@@@ \noalign 
                                                  {\vskip #1\relax }
l.166 \end{gather}
                  
I expect to see \noalign only after the \cr of
an alignment. Proceed, and I'll ignore this case.

c:/Users/TLP-001/Documents/GitHub/project3_docs/fitting/piecewise_analytic_formulas_template.tex:166: Missing $ inserted.
<inserted text> 
                $
l.166 \end{gather}
                  
I've inserted a begin-math/end-math symbol since I think
you left one out. Proceed, with fingers crossed.

c:/Users/TLP-001/Documents/GitHub/project3_docs/fitting/piecewise_analytic_formulas_template.tex:166: Missing } inserted.
<inserted text> 
                }
l.166 \end{gather}
                  
I've inserted something that you may have forgotten.
(See the <inserted text> above.)
With luck, this will get me unwedged. But if you
really didn't forget anything, try typing `2' now; then
my insertion and my current dilemma will both disappear.

c:/Users/TLP-001/Documents/GitHub/project3_docs/fitting/piecewise_analytic_formulas_template.tex:166: Missing } inserted.
<inserted text> 
                }
l.166 \end{gather}
                  
I've inserted something that you may have forgotten.
(See the <inserted text> above.)
With luck, this will get me unwedged. But if you
really didn't forget anything, try typing `2' now; then
my insertion and my current dilemma will both disappear.

c:/Users/TLP-001/Documents/GitHub/project3_docs/fitting/piecewise_analytic_formulas_template.tex:166: Missing } inserted.
<inserted text> 
                }
l.166 \end{gather}
                  
I've inserted something that you may have forgotten.
(See the <inserted text> above.)
With luck, this will get me unwedged. But if you
really didn't forget anything, try typing `2' now; then
my insertion and my current dilemma will both disappear.

c:/Users/TLP-001/Documents/GitHub/project3_docs/fitting/piecewise_analytic_formulas_template.tex:166: Missing } inserted.
<inserted text> 
                }
l.166 \end{gather}
                  
I've inserted something that you may have forgotten.
(See the <inserted text> above.)
With luck, this will get me unwedged. But if you
really didn't forget anything, try typing `2' now; then
my insertion and my current dilemma will both disappear.

c:/Users/TLP-001/Documents/GitHub/project3_docs/fitting/piecewise_analytic_formulas_template.tex:166: Missing } inserted.
<inserted text> 
                }
l.166 \end{gather}
                  
I've inserted something that you may have forgotten.
(See the <inserted text> above.)
With luck, this will get me unwedged. But if you
really didn't forget anything, try typing `2' now; then
my insertion and my current dilemma will both disappear.

c:/Users/TLP-001/Documents/GitHub/project3_docs/fitting/piecewise_analytic_formulas_template.tex:166: Missing } inserted.
<inserted text> 
                }
l.166 \end{gather}
                  
I've inserted something that you may have forgotten.
(See the <inserted text> above.)
With luck, this will get me unwedged. But if you
really didn't forget anything, try typing `2' now; then
my insertion and my current dilemma will both disappear.

c:/Users/TLP-001/Documents/GitHub/project3_docs/fitting/piecewise_analytic_formulas_template.tex:166: Missing } inserted.
<inserted text> 
                }
l.166 \end{gather}
                  
I've inserted something that you may have forgotten.
(See the <inserted text> above.)
With luck, this will get me unwedged. But if you
really didn't forget anything, try typing `2' now; then
my insertion and my current dilemma will both disappear.

c:/Users/TLP-001/Documents/GitHub/project3_docs/fitting/piecewise_analytic_formulas_template.tex:166: Missing \cr inserted.
<inserted text> 
                \cr 
l.166 \end{gather}
                  
I'm guessing that you meant to end an alignment here.

c:/Users/TLP-001/Documents/GitHub/project3_docs/fitting/piecewise_analytic_formulas_template.tex:166: Missing { inserted.
<inserted text> 
                {
l.166 \end{gather}
                  
I've put in what seems to be necessary to fix
the current column of the current alignment.
Try to go on, since this might almost work.

c:/Users/TLP-001/Documents/GitHub/project3_docs/fitting/piecewise_analytic_formulas_template.tex:166: Missing { inserted.
<inserted text> 
                {
l.166 \end{gather}
                  
I've put in what seems to be necessary to fix
the current column of the current alignment.
Try to go on, since this might almost work.

c:/Users/TLP-001/Documents/GitHub/project3_docs/fitting/piecewise_analytic_formulas_template.tex:166: Extra }, or forgotten $.
<recently read> }
                 
l.166 \end{gather}
                  
I've deleted a group-closing symbol because it seems to be
spurious, as in `$x}$'. But perhaps the } is legitimate and
you forgot something else, as in `\hbox{$x}'. In such cases
the way to recover is to insert both the forgotten and the
deleted material, e.g., by typing `I$}'.

c:/Users/TLP-001/Documents/GitHub/project3_docs/fitting/piecewise_analytic_formulas_template.tex:166: Missing number, treated as zero.
<to be read again> 
                   \relax 
l.166 \end{gather}
                  
A number should have been here; I inserted `0'.
(If you can't figure out why I needed to see a number,
look up `weird error' in the index to The TeXbook.)

c:/Users/TLP-001/Documents/GitHub/project3_docs/fitting/piecewise_analytic_formulas_template.tex:166: Illegal unit of measure (pt inserted).
<to be read again> 
                   \relax 
l.166 \end{gather}
                  
Dimensions can be in units of em, ex, in, pt, pc,
cm, mm, dd, cc, nd, nc, bp, or sp; but yours is a new one!
I'll assume that you meant to say pt, for printer's points.
To recover gracefully from this error, it's best to
delete the erroneous units; e.g., type `2' to delete
two letters. (See Chapter 27 of The TeXbook.)

c:/Users/TLP-001/Documents/GitHub/project3_docs/fitting/piecewise_analytic_formulas_template.tex:166: Missing $ inserted.
<inserted text> 
                $
l.166 \end{gather}
                  
I've inserted a begin-math/end-math symbol since I think
you left one out. Proceed, with fingers crossed.

c:/Users/TLP-001/Documents/GitHub/project3_docs/fitting/piecewise_analytic_formulas_template.tex:166: Missing } inserted.
<inserted text> 
                }
l.166 \end{gather}
                  
I've inserted something that you may have forgotten.
(See the <inserted text> above.)
With luck, this will get me unwedged. But if you
really didn't forget anything, try typing `2' now; then
my insertion and my current dilemma will both disappear.

c:/Users/TLP-001/Documents/GitHub/project3_docs/fitting/piecewise_analytic_formulas_template.tex:166: Missing $$ inserted.
<to be read again> 
                   \vskip 
l.166 \end{gather}
                  
Displays can use special alignments (like \eqalignno)
only if nothing but the alignment itself is between $$'s.

c:/Users/TLP-001/Documents/GitHub/project3_docs/fitting/piecewise_analytic_formulas_template.tex:166: Extra }, or forgotten \endgroup.
\math@cr@@ ...th@cr@@@ \noalign {\vskip #1\relax }
                                                  
l.166 \end{gather}
                  
I've deleted a group-closing symbol because it seems to be
spurious, as in `$x}$'. But perhaps the } is legitimate and
you forgot something else, as in `\hbox{$x}'. In such cases
the way to recover is to insert both the forgotten and the
deleted material, e.g., by typing `I$}'.

c:/Users/TLP-001/Documents/GitHub/project3_docs/fitting/piecewise_analytic_formulas_template.tex:166: Missing $ inserted.
<inserted text> 
                $
l.166 \end{gather}
                  
I've inserted a begin-math/end-math symbol since I think
you left one out. Proceed, with fingers crossed.

c:/Users/TLP-001/Documents/GitHub/project3_docs/fitting/piecewise_analytic_formulas_template.tex:166: Missing { inserted.
<to be read again> 
                   _
l.166 \end{gather}
                  
A left brace was mandatory here, so I've put one in.
You might want to delete and/or insert some corrections
so that I will find a matching right brace soon.
(If you're confused by all this, try typing `I}' now.)

c:/Users/TLP-001/Documents/GitHub/project3_docs/fitting/piecewise_analytic_formulas_template.tex:166: Double subscript.
<argument> ...ht )^{\frac {149}{192}} \approx __M_
                                                  S_SCALE__ \left (\frac {t}...
l.166 \end{gather}
                  
I treat `x_1_2' essentially like `x_1{}_2'.

c:/Users/TLP-001/Documents/GitHub/project3_docs/fitting/piecewise_analytic_formulas_template.tex:166: Double subscript.
<argument> ... )^{\frac {149}{192}} \approx __M_S_
                                                  SCALE__ \left (\frac {t}{\...
l.166 \end{gather}
                  
I treat `x_1_2' essentially like `x_1{}_2'.

c:/Users/TLP-001/Documents/GitHub/project3_docs/fitting/piecewise_analytic_formulas_template.tex:166: Missing { inserted.
<to be read again> 
                   _
l.166 \end{gather}
                  
A left brace was mandatory here, so I've put one in.
You might want to delete and/or insert some corrections
so that I will find a matching right brace soon.
(If you're confused by all this, try typing `I}' now.)

c:/Users/TLP-001/Documents/GitHub/project3_docs/fitting/piecewise_analytic_formulas_template.tex:166: Missing { inserted.
<to be read again> 
                   \left 
l.166 \end{gather}
                  
A left brace was mandatory here, so I've put one in.
You might want to delete and/or insert some corrections
so that I will find a matching right brace soon.
(If you're confused by all this, try typing `I}' now.)

c:/Users/TLP-001/Documents/GitHub/project3_docs/fitting/piecewise_analytic_formulas_template.tex:166: Misplaced \cr.
\math@cr@@@ ->\cr 
                  
l.166 \end{gather}
                  
I can't figure out why you would want to use a tab mark
or \cr or \span just now. If something like a right brace
up above has ended a previous alignment prematurely,
you're probably due for more error messages, and you
might try typing `S' now just to see what is salvageable.

c:/Users/TLP-001/Documents/GitHub/project3_docs/fitting/piecewise_analytic_formulas_template.tex:166: Misplaced \noalign.
\math@cr@@ ... \iffalse }\fi \math@cr@@@ \noalign 
                                                  {\vskip #1\relax }
l.166 \end{gather}
                  
I expect to see \noalign only after the \cr of
an alignment. Proceed, and I'll ignore this case.

c:/Users/TLP-001/Documents/GitHub/project3_docs/fitting/piecewise_analytic_formulas_template.tex:166: Missing $ inserted.
<inserted text> 
                $
l.166 \end{gather}
                  
I've inserted a begin-math/end-math symbol since I think
you left one out. Proceed, with fingers crossed.

c:/Users/TLP-001/Documents/GitHub/project3_docs/fitting/piecewise_analytic_formulas_template.tex:166: Missing } inserted.
<inserted text> 
                }
l.166 \end{gather}
                  
I've inserted something that you may have forgotten.
(See the <inserted text> above.)
With luck, this will get me unwedged. But if you
really didn't forget anything, try typing `2' now; then
my insertion and my current dilemma will both disappear.

c:/Users/TLP-001/Documents/GitHub/project3_docs/fitting/piecewise_analytic_formulas_template.tex:166: Missing } inserted.
<inserted text> 
                }
l.166 \end{gather}
                  
I've inserted something that you may have forgotten.
(See the <inserted text> above.)
With luck, this will get me unwedged. But if you
really didn't forget anything, try typing `2' now; then
my insertion and my current dilemma will both disappear.

c:/Users/TLP-001/Documents/GitHub/project3_docs/fitting/piecewise_analytic_formulas_template.tex:166: Missing } inserted.
<inserted text> 
                }
l.166 \end{gather}
                  
I've inserted something that you may have forgotten.
(See the <inserted text> above.)
With luck, this will get me unwedged. But if you
really didn't forget anything, try typing `2' now; then
my insertion and my current dilemma will both disappear.

c:/Users/TLP-001/Documents/GitHub/project3_docs/fitting/piecewise_analytic_formulas_template.tex:166: Missing } inserted.
<inserted text> 
                }
l.166 \end{gather}
                  
I've inserted something that you may have forgotten.
(See the <inserted text> above.)
With luck, this will get me unwedged. But if you
really didn't forget anything, try typing `2' now; then
my insertion and my current dilemma will both disappear.

c:/Users/TLP-001/Documents/GitHub/project3_docs/fitting/piecewise_analytic_formulas_template.tex:166: Extra }, or forgotten \endgroup.
\math@cr@@ ...th@cr@@@ \noalign {\vskip #1\relax }
                                                  
l.166 \end{gather}
                  
I've deleted a group-closing symbol because it seems to be
spurious, as in `$x}$'. But perhaps the } is legitimate and
you forgot something else, as in `\hbox{$x}'. In such cases
the way to recover is to insert both the forgotten and the
deleted material, e.g., by typing `I$}'.

c:/Users/TLP-001/Documents/GitHub/project3_docs/fitting/piecewise_analytic_formulas_template.tex:166: Misplaced \noalign.
\black@ #1->\noalign 
                     {\ifdim #1>\displaywidth \dimen@ \prevdepth \nointerlin...
l.166 \end{gather}
                  
I expect to see \noalign only after the \cr of
an alignment. Proceed, and I'll ignore this case.


Overfull \hbox (243.5771pt too wide) detected at line 166
[]
 []

c:/Users/TLP-001/Documents/GitHub/project3_docs/fitting/piecewise_analytic_formulas_template.tex:166: Extra }, or forgotten \endgroup.
\endgather ->\math@cr \black@ \totwidth@ \egroup 
                                                 \dollardollar@end \ignoresp...
l.166 \end{gather}
                  
I've deleted a group-closing symbol because it seems to be
spurious, as in `$x}$'. But perhaps the } is legitimate and
you forgot something else, as in `\hbox{$x}'. In such cases
the way to recover is to insert both the forgotten and the
deleted material, e.g., by typing `I$}'.

c:/Users/TLP-001/Documents/GitHub/project3_docs/fitting/piecewise_analytic_formulas_template.tex:166: Missing $ inserted.
<inserted text> 
                $
l.166 \end{gather}
                  
I've inserted something that you may have forgotten.
(See the <inserted text> above.)
With luck, this will get me unwedged. But if you
really didn't forget anything, try typing `2' now; then
my insertion and my current dilemma will both disappear.

c:/Users/TLP-001/Documents/GitHub/project3_docs/fitting/piecewise_analytic_formulas_template.tex:166: Display math should end with $$.
<to be read again> 
                   \endgroup 
l.166 \end{gather}
                  
The `$' that I just saw supposedly matches a previous `$$'.
So I shall assume that you typed `$$' both times.

c:/Users/TLP-001/Documents/GitHub/project3_docs/fitting/piecewise_analytic_formulas_template.tex:169: Missing { inserted.
<to be read again> 
                   _
l.169     \xi_s = __
                    XSI_S_S__
A left brace was mandatory here, so I've put one in.
You might want to delete and/or insert some corrections
so that I will find a matching right brace soon.
(If you're confused by all this, try typing `I}' now.)

c:/Users/TLP-001/Documents/GitHub/project3_docs/fitting/piecewise_analytic_formulas_template.tex:169: Double subscript.
l.169     \xi_s = __XSI_S_
                          S__
I treat `x_1_2' essentially like `x_1{}_2'.

c:/Users/TLP-001/Documents/GitHub/project3_docs/fitting/piecewise_analytic_formulas_template.tex:169: Double subscript.
l.169     \xi_s = __XSI_S_S_
                            _
I treat `x_1_2' essentially like `x_1{}_2'.

c:/Users/TLP-001/Documents/GitHub/project3_docs/fitting/piecewise_analytic_formulas_template.tex:169: Missing { inserted.
<to be read again> 
                   _
l.169     \xi_s = __XSI_S_S__
                             
A left brace was mandatory here, so I've put one in.
You might want to delete and/or insert some corrections
so that I will find a matching right brace soon.
(If you're confused by all this, try typing `I}' now.)

c:/Users/TLP-001/Documents/GitHub/project3_docs/fitting/piecewise_analytic_formulas_template.tex:170: Missing { inserted.
<to be read again> 
                   \gdef 
l.170 \end{equation}
                    
A left brace was mandatory here, so I've put one in.
You might want to delete and/or insert some corrections
so that I will find a matching right brace soon.
(If you're confused by all this, try typing `I}' now.)

c:/Users/TLP-001/Documents/GitHub/project3_docs/fitting/piecewise_analytic_formulas_template.tex:170: You can't use `\eqno' in math mode.
\veqno ->\@kernel@eqno 
                       \aftergroup \ignorespaces 
l.170 \end{equation}
                    
Sorry, but I'm not programmed to handle this case;
I'll just pretend that you didn't ask for it.
If you're in the wrong mode, you might be able to
return to the right one by typing `I}' or `I$' or `I\par'.

c:/Users/TLP-001/Documents/GitHub/project3_docs/fitting/piecewise_analytic_formulas_template.tex:170: Missing } inserted.
<inserted text> 
                }
l.170 \end{equation}
                    
I've inserted something that you may have forgotten.
(See the <inserted text> above.)
With luck, this will get me unwedged. But if you
really didn't forget anything, try typing `2' now; then
my insertion and my current dilemma will both disappear.

c:/Users/TLP-001/Documents/GitHub/project3_docs/fitting/piecewise_analytic_formulas_template.tex:170: Missing } inserted.
<inserted text> 
                }
l.170 \end{equation}
                    
I've inserted something that you may have forgotten.
(See the <inserted text> above.)
With luck, this will get me unwedged. But if you
really didn't forget anything, try typing `2' now; then
my insertion and my current dilemma will both disappear.

c:/Users/TLP-001/Documents/GitHub/project3_docs/fitting/piecewise_analytic_formulas_template.tex:170: Missing } inserted.
<inserted text> 
                }
l.170 \end{equation}
                    
I've inserted something that you may have forgotten.
(See the <inserted text> above.)
With luck, this will get me unwedged. But if you
really didn't forget anything, try typing `2' now; then
my insertion and my current dilemma will both disappear.

c:/Users/TLP-001/Documents/GitHub/project3_docs/fitting/piecewise_analytic_formulas_template.tex:175: Missing { inserted.
<to be read again> 
                   _
l.175 \end{gather}
                  
A left brace was mandatory here, so I've put one in.
You might want to delete and/or insert some corrections
so that I will find a matching right brace soon.
(If you're confused by all this, try typing `I}' now.)

c:/Users/TLP-001/Documents/GitHub/project3_docs/fitting/piecewise_analytic_formulas_template.tex:175: Missing { inserted.
<to be read again> 
                   _
l.175 \end{gather}
                  
A left brace was mandatory here, so I've put one in.
You might want to delete and/or insert some corrections
so that I will find a matching right brace soon.
(If you're confused by all this, try typing `I}' now.)

c:/Users/TLP-001/Documents/GitHub/project3_docs/fitting/piecewise_analytic_formulas_template.tex:175: Missing { inserted.
<to be read again> 
                   \left 
l.175 \end{gather}
                  
A left brace was mandatory here, so I've put one in.
You might want to delete and/or insert some corrections
so that I will find a matching right brace soon.
(If you're confused by all this, try typing `I}' now.)

c:/Users/TLP-001/Documents/GitHub/project3_docs/fitting/piecewise_analytic_formulas_template.tex:175: Misplaced alignment tab character &.
\math@cr@@@ ->\ifst@rred \nonumber \fi &
                                        \relax \make@display@tag \ifst@rred ...
l.175 \end{gather}
                  
I can't figure out why you would want to use a tab mark
here. If you just want an ampersand, the remedy is
simple: Just type `I\&' now. But if some right brace
up above has ended a previous alignment prematurely,
you're probably due for more error messages, and you
might try typing `S' now just to see what is salvageable.

c:/Users/TLP-001/Documents/GitHub/project3_docs/fitting/piecewise_analytic_formulas_template.tex:175: Misplaced \cr.
\math@cr@@@ ...fi \global \advance \row@ \@ne \cr 
                                                  
l.175 \end{gather}
                  
I can't figure out why you would want to use a tab mark
or \cr or \span just now. If something like a right brace
up above has ended a previous alignment prematurely,
you're probably due for more error messages, and you
might try typing `S' now just to see what is salvageable.

c:/Users/TLP-001/Documents/GitHub/project3_docs/fitting/piecewise_analytic_formulas_template.tex:175: Misplaced \noalign.
\math@cr@@ ... \iffalse }\fi \math@cr@@@ \noalign 
                                                  {\vskip #1\relax }
l.175 \end{gather}
                  
I expect to see \noalign only after the \cr of
an alignment. Proceed, and I'll ignore this case.

c:/Users/TLP-001/Documents/GitHub/project3_docs/fitting/piecewise_analytic_formulas_template.tex:175: Missing $ inserted.
<inserted text> 
                $
l.175 \end{gather}
                  
I've inserted a begin-math/end-math symbol since I think
you left one out. Proceed, with fingers crossed.

c:/Users/TLP-001/Documents/GitHub/project3_docs/fitting/piecewise_analytic_formulas_template.tex:175: Missing } inserted.
<inserted text> 
                }
l.175 \end{gather}
                  
I've inserted something that you may have forgotten.
(See the <inserted text> above.)
With luck, this will get me unwedged. But if you
really didn't forget anything, try typing `2' now; then
my insertion and my current dilemma will both disappear.

c:/Users/TLP-001/Documents/GitHub/project3_docs/fitting/piecewise_analytic_formulas_template.tex:175: Missing } inserted.
<inserted text> 
                }
l.175 \end{gather}
                  
I've inserted something that you may have forgotten.
(See the <inserted text> above.)
With luck, this will get me unwedged. But if you
really didn't forget anything, try typing `2' now; then
my insertion and my current dilemma will both disappear.

c:/Users/TLP-001/Documents/GitHub/project3_docs/fitting/piecewise_analytic_formulas_template.tex:175: Missing } inserted.
<inserted text> 
                }
l.175 \end{gather}
                  
I've inserted something that you may have forgotten.
(See the <inserted text> above.)
With luck, this will get me unwedged. But if you
really didn't forget anything, try typing `2' now; then
my insertion and my current dilemma will both disappear.

c:/Users/TLP-001/Documents/GitHub/project3_docs/fitting/piecewise_analytic_formulas_template.tex:175: Missing } inserted.
<inserted text> 
                }
l.175 \end{gather}
                  
I've inserted something that you may have forgotten.
(See the <inserted text> above.)
With luck, this will get me unwedged. But if you
really didn't forget anything, try typing `2' now; then
my insertion and my current dilemma will both disappear.

c:/Users/TLP-001/Documents/GitHub/project3_docs/fitting/piecewise_analytic_formulas_template.tex:175: Missing } inserted.
<inserted text> 
                }
l.175 \end{gather}
                  
I've inserted something that you may have forgotten.
(See the <inserted text> above.)
With luck, this will get me unwedged. But if you
really didn't forget anything, try typing `2' now; then
my insertion and my current dilemma will both disappear.

c:/Users/TLP-001/Documents/GitHub/project3_docs/fitting/piecewise_analytic_formulas_template.tex:175: Missing } inserted.
<inserted text> 
                }
l.175 \end{gather}
                  
I've inserted something that you may have forgotten.
(See the <inserted text> above.)
With luck, this will get me unwedged. But if you
really didn't forget anything, try typing `2' now; then
my insertion and my current dilemma will both disappear.

c:/Users/TLP-001/Documents/GitHub/project3_docs/fitting/piecewise_analytic_formulas_template.tex:175: Missing } inserted.
<inserted text> 
                }
l.175 \end{gather}
                  
I've inserted something that you may have forgotten.
(See the <inserted text> above.)
With luck, this will get me unwedged. But if you
really didn't forget anything, try typing `2' now; then
my insertion and my current dilemma will both disappear.

c:/Users/TLP-001/Documents/GitHub/project3_docs/fitting/piecewise_analytic_formulas_template.tex:175: Missing \cr inserted.
<inserted text> 
                \cr 
l.175 \end{gather}
                  
I'm guessing that you meant to end an alignment here.

c:/Users/TLP-001/Documents/GitHub/project3_docs/fitting/piecewise_analytic_formulas_template.tex:175: Missing { inserted.
<inserted text> 
                {
l.175 \end{gather}
                  
I've put in what seems to be necessary to fix
the current column of the current alignment.
Try to go on, since this might almost work.

c:/Users/TLP-001/Documents/GitHub/project3_docs/fitting/piecewise_analytic_formulas_template.tex:175: Missing { inserted.
<inserted text> 
                {
l.175 \end{gather}
                  
I've put in what seems to be necessary to fix
the current column of the current alignment.
Try to go on, since this might almost work.

c:/Users/TLP-001/Documents/GitHub/project3_docs/fitting/piecewise_analytic_formulas_template.tex:175: Extra }, or forgotten $.
<recently read> }
                 
l.175 \end{gather}
                  
I've deleted a group-closing symbol because it seems to be
spurious, as in `$x}$'. But perhaps the } is legitimate and
you forgot something else, as in `\hbox{$x}'. In such cases
the way to recover is to insert both the forgotten and the
deleted material, e.g., by typing `I$}'.

c:/Users/TLP-001/Documents/GitHub/project3_docs/fitting/piecewise_analytic_formulas_template.tex:175: Missing $ inserted.
<inserted text> 
                $
l.175 \end{gather}
                  
I've inserted a begin-math/end-math symbol since I think
you left one out. Proceed, with fingers crossed.

c:/Users/TLP-001/Documents/GitHub/project3_docs/fitting/piecewise_analytic_formulas_template.tex:175: Missing } inserted.
<inserted text> 
                }
l.175 \end{gather}
                  
I've inserted something that you may have forgotten.
(See the <inserted text> above.)
With luck, this will get me unwedged. But if you
really didn't forget anything, try typing `2' now; then
my insertion and my current dilemma will both disappear.

c:/Users/TLP-001/Documents/GitHub/project3_docs/fitting/piecewise_analytic_formulas_template.tex:175: Missing { inserted.
<to be read again> 
                   _
l.175 \end{gather}
                  
A left brace was mandatory here, so I've put one in.
You might want to delete and/or insert some corrections
so that I will find a matching right brace soon.
(If you're confused by all this, try typing `I}' now.)

c:/Users/TLP-001/Documents/GitHub/project3_docs/fitting/piecewise_analytic_formulas_template.tex:175: Missing { inserted.
<to be read again> 
                   _
l.175 \end{gather}
                  
A left brace was mandatory here, so I've put one in.
You might want to delete and/or insert some corrections
so that I will find a matching right brace soon.
(If you're confused by all this, try typing `I}' now.)

c:/Users/TLP-001/Documents/GitHub/project3_docs/fitting/piecewise_analytic_formulas_template.tex:175: Missing { inserted.
<to be read again> 
                   \left 
l.175 \end{gather}
                  
A left brace was mandatory here, so I've put one in.
You might want to delete and/or insert some corrections
so that I will find a matching right brace soon.
(If you're confused by all this, try typing `I}' now.)

c:/Users/TLP-001/Documents/GitHub/project3_docs/fitting/piecewise_analytic_formulas_template.tex:175: Misplaced alignment tab character &.
\math@cr@@@ ->\ifst@rred \nonumber \fi &
                                        \relax \make@display@tag \ifst@rred ...
l.175 \end{gather}
                  
I can't figure out why you would want to use a tab mark
here. If you just want an ampersand, the remedy is
simple: Just type `I\&' now. But if some right brace
up above has ended a previous alignment prematurely,
you're probably due for more error messages, and you
might try typing `S' now just to see what is salvageable.

c:/Users/TLP-001/Documents/GitHub/project3_docs/fitting/piecewise_analytic_formulas_template.tex:175: Misplaced \cr.
\math@cr@@@ ...fi \global \advance \row@ \@ne \cr 
                                                  
l.175 \end{gather}
                  
I can't figure out why you would want to use a tab mark
or \cr or \span just now. If something like a right brace
up above has ended a previous alignment prematurely,
you're probably due for more error messages, and you
might try typing `S' now just to see what is salvageable.

c:/Users/TLP-001/Documents/GitHub/project3_docs/fitting/piecewise_analytic_formulas_template.tex:175: Missing } inserted.
<inserted text> 
                }
l.175 \end{gather}
                  
I've inserted something that you may have forgotten.
(See the <inserted text> above.)
With luck, this will get me unwedged. But if you
really didn't forget anything, try typing `2' now; then
my insertion and my current dilemma will both disappear.

c:/Users/TLP-001/Documents/GitHub/project3_docs/fitting/piecewise_analytic_formulas_template.tex:175: Improper \halign inside $$'s.
\next@ ...skip \z@skip \global \row@ \@ne \halign 
                                                  to\displaywidth \bgroup \s...
l.175 \end{gather}
                  
Displays can use special alignments (like \eqalignno)
only if nothing but the alignment itself is between $$'s.
So I've deleted the formulas that preceded this alignment.

c:/Users/TLP-001/Documents/GitHub/project3_docs/fitting/piecewise_analytic_formulas_template.tex:175: Missing { inserted.
<to be read again> 
                   _
l.175 \end{gather}
                  
A left brace was mandatory here, so I've put one in.
You might want to delete and/or insert some corrections
so that I will find a matching right brace soon.
(If you're confused by all this, try typing `I}' now.)

c:/Users/TLP-001/Documents/GitHub/project3_docs/fitting/piecewise_analytic_formulas_template.tex:175: Missing { inserted.
<to be read again> 
                   _
l.175 \end{gather}
                  
A left brace was mandatory here, so I've put one in.
You might want to delete and/or insert some corrections
so that I will find a matching right brace soon.
(If you're confused by all this, try typing `I}' now.)

c:/Users/TLP-001/Documents/GitHub/project3_docs/fitting/piecewise_analytic_formulas_template.tex:175: Missing { inserted.
<to be read again> 
                   \left 
l.175 \end{gather}
                  
A left brace was mandatory here, so I've put one in.
You might want to delete and/or insert some corrections
so that I will find a matching right brace soon.
(If you're confused by all this, try typing `I}' now.)

c:/Users/TLP-001/Documents/GitHub/project3_docs/fitting/piecewise_analytic_formulas_template.tex:175: Misplaced alignment tab character &.
\math@cr@@@ ->\ifst@rred \nonumber \fi &
                                        \relax \make@display@tag \ifst@rred ...
l.175 \end{gather}
                  
I can't figure out why you would want to use a tab mark
here. If you just want an ampersand, the remedy is
simple: Just type `I\&' now. But if some right brace
up above has ended a previous alignment prematurely,
you're probably due for more error messages, and you
might try typing `S' now just to see what is salvageable.

c:/Users/TLP-001/Documents/GitHub/project3_docs/fitting/piecewise_analytic_formulas_template.tex:175: Misplaced \cr.
\math@cr@@@ ...fi \global \advance \row@ \@ne \cr 
                                                  
l.175 \end{gather}
                  
I can't figure out why you would want to use a tab mark
or \cr or \span just now. If something like a right brace
up above has ended a previous alignment prematurely,
you're probably due for more error messages, and you
might try typing `S' now just to see what is salvageable.

c:/Users/TLP-001/Documents/GitHub/project3_docs/fitting/piecewise_analytic_formulas_template.tex:175: Misplaced \noalign.
\math@cr@@ ... \iffalse }\fi \math@cr@@@ \noalign 
                                                  {\vskip #1\relax }
l.175 \end{gather}
                  
I expect to see \noalign only after the \cr of
an alignment. Proceed, and I'll ignore this case.

c:/Users/TLP-001/Documents/GitHub/project3_docs/fitting/piecewise_analytic_formulas_template.tex:175: Missing $ inserted.
<inserted text> 
                $
l.175 \end{gather}
                  
I've inserted a begin-math/end-math symbol since I think
you left one out. Proceed, with fingers crossed.

c:/Users/TLP-001/Documents/GitHub/project3_docs/fitting/piecewise_analytic_formulas_template.tex:175: Missing } inserted.
<inserted text> 
                }
l.175 \end{gather}
                  
I've inserted something that you may have forgotten.
(See the <inserted text> above.)
With luck, this will get me unwedged. But if you
really didn't forget anything, try typing `2' now; then
my insertion and my current dilemma will both disappear.

c:/Users/TLP-001/Documents/GitHub/project3_docs/fitting/piecewise_analytic_formulas_template.tex:175: Missing } inserted.
<inserted text> 
                }
l.175 \end{gather}
                  
I've inserted something that you may have forgotten.
(See the <inserted text> above.)
With luck, this will get me unwedged. But if you
really didn't forget anything, try typing `2' now; then
my insertion and my current dilemma will both disappear.

c:/Users/TLP-001/Documents/GitHub/project3_docs/fitting/piecewise_analytic_formulas_template.tex:175: Missing } inserted.
<inserted text> 
                }
l.175 \end{gather}
                  
I've inserted something that you may have forgotten.
(See the <inserted text> above.)
With luck, this will get me unwedged. But if you
really didn't forget anything, try typing `2' now; then
my insertion and my current dilemma will both disappear.

c:/Users/TLP-001/Documents/GitHub/project3_docs/fitting/piecewise_analytic_formulas_template.tex:175: Missing } inserted.
<inserted text> 
                }
l.175 \end{gather}
                  
I've inserted something that you may have forgotten.
(See the <inserted text> above.)
With luck, this will get me unwedged. But if you
really didn't forget anything, try typing `2' now; then
my insertion and my current dilemma will both disappear.

c:/Users/TLP-001/Documents/GitHub/project3_docs/fitting/piecewise_analytic_formulas_template.tex:175: Missing } inserted.
<inserted text> 
                }
l.175 \end{gather}
                  
I've inserted something that you may have forgotten.
(See the <inserted text> above.)
With luck, this will get me unwedged. But if you
really didn't forget anything, try typing `2' now; then
my insertion and my current dilemma will both disappear.

c:/Users/TLP-001/Documents/GitHub/project3_docs/fitting/piecewise_analytic_formulas_template.tex:175: Missing } inserted.
<inserted text> 
                }
l.175 \end{gather}
                  
I've inserted something that you may have forgotten.
(See the <inserted text> above.)
With luck, this will get me unwedged. But if you
really didn't forget anything, try typing `2' now; then
my insertion and my current dilemma will both disappear.

c:/Users/TLP-001/Documents/GitHub/project3_docs/fitting/piecewise_analytic_formulas_template.tex:175: Missing } inserted.
<inserted text> 
                }
l.175 \end{gather}
                  
I've inserted something that you may have forgotten.
(See the <inserted text> above.)
With luck, this will get me unwedged. But if you
really didn't forget anything, try typing `2' now; then
my insertion and my current dilemma will both disappear.

c:/Users/TLP-001/Documents/GitHub/project3_docs/fitting/piecewise_analytic_formulas_template.tex:175: Missing \cr inserted.
<inserted text> 
                \cr 
l.175 \end{gather}
                  
I'm guessing that you meant to end an alignment here.

c:/Users/TLP-001/Documents/GitHub/project3_docs/fitting/piecewise_analytic_formulas_template.tex:175: Missing { inserted.
<inserted text> 
                {
l.175 \end{gather}
                  
I've put in what seems to be necessary to fix
the current column of the current alignment.
Try to go on, since this might almost work.

c:/Users/TLP-001/Documents/GitHub/project3_docs/fitting/piecewise_analytic_formulas_template.tex:175: Missing { inserted.
<inserted text> 
                {
l.175 \end{gather}
                  
I've put in what seems to be necessary to fix
the current column of the current alignment.
Try to go on, since this might almost work.

c:/Users/TLP-001/Documents/GitHub/project3_docs/fitting/piecewise_analytic_formulas_template.tex:175: Extra }, or forgotten $.
<recently read> }
                 
l.175 \end{gather}
                  
I've deleted a group-closing symbol because it seems to be
spurious, as in `$x}$'. But perhaps the } is legitimate and
you forgot something else, as in `\hbox{$x}'. In such cases
the way to recover is to insert both the forgotten and the
deleted material, e.g., by typing `I$}'.

c:/Users/TLP-001/Documents/GitHub/project3_docs/fitting/piecewise_analytic_formulas_template.tex:175: Missing number, treated as zero.
<to be read again> 
                   \relax 
l.175 \end{gather}
                  
A number should have been here; I inserted `0'.
(If you can't figure out why I needed to see a number,
look up `weird error' in the index to The TeXbook.)

c:/Users/TLP-001/Documents/GitHub/project3_docs/fitting/piecewise_analytic_formulas_template.tex:175: Illegal unit of measure (pt inserted).
<to be read again> 
                   \relax 
l.175 \end{gather}
                  
Dimensions can be in units of em, ex, in, pt, pc,
cm, mm, dd, cc, nd, nc, bp, or sp; but yours is a new one!
I'll assume that you meant to say pt, for printer's points.
To recover gracefully from this error, it's best to
delete the erroneous units; e.g., type `2' to delete
two letters. (See Chapter 27 of The TeXbook.)

c:/Users/TLP-001/Documents/GitHub/project3_docs/fitting/piecewise_analytic_formulas_template.tex:175: Missing $ inserted.
<inserted text> 
                $
l.175 \end{gather}
                  
I've inserted a begin-math/end-math symbol since I think
you left one out. Proceed, with fingers crossed.

c:/Users/TLP-001/Documents/GitHub/project3_docs/fitting/piecewise_analytic_formulas_template.tex:175: Missing } inserted.
<inserted text> 
                }
l.175 \end{gather}
                  
I've inserted something that you may have forgotten.
(See the <inserted text> above.)
With luck, this will get me unwedged. But if you
really didn't forget anything, try typing `2' now; then
my insertion and my current dilemma will both disappear.

c:/Users/TLP-001/Documents/GitHub/project3_docs/fitting/piecewise_analytic_formulas_template.tex:175: Missing $$ inserted.
<to be read again> 
                   \vskip 
l.175 \end{gather}
                  
Displays can use special alignments (like \eqalignno)
only if nothing but the alignment itself is between $$'s.

c:/Users/TLP-001/Documents/GitHub/project3_docs/fitting/piecewise_analytic_formulas_template.tex:175: Extra }, or forgotten \endgroup.
\math@cr@@ ...th@cr@@@ \noalign {\vskip #1\relax }
                                                  
l.175 \end{gather}
                  
I've deleted a group-closing symbol because it seems to be
spurious, as in `$x}$'. But perhaps the } is legitimate and
you forgot something else, as in `\hbox{$x}'. In such cases
the way to recover is to insert both the forgotten and the
deleted material, e.g., by typing `I$}'.

c:/Users/TLP-001/Documents/GitHub/project3_docs/fitting/piecewise_analytic_formulas_template.tex:175: Missing $ inserted.
<inserted text> 
                $
l.175 \end{gather}
                  
I've inserted a begin-math/end-math symbol since I think
you left one out. Proceed, with fingers crossed.

c:/Users/TLP-001/Documents/GitHub/project3_docs/fitting/piecewise_analytic_formulas_template.tex:175: Missing { inserted.
<to be read again> 
                   _
l.175 \end{gather}
                  
A left brace was mandatory here, so I've put one in.
You might want to delete and/or insert some corrections
so that I will find a matching right brace soon.
(If you're confused by all this, try typing `I}' now.)

c:/Users/TLP-001/Documents/GitHub/project3_docs/fitting/piecewise_analytic_formulas_template.tex:175: Missing { inserted.
<to be read again> 
                   _
l.175 \end{gather}
                  
A left brace was mandatory here, so I've put one in.
You might want to delete and/or insert some corrections
so that I will find a matching right brace soon.
(If you're confused by all this, try typing `I}' now.)

c:/Users/TLP-001/Documents/GitHub/project3_docs/fitting/piecewise_analytic_formulas_template.tex:175: Missing { inserted.
<to be read again> 
                   \left 
l.175 \end{gather}
                  
A left brace was mandatory here, so I've put one in.
You might want to delete and/or insert some corrections
so that I will find a matching right brace soon.
(If you're confused by all this, try typing `I}' now.)

c:/Users/TLP-001/Documents/GitHub/project3_docs/fitting/piecewise_analytic_formulas_template.tex:175: Misplaced \cr.
\math@cr@@@ ->\cr 
                  
l.175 \end{gather}
                  
I can't figure out why you would want to use a tab mark
or \cr or \span just now. If something like a right brace
up above has ended a previous alignment prematurely,
you're probably due for more error messages, and you
might try typing `S' now just to see what is salvageable.

c:/Users/TLP-001/Documents/GitHub/project3_docs/fitting/piecewise_analytic_formulas_template.tex:175: Misplaced \noalign.
\math@cr@@ ... \iffalse }\fi \math@cr@@@ \noalign 
                                                  {\vskip #1\relax }
l.175 \end{gather}
                  
I expect to see \noalign only after the \cr of
an alignment. Proceed, and I'll ignore this case.

c:/Users/TLP-001/Documents/GitHub/project3_docs/fitting/piecewise_analytic_formulas_template.tex:175: Missing $ inserted.
<inserted text> 
                $
l.175 \end{gather}
                  
I've inserted a begin-math/end-math symbol since I think
you left one out. Proceed, with fingers crossed.

c:/Users/TLP-001/Documents/GitHub/project3_docs/fitting/piecewise_analytic_formulas_template.tex:175: Missing } inserted.
<inserted text> 
                }
l.175 \end{gather}
                  
I've inserted something that you may have forgotten.
(See the <inserted text> above.)
With luck, this will get me unwedged. But if you
really didn't forget anything, try typing `2' now; then
my insertion and my current dilemma will both disappear.

c:/Users/TLP-001/Documents/GitHub/project3_docs/fitting/piecewise_analytic_formulas_template.tex:175: Missing } inserted.
<inserted text> 
                }
l.175 \end{gather}
                  
I've inserted something that you may have forgotten.
(See the <inserted text> above.)
With luck, this will get me unwedged. But if you
really didn't forget anything, try typing `2' now; then
my insertion and my current dilemma will both disappear.

c:/Users/TLP-001/Documents/GitHub/project3_docs/fitting/piecewise_analytic_formulas_template.tex:175: Missing } inserted.
<inserted text> 
                }
l.175 \end{gather}
                  
I've inserted something that you may have forgotten.
(See the <inserted text> above.)
With luck, this will get me unwedged. But if you
really didn't forget anything, try typing `2' now; then
my insertion and my current dilemma will both disappear.

c:/Users/TLP-001/Documents/GitHub/project3_docs/fitting/piecewise_analytic_formulas_template.tex:175: Missing } inserted.
<inserted text> 
                }
l.175 \end{gather}
                  
I've inserted something that you may have forgotten.
(See the <inserted text> above.)
With luck, this will get me unwedged. But if you
really didn't forget anything, try typing `2' now; then
my insertion and my current dilemma will both disappear.

c:/Users/TLP-001/Documents/GitHub/project3_docs/fitting/piecewise_analytic_formulas_template.tex:175: Extra }, or forgotten \endgroup.
\math@cr@@ ...th@cr@@@ \noalign {\vskip #1\relax }
                                                  
l.175 \end{gather}
                  
I've deleted a group-closing symbol because it seems to be
spurious, as in `$x}$'. But perhaps the } is legitimate and
you forgot something else, as in `\hbox{$x}'. In such cases
the way to recover is to insert both the forgotten and the
deleted material, e.g., by typing `I$}'.

c:/Users/TLP-001/Documents/GitHub/project3_docs/fitting/piecewise_analytic_formulas_template.tex:175: Misplaced \noalign.
\black@ #1->\noalign 
                     {\ifdim #1>\displaywidth \dimen@ \prevdepth \nointerlin...
l.175 \end{gather}
                  
I expect to see \noalign only after the \cr of
an alignment. Proceed, and I'll ignore this case.


Overfull \hbox (180.38052pt too wide) detected at line 175
[]
 []

c:/Users/TLP-001/Documents/GitHub/project3_docs/fitting/piecewise_analytic_formulas_template.tex:175: Extra }, or forgotten \endgroup.
\endgather ->\math@cr \black@ \totwidth@ \egroup 
                                                 \dollardollar@end \ignoresp...
l.175 \end{gather}
                  
I've deleted a group-closing symbol because it seems to be
spurious, as in `$x}$'. But perhaps the } is legitimate and
you forgot something else, as in `\hbox{$x}'. In such cases
the way to recover is to insert both the forgotten and the
deleted material, e.g., by typing `I$}'.

c:/Users/TLP-001/Documents/GitHub/project3_docs/fitting/piecewise_analytic_formulas_template.tex:175: Missing $ inserted.
<inserted text> 
                $
l.175 \end{gather}
                  
I've inserted something that you may have forgotten.
(See the <inserted text> above.)
With luck, this will get me unwedged. But if you
really didn't forget anything, try typing `2' now; then
my insertion and my current dilemma will both disappear.

c:/Users/TLP-001/Documents/GitHub/project3_docs/fitting/piecewise_analytic_formulas_template.tex:175: Display math should end with $$.
<to be read again> 
                   \endgroup 
l.175 \end{gather}
                  
The `$' that I just saw supposedly matches a previous `$$'.
So I shall assume that you typed `$$' both times.

c:/Users/TLP-001/Documents/GitHub/project3_docs/fitting/piecewise_analytic_formulas_template.tex:185: Missing { inserted.
<to be read again> 
                   _
l.185     $$U_{\text{left}}(y) = __
                                   U0_SUB__ __UA1_SUB_SIGNED__ y^{__UALPHA_S...
A left brace was mandatory here, so I've put one in.
You might want to delete and/or insert some corrections
so that I will find a matching right brace soon.
(If you're confused by all this, try typing `I}' now.)

c:/Users/TLP-001/Documents/GitHub/project3_docs/fitting/piecewise_analytic_formulas_template.tex:185: Missing { inserted.
<to be read again> 
                   _
l.185     $$U_{\text{left}}(y) = __U0_SUB__
                                            __UA1_SUB_SIGNED__ y^{__UALPHA_S...
A left brace was mandatory here, so I've put one in.
You might want to delete and/or insert some corrections
so that I will find a matching right brace soon.
(If you're confused by all this, try typing `I}' now.)

c:/Users/TLP-001/Documents/GitHub/project3_docs/fitting/piecewise_analytic_formulas_template.tex:185: Missing { inserted.
<to be read again> 
                   _
l.185     $$U_{\text{left}}(y) = __U0_SUB__ _
                                             _UA1_SUB_SIGNED__ y^{__UALPHA_S...
A left brace was mandatory here, so I've put one in.
You might want to delete and/or insert some corrections
so that I will find a matching right brace soon.
(If you're confused by all this, try typing `I}' now.)

c:/Users/TLP-001/Documents/GitHub/project3_docs/fitting/piecewise_analytic_formulas_template.tex:185: Missing { inserted.
<to be read again> 
                   _
l.185     $$U_{\text{left}}(y) = __U0_SUB__ __
                                              UA1_SUB_SIGNED__ y^{__UALPHA_S...
A left brace was mandatory here, so I've put one in.
You might want to delete and/or insert some corrections
so that I will find a matching right brace soon.
(If you're confused by all this, try typing `I}' now.)

c:/Users/TLP-001/Documents/GitHub/project3_docs/fitting/piecewise_analytic_formulas_template.tex:185: Missing { inserted.
<to be read again> 
                   _
l.185 ...left}}(y) = __U0_SUB__ __UA1_SUB_SIGNED__
                                                   y^{__UALPHA_SUB__} __UA2_...
A left brace was mandatory here, so I've put one in.
You might want to delete and/or insert some corrections
so that I will find a matching right brace soon.
(If you're confused by all this, try typing `I}' now.)

c:/Users/TLP-001/Documents/GitHub/project3_docs/fitting/piecewise_analytic_formulas_template.tex:185: Missing { inserted.
<to be read again> 
                   _
l.185 ...(y) = __U0_SUB__ __UA1_SUB_SIGNED__ y^{__
                                                  UALPHA_SUB__} __UA2_SUB_SI...
A left brace was mandatory here, so I've put one in.
You might want to delete and/or insert some corrections
so that I will find a matching right brace soon.
(If you're confused by all this, try typing `I}' now.)

c:/Users/TLP-001/Documents/GitHub/project3_docs/fitting/piecewise_analytic_formulas_template.tex:185: Missing { inserted.
<to be read again> 
                   _
l.185 ...UB__ __UA1_SUB_SIGNED__ y^{__UALPHA_SUB__
                                                  } __UA2_SUB_SIGNED__ y^{2 ...
A left brace was mandatory here, so I've put one in.
You might want to delete and/or insert some corrections
so that I will find a matching right brace soon.
(If you're confused by all this, try typing `I}' now.)

c:/Users/TLP-001/Documents/GitHub/project3_docs/fitting/piecewise_analytic_formulas_template.tex:185: Missing { inserted.
<to be read again> 
                   }
l.185 ...B__ __UA1_SUB_SIGNED__ y^{__UALPHA_SUB__}
                                                   __UA2_SUB_SIGNED__ y^{2 _...
A left brace was mandatory here, so I've put one in.
You might want to delete and/or insert some corrections
so that I will find a matching right brace soon.
(If you're confused by all this, try typing `I}' now.)

c:/Users/TLP-001/Documents/GitHub/project3_docs/fitting/piecewise_analytic_formulas_template.tex:185: Double subscript.
l.185 ..._ __UA1_SUB_SIGNED__ y^{__UALPHA_SUB__} _
                                                  _UA2_SUB_SIGNED__ y^{2 __U...
I treat `x_1_2' essentially like `x_1{}_2'.

c:/Users/TLP-001/Documents/GitHub/project3_docs/fitting/piecewise_analytic_formulas_template.tex:185: Missing { inserted.
<to be read again> 
                   _
l.185 ... __UA1_SUB_SIGNED__ y^{__UALPHA_SUB__} __
                                                  UA2_SUB_SIGNED__ y^{2 __UA...
A left brace was mandatory here, so I've put one in.
You might want to delete and/or insert some corrections
so that I will find a matching right brace soon.
(If you're confused by all this, try typing `I}' now.)

c:/Users/TLP-001/Documents/GitHub/project3_docs/fitting/piecewise_analytic_formulas_template.tex:185: Missing { inserted.
<to be read again> 
                   _
l.185 ...D__ y^{__UALPHA_SUB__} __UA2_SUB_SIGNED__
                                                   y^{2 __UALPHA_SUB__} __UA...
A left brace was mandatory here, so I've put one in.
You might want to delete and/or insert some corrections
so that I will find a matching right brace soon.
(If you're confused by all this, try typing `I}' now.)

c:/Users/TLP-001/Documents/GitHub/project3_docs/fitting/piecewise_analytic_formulas_template.tex:185: Missing { inserted.
<to be read again> 
                   _
l.185 ..._UALPHA_SUB__} __UA2_SUB_SIGNED__ y^{2 __
                                                  UALPHA_SUB__} __UA3_SUB_SI...
A left brace was mandatory here, so I've put one in.
You might want to delete and/or insert some corrections
so that I will find a matching right brace soon.
(If you're confused by all this, try typing `I}' now.)

c:/Users/TLP-001/Documents/GitHub/project3_docs/fitting/piecewise_analytic_formulas_template.tex:185: Missing { inserted.
<to be read again> 
                   _
l.185 ..._} __UA2_SUB_SIGNED__ y^{2 __UALPHA_SUB__
                                                  } __UA3_SUB_SIGNED__ y^{3 ...
A left brace was mandatory here, so I've put one in.
You might want to delete and/or insert some corrections
so that I will find a matching right brace soon.
(If you're confused by all this, try typing `I}' now.)

c:/Users/TLP-001/Documents/GitHub/project3_docs/fitting/piecewise_analytic_formulas_template.tex:185: Missing { inserted.
<to be read again> 
                   }
l.185 ...} __UA2_SUB_SIGNED__ y^{2 __UALPHA_SUB__}
                                                   __UA3_SUB_SIGNED__ y^{3 _...
A left brace was mandatory here, so I've put one in.
You might want to delete and/or insert some corrections
so that I will find a matching right brace soon.
(If you're confused by all this, try typing `I}' now.)

c:/Users/TLP-001/Documents/GitHub/project3_docs/fitting/piecewise_analytic_formulas_template.tex:185: Double subscript.
l.185 ...__UA2_SUB_SIGNED__ y^{2 __UALPHA_SUB__} _
                                                  _UA3_SUB_SIGNED__ y^{3 __U...
I treat `x_1_2' essentially like `x_1{}_2'.

c:/Users/TLP-001/Documents/GitHub/project3_docs/fitting/piecewise_analytic_formulas_template.tex:185: Missing { inserted.
<to be read again> 
                   _
l.185 ..._UA2_SUB_SIGNED__ y^{2 __UALPHA_SUB__} __
                                                  UA3_SUB_SIGNED__ y^{3 __UA...
A left brace was mandatory here, so I've put one in.
You might want to delete and/or insert some corrections
so that I will find a matching right brace soon.
(If you're confused by all this, try typing `I}' now.)

c:/Users/TLP-001/Documents/GitHub/project3_docs/fitting/piecewise_analytic_formulas_template.tex:185: Missing { inserted.
<to be read again> 
                   _
l.185 ..._ y^{2 __UALPHA_SUB__} __UA3_SUB_SIGNED__
                                                   y^{3 __UALPHA_SUB__} __UA...
A left brace was mandatory here, so I've put one in.
You might want to delete and/or insert some corrections
so that I will find a matching right brace soon.
(If you're confused by all this, try typing `I}' now.)

c:/Users/TLP-001/Documents/GitHub/project3_docs/fitting/piecewise_analytic_formulas_template.tex:185: Missing { inserted.
<to be read again> 
                   _
l.185 ..._UALPHA_SUB__} __UA3_SUB_SIGNED__ y^{3 __
                                                  UALPHA_SUB__} __UA4_SUB_SI...
A left brace was mandatory here, so I've put one in.
You might want to delete and/or insert some corrections
so that I will find a matching right brace soon.
(If you're confused by all this, try typing `I}' now.)

c:/Users/TLP-001/Documents/GitHub/project3_docs/fitting/piecewise_analytic_formulas_template.tex:185: Missing { inserted.
<to be read again> 
                   _
l.185 ..._} __UA3_SUB_SIGNED__ y^{3 __UALPHA_SUB__
                                                  } __UA4_SUB_SIGNED__ y^{4 ...
A left brace was mandatory here, so I've put one in.
You might want to delete and/or insert some corrections
so that I will find a matching right brace soon.
(If you're confused by all this, try typing `I}' now.)

c:/Users/TLP-001/Documents/GitHub/project3_docs/fitting/piecewise_analytic_formulas_template.tex:185: Missing { inserted.
<to be read again> 
                   }
l.185 ...} __UA3_SUB_SIGNED__ y^{3 __UALPHA_SUB__}
                                                   __UA4_SUB_SIGNED__ y^{4 _...
A left brace was mandatory here, so I've put one in.
You might want to delete and/or insert some corrections
so that I will find a matching right brace soon.
(If you're confused by all this, try typing `I}' now.)

c:/Users/TLP-001/Documents/GitHub/project3_docs/fitting/piecewise_analytic_formulas_template.tex:185: Double subscript.
l.185 ...__UA3_SUB_SIGNED__ y^{3 __UALPHA_SUB__} _
                                                  _UA4_SUB_SIGNED__ y^{4 __U...
I treat `x_1_2' essentially like `x_1{}_2'.

c:/Users/TLP-001/Documents/GitHub/project3_docs/fitting/piecewise_analytic_formulas_template.tex:185: Missing { inserted.
<to be read again> 
                   _
l.185 ..._UA3_SUB_SIGNED__ y^{3 __UALPHA_SUB__} __
                                                  UA4_SUB_SIGNED__ y^{4 __UA...
A left brace was mandatory here, so I've put one in.
You might want to delete and/or insert some corrections
so that I will find a matching right brace soon.
(If you're confused by all this, try typing `I}' now.)

c:/Users/TLP-001/Documents/GitHub/project3_docs/fitting/piecewise_analytic_formulas_template.tex:185: Missing { inserted.
<to be read again> 
                   _
l.185 ..._ y^{3 __UALPHA_SUB__} __UA4_SUB_SIGNED__
                                                   y^{4 __UALPHA_SUB__}$$
A left brace was mandatory here, so I've put one in.
You might want to delete and/or insert some corrections
so that I will find a matching right brace soon.
(If you're confused by all this, try typing `I}' now.)

c:/Users/TLP-001/Documents/GitHub/project3_docs/fitting/piecewise_analytic_formulas_template.tex:185: Missing { inserted.
<to be read again> 
                   _
l.185 ..._UALPHA_SUB__} __UA4_SUB_SIGNED__ y^{4 __
                                                  UALPHA_SUB__}$$
A left brace was mandatory here, so I've put one in.
You might want to delete and/or insert some corrections
so that I will find a matching right brace soon.
(If you're confused by all this, try typing `I}' now.)

c:/Users/TLP-001/Documents/GitHub/project3_docs/fitting/piecewise_analytic_formulas_template.tex:185: Missing { inserted.
<to be read again> 
                   _
l.185 ..._} __UA4_SUB_SIGNED__ y^{4 __UALPHA_SUB__
                                                  }$$
A left brace was mandatory here, so I've put one in.
You might want to delete and/or insert some corrections
so that I will find a matching right brace soon.
(If you're confused by all this, try typing `I}' now.)

c:/Users/TLP-001/Documents/GitHub/project3_docs/fitting/piecewise_analytic_formulas_template.tex:185: Missing { inserted.
<to be read again> 
                   }
l.185 ...} __UA4_SUB_SIGNED__ y^{4 __UALPHA_SUB__}
                                                  $$
A left brace was mandatory here, so I've put one in.
You might want to delete and/or insert some corrections
so that I will find a matching right brace soon.
(If you're confused by all this, try typing `I}' now.)

c:/Users/TLP-001/Documents/GitHub/project3_docs/fitting/piecewise_analytic_formulas_template.tex:185: Missing } inserted.
<inserted text> 
                }
l.185 ... __UA4_SUB_SIGNED__ y^{4 __UALPHA_SUB__}$
                                                  $
I've inserted something that you may have forgotten.
(See the <inserted text> above.)
With luck, this will get me unwedged. But if you
really didn't forget anything, try typing `2' now; then
my insertion and my current dilemma will both disappear.

c:/Users/TLP-001/Documents/GitHub/project3_docs/fitting/piecewise_analytic_formulas_template.tex:185: Missing } inserted.
<inserted text> 
                }
l.185 ... __UA4_SUB_SIGNED__ y^{4 __UALPHA_SUB__}$
                                                  $
I've inserted something that you may have forgotten.
(See the <inserted text> above.)
With luck, this will get me unwedged. But if you
really didn't forget anything, try typing `2' now; then
my insertion and my current dilemma will both disappear.

c:/Users/TLP-001/Documents/GitHub/project3_docs/fitting/piecewise_analytic_formulas_template.tex:185: Missing } inserted.
<inserted text> 
                }
l.185 ... __UA4_SUB_SIGNED__ y^{4 __UALPHA_SUB__}$
                                                  $
I've inserted something that you may have forgotten.
(See the <inserted text> above.)
With luck, this will get me unwedged. But if you
really didn't forget anything, try typing `2' now; then
my insertion and my current dilemma will both disappear.

c:/Users/TLP-001/Documents/GitHub/project3_docs/fitting/piecewise_analytic_formulas_template.tex:185: Missing } inserted.
<inserted text> 
                }
l.185 ... __UA4_SUB_SIGNED__ y^{4 __UALPHA_SUB__}$
                                                  $
I've inserted something that you may have forgotten.
(See the <inserted text> above.)
With luck, this will get me unwedged. But if you
really didn't forget anything, try typing `2' now; then
my insertion and my current dilemma will both disappear.

c:/Users/TLP-001/Documents/GitHub/project3_docs/fitting/piecewise_analytic_formulas_template.tex:185: Missing } inserted.
<inserted text> 
                }
l.185 ... __UA4_SUB_SIGNED__ y^{4 __UALPHA_SUB__}$
                                                  $
I've inserted something that you may have forgotten.
(See the <inserted text> above.)
With luck, this will get me unwedged. But if you
really didn't forget anything, try typing `2' now; then
my insertion and my current dilemma will both disappear.

c:/Users/TLP-001/Documents/GitHub/project3_docs/fitting/piecewise_analytic_formulas_template.tex:185: Missing } inserted.
<inserted text> 
                }
l.185 ... __UA4_SUB_SIGNED__ y^{4 __UALPHA_SUB__}$
                                                  $
I've inserted something that you may have forgotten.
(See the <inserted text> above.)
With luck, this will get me unwedged. But if you
really didn't forget anything, try typing `2' now; then
my insertion and my current dilemma will both disappear.

c:/Users/TLP-001/Documents/GitHub/project3_docs/fitting/piecewise_analytic_formulas_template.tex:185: Missing } inserted.
<inserted text> 
                }
l.185 ... __UA4_SUB_SIGNED__ y^{4 __UALPHA_SUB__}$
                                                  $
I've inserted something that you may have forgotten.
(See the <inserted text> above.)
With luck, this will get me unwedged. But if you
really didn't forget anything, try typing `2' now; then
my insertion and my current dilemma will both disappear.

c:/Users/TLP-001/Documents/GitHub/project3_docs/fitting/piecewise_analytic_formulas_template.tex:185: Missing } inserted.
<inserted text> 
                }
l.185 ... __UA4_SUB_SIGNED__ y^{4 __UALPHA_SUB__}$
                                                  $
I've inserted something that you may have forgotten.
(See the <inserted text> above.)
With luck, this will get me unwedged. But if you
really didn't forget anything, try typing `2' now; then
my insertion and my current dilemma will both disappear.

c:/Users/TLP-001/Documents/GitHub/project3_docs/fitting/piecewise_analytic_formulas_template.tex:185: Missing } inserted.
<inserted text> 
                }
l.185 ... __UA4_SUB_SIGNED__ y^{4 __UALPHA_SUB__}$
                                                  $
I've inserted something that you may have forgotten.
(See the <inserted text> above.)
With luck, this will get me unwedged. But if you
really didn't forget anything, try typing `2' now; then
my insertion and my current dilemma will both disappear.

c:/Users/TLP-001/Documents/GitHub/project3_docs/fitting/piecewise_analytic_formulas_template.tex:185: Missing } inserted.
<inserted text> 
                }
l.185 ... __UA4_SUB_SIGNED__ y^{4 __UALPHA_SUB__}$
                                                  $
I've inserted something that you may have forgotten.
(See the <inserted text> above.)
With luck, this will get me unwedged. But if you
really didn't forget anything, try typing `2' now; then
my insertion and my current dilemma will both disappear.

c:/Users/TLP-001/Documents/GitHub/project3_docs/fitting/piecewise_analytic_formulas_template.tex:185: Missing } inserted.
<inserted text> 
                }
l.185 ... __UA4_SUB_SIGNED__ y^{4 __UALPHA_SUB__}$
                                                  $
I've inserted something that you may have forgotten.
(See the <inserted text> above.)
With luck, this will get me unwedged. But if you
really didn't forget anything, try typing `2' now; then
my insertion and my current dilemma will both disappear.

c:/Users/TLP-001/Documents/GitHub/project3_docs/fitting/piecewise_analytic_formulas_template.tex:185: Missing } inserted.
<inserted text> 
                }
l.185 ... __UA4_SUB_SIGNED__ y^{4 __UALPHA_SUB__}$
                                                  $
I've inserted something that you may have forgotten.
(See the <inserted text> above.)
With luck, this will get me unwedged. But if you
really didn't forget anything, try typing `2' now; then
my insertion and my current dilemma will both disappear.

c:/Users/TLP-001/Documents/GitHub/project3_docs/fitting/piecewise_analytic_formulas_template.tex:185: Missing } inserted.
<inserted text> 
                }
l.185 ... __UA4_SUB_SIGNED__ y^{4 __UALPHA_SUB__}$
                                                  $
I've inserted something that you may have forgotten.
(See the <inserted text> above.)
With luck, this will get me unwedged. But if you
really didn't forget anything, try typing `2' now; then
my insertion and my current dilemma will both disappear.

c:/Users/TLP-001/Documents/GitHub/project3_docs/fitting/piecewise_analytic_formulas_template.tex:185: Missing } inserted.
<inserted text> 
                }
l.185 ... __UA4_SUB_SIGNED__ y^{4 __UALPHA_SUB__}$
                                                  $
I've inserted something that you may have forgotten.
(See the <inserted text> above.)
With luck, this will get me unwedged. But if you
really didn't forget anything, try typing `2' now; then
my insertion and my current dilemma will both disappear.

c:/Users/TLP-001/Documents/GitHub/project3_docs/fitting/piecewise_analytic_formulas_template.tex:185: Missing } inserted.
<inserted text> 
                }
l.185 ... __UA4_SUB_SIGNED__ y^{4 __UALPHA_SUB__}$
                                                  $
I've inserted something that you may have forgotten.
(See the <inserted text> above.)
With luck, this will get me unwedged. But if you
really didn't forget anything, try typing `2' now; then
my insertion and my current dilemma will both disappear.

c:/Users/TLP-001/Documents/GitHub/project3_docs/fitting/piecewise_analytic_formulas_template.tex:185: Missing } inserted.
<inserted text> 
                }
l.185 ... __UA4_SUB_SIGNED__ y^{4 __UALPHA_SUB__}$
                                                  $
I've inserted something that you may have forgotten.
(See the <inserted text> above.)
With luck, this will get me unwedged. But if you
really didn't forget anything, try typing `2' now; then
my insertion and my current dilemma will both disappear.

c:/Users/TLP-001/Documents/GitHub/project3_docs/fitting/piecewise_analytic_formulas_template.tex:185: Missing } inserted.
<inserted text> 
                }
l.185 ... __UA4_SUB_SIGNED__ y^{4 __UALPHA_SUB__}$
                                                  $
I've inserted something that you may have forgotten.
(See the <inserted text> above.)
With luck, this will get me unwedged. But if you
really didn't forget anything, try typing `2' now; then
my insertion and my current dilemma will both disappear.

c:/Users/TLP-001/Documents/GitHub/project3_docs/fitting/piecewise_analytic_formulas_template.tex:185: Missing } inserted.
<inserted text> 
                }
l.185 ... __UA4_SUB_SIGNED__ y^{4 __UALPHA_SUB__}$
                                                  $
I've inserted something that you may have forgotten.
(See the <inserted text> above.)
With luck, this will get me unwedged. But if you
really didn't forget anything, try typing `2' now; then
my insertion and my current dilemma will both disappear.

c:/Users/TLP-001/Documents/GitHub/project3_docs/fitting/piecewise_analytic_formulas_template.tex:185: Missing } inserted.
<inserted text> 
                }
l.185 ... __UA4_SUB_SIGNED__ y^{4 __UALPHA_SUB__}$
                                                  $
I've inserted something that you may have forgotten.
(See the <inserted text> above.)
With luck, this will get me unwedged. But if you
really didn't forget anything, try typing `2' now; then
my insertion and my current dilemma will both disappear.

c:/Users/TLP-001/Documents/GitHub/project3_docs/fitting/piecewise_analytic_formulas_template.tex:185: Missing } inserted.
<inserted text> 
                }
l.185 ... __UA4_SUB_SIGNED__ y^{4 __UALPHA_SUB__}$
                                                  $
I've inserted something that you may have forgotten.
(See the <inserted text> above.)
With luck, this will get me unwedged. But if you
really didn't forget anything, try typing `2' now; then
my insertion and my current dilemma will both disappear.

c:/Users/TLP-001/Documents/GitHub/project3_docs/fitting/piecewise_analytic_formulas_template.tex:185: Missing } inserted.
<inserted text> 
                }
l.185 ... __UA4_SUB_SIGNED__ y^{4 __UALPHA_SUB__}$
                                                  $
I've inserted something that you may have forgotten.
(See the <inserted text> above.)
With luck, this will get me unwedged. But if you
really didn't forget anything, try typing `2' now; then
my insertion and my current dilemma will both disappear.

c:/Users/TLP-001/Documents/GitHub/project3_docs/fitting/piecewise_analytic_formulas_template.tex:185: Missing } inserted.
<inserted text> 
                }
l.185 ... __UA4_SUB_SIGNED__ y^{4 __UALPHA_SUB__}$
                                                  $
I've inserted something that you may have forgotten.
(See the <inserted text> above.)
With luck, this will get me unwedged. But if you
really didn't forget anything, try typing `2' now; then
my insertion and my current dilemma will both disappear.

c:/Users/TLP-001/Documents/GitHub/project3_docs/fitting/piecewise_analytic_formulas_template.tex:185: Missing } inserted.
<inserted text> 
                }
l.185 ... __UA4_SUB_SIGNED__ y^{4 __UALPHA_SUB__}$
                                                  $
I've inserted something that you may have forgotten.
(See the <inserted text> above.)
With luck, this will get me unwedged. But if you
really didn't forget anything, try typing `2' now; then
my insertion and my current dilemma will both disappear.


Overfull \hbox (120.78404pt too wide) detected at line 185
\OML/cmm/m/it/10.95 U[]\OT1/cmr/m/n/10.95 (\OML/cmm/m/it/10.95 y\OT1/cmr/m/n/10.95 ) =[]
 []

c:/Users/TLP-001/Documents/GitHub/project3_docs/fitting/piecewise_analytic_formulas_template.tex:186: Missing { inserted.
<to be read again> 
                   _
l.186     $$U_{\text{right}}(y) = __
                                    UF_SUB__ __UB1_SUB_SIGNED__ (1-y) __UB2_...
A left brace was mandatory here, so I've put one in.
You might want to delete and/or insert some corrections
so that I will find a matching right brace soon.
(If you're confused by all this, try typing `I}' now.)

c:/Users/TLP-001/Documents/GitHub/project3_docs/fitting/piecewise_analytic_formulas_template.tex:186: Missing { inserted.
<to be read again> 
                   _
l.186     $$U_{\text{right}}(y) = __UF_SUB__
                                             __UB1_SUB_SIGNED__ (1-y) __UB2_...
A left brace was mandatory here, so I've put one in.
You might want to delete and/or insert some corrections
so that I will find a matching right brace soon.
(If you're confused by all this, try typing `I}' now.)

c:/Users/TLP-001/Documents/GitHub/project3_docs/fitting/piecewise_analytic_formulas_template.tex:186: Missing { inserted.
<to be read again> 
                   _
l.186     $$U_{\text{right}}(y) = __UF_SUB__ _
                                              _UB1_SUB_SIGNED__ (1-y) __UB2_...
A left brace was mandatory here, so I've put one in.
You might want to delete and/or insert some corrections
so that I will find a matching right brace soon.
(If you're confused by all this, try typing `I}' now.)

c:/Users/TLP-001/Documents/GitHub/project3_docs/fitting/piecewise_analytic_formulas_template.tex:186: Missing { inserted.
<to be read again> 
                   _
l.186     $$U_{\text{right}}(y) = __UF_SUB__ __
                                               UB1_SUB_SIGNED__ (1-y) __UB2_...
A left brace was mandatory here, so I've put one in.
You might want to delete and/or insert some corrections
so that I will find a matching right brace soon.
(If you're confused by all this, try typing `I}' now.)

c:/Users/TLP-001/Documents/GitHub/project3_docs/fitting/piecewise_analytic_formulas_template.tex:186: Missing { inserted.
<to be read again> 
                   _
l.186 ...ight}}(y) = __UF_SUB__ __UB1_SUB_SIGNED__
                                                   (1-y) __UB2_SUB_SIGNED__ ...
A left brace was mandatory here, so I've put one in.
You might want to delete and/or insert some corrections
so that I will find a matching right brace soon.
(If you're confused by all this, try typing `I}' now.)

c:/Users/TLP-001/Documents/GitHub/project3_docs/fitting/piecewise_analytic_formulas_template.tex:186: Missing { inserted.
<to be read again> 
                   _
l.186 ... = __UF_SUB__ __UB1_SUB_SIGNED__ (1-y) __
                                                  UB2_SUB_SIGNED__ (1-y)^2 _...
A left brace was mandatory here, so I've put one in.
You might want to delete and/or insert some corrections
so that I will find a matching right brace soon.
(If you're confused by all this, try typing `I}' now.)

c:/Users/TLP-001/Documents/GitHub/project3_docs/fitting/piecewise_analytic_formulas_template.tex:186: Missing { inserted.
<to be read again> 
                   _
l.186 ...UB1_SUB_SIGNED__ (1-y) __UB2_SUB_SIGNED__
                                                   (1-y)^2 __UB3_SUB_SIGNED_...
A left brace was mandatory here, so I've put one in.
You might want to delete and/or insert some corrections
so that I will find a matching right brace soon.
(If you're confused by all this, try typing `I}' now.)

c:/Users/TLP-001/Documents/GitHub/project3_docs/fitting/piecewise_analytic_formulas_template.tex:186: Missing { inserted.
<to be read again> 
                   _
l.186 ...NED__ (1-y) __UB2_SUB_SIGNED__ (1-y)^2 __
                                                  UB3_SUB_SIGNED__ (1-y)^3 _...
A left brace was mandatory here, so I've put one in.
You might want to delete and/or insert some corrections
so that I will find a matching right brace soon.
(If you're confused by all this, try typing `I}' now.)

c:/Users/TLP-001/Documents/GitHub/project3_docs/fitting/piecewise_analytic_formulas_template.tex:186: Missing { inserted.
<to be read again> 
                   _
l.186 ...2_SUB_SIGNED__ (1-y)^2 __UB3_SUB_SIGNED__
                                                   (1-y)^3 __UB4_SUB_SIGNED_...
A left brace was mandatory here, so I've put one in.
You might want to delete and/or insert some corrections
so that I will find a matching right brace soon.
(If you're confused by all this, try typing `I}' now.)

c:/Users/TLP-001/Documents/GitHub/project3_docs/fitting/piecewise_analytic_formulas_template.tex:186: Missing { inserted.
<to be read again> 
                   _
l.186 ...D__ (1-y)^2 __UB3_SUB_SIGNED__ (1-y)^3 __
                                                  UB4_SUB_SIGNED__ (1-y)^4$$
A left brace was mandatory here, so I've put one in.
You might want to delete and/or insert some corrections
so that I will find a matching right brace soon.
(If you're confused by all this, try typing `I}' now.)

c:/Users/TLP-001/Documents/GitHub/project3_docs/fitting/piecewise_analytic_formulas_template.tex:186: Missing { inserted.
<to be read again> 
                   _
l.186 ...3_SUB_SIGNED__ (1-y)^3 __UB4_SUB_SIGNED__
                                                   (1-y)^4$$
A left brace was mandatory here, so I've put one in.
You might want to delete and/or insert some corrections
so that I will find a matching right brace soon.
(If you're confused by all this, try typing `I}' now.)

c:/Users/TLP-001/Documents/GitHub/project3_docs/fitting/piecewise_analytic_formulas_template.tex:186: Missing } inserted.
<inserted text> 
                }
l.186 ...NED__ (1-y)^3 __UB4_SUB_SIGNED__ (1-y)^4$
                                                  $
I've inserted something that you may have forgotten.
(See the <inserted text> above.)
With luck, this will get me unwedged. But if you
really didn't forget anything, try typing `2' now; then
my insertion and my current dilemma will both disappear.

c:/Users/TLP-001/Documents/GitHub/project3_docs/fitting/piecewise_analytic_formulas_template.tex:186: Missing } inserted.
<inserted text> 
                }
l.186 ...NED__ (1-y)^3 __UB4_SUB_SIGNED__ (1-y)^4$
                                                  $
I've inserted something that you may have forgotten.
(See the <inserted text> above.)
With luck, this will get me unwedged. But if you
really didn't forget anything, try typing `2' now; then
my insertion and my current dilemma will both disappear.

c:/Users/TLP-001/Documents/GitHub/project3_docs/fitting/piecewise_analytic_formulas_template.tex:186: Missing } inserted.
<inserted text> 
                }
l.186 ...NED__ (1-y)^3 __UB4_SUB_SIGNED__ (1-y)^4$
                                                  $
I've inserted something that you may have forgotten.
(See the <inserted text> above.)
With luck, this will get me unwedged. But if you
really didn't forget anything, try typing `2' now; then
my insertion and my current dilemma will both disappear.

c:/Users/TLP-001/Documents/GitHub/project3_docs/fitting/piecewise_analytic_formulas_template.tex:186: Missing } inserted.
<inserted text> 
                }
l.186 ...NED__ (1-y)^3 __UB4_SUB_SIGNED__ (1-y)^4$
                                                  $
I've inserted something that you may have forgotten.
(See the <inserted text> above.)
With luck, this will get me unwedged. But if you
really didn't forget anything, try typing `2' now; then
my insertion and my current dilemma will both disappear.

c:/Users/TLP-001/Documents/GitHub/project3_docs/fitting/piecewise_analytic_formulas_template.tex:186: Missing } inserted.
<inserted text> 
                }
l.186 ...NED__ (1-y)^3 __UB4_SUB_SIGNED__ (1-y)^4$
                                                  $
I've inserted something that you may have forgotten.
(See the <inserted text> above.)
With luck, this will get me unwedged. But if you
really didn't forget anything, try typing `2' now; then
my insertion and my current dilemma will both disappear.

c:/Users/TLP-001/Documents/GitHub/project3_docs/fitting/piecewise_analytic_formulas_template.tex:186: Missing } inserted.
<inserted text> 
                }
l.186 ...NED__ (1-y)^3 __UB4_SUB_SIGNED__ (1-y)^4$
                                                  $
I've inserted something that you may have forgotten.
(See the <inserted text> above.)
With luck, this will get me unwedged. But if you
really didn't forget anything, try typing `2' now; then
my insertion and my current dilemma will both disappear.

c:/Users/TLP-001/Documents/GitHub/project3_docs/fitting/piecewise_analytic_formulas_template.tex:186: Missing } inserted.
<inserted text> 
                }
l.186 ...NED__ (1-y)^3 __UB4_SUB_SIGNED__ (1-y)^4$
                                                  $
I've inserted something that you may have forgotten.
(See the <inserted text> above.)
With luck, this will get me unwedged. But if you
really didn't forget anything, try typing `2' now; then
my insertion and my current dilemma will both disappear.

c:/Users/TLP-001/Documents/GitHub/project3_docs/fitting/piecewise_analytic_formulas_template.tex:186: Missing } inserted.
<inserted text> 
                }
l.186 ...NED__ (1-y)^3 __UB4_SUB_SIGNED__ (1-y)^4$
                                                  $
I've inserted something that you may have forgotten.
(See the <inserted text> above.)
With luck, this will get me unwedged. But if you
really didn't forget anything, try typing `2' now; then
my insertion and my current dilemma will both disappear.

c:/Users/TLP-001/Documents/GitHub/project3_docs/fitting/piecewise_analytic_formulas_template.tex:186: Missing } inserted.
<inserted text> 
                }
l.186 ...NED__ (1-y)^3 __UB4_SUB_SIGNED__ (1-y)^4$
                                                  $
I've inserted something that you may have forgotten.
(See the <inserted text> above.)
With luck, this will get me unwedged. But if you
really didn't forget anything, try typing `2' now; then
my insertion and my current dilemma will both disappear.

c:/Users/TLP-001/Documents/GitHub/project3_docs/fitting/piecewise_analytic_formulas_template.tex:186: Missing } inserted.
<inserted text> 
                }
l.186 ...NED__ (1-y)^3 __UB4_SUB_SIGNED__ (1-y)^4$
                                                  $
I've inserted something that you may have forgotten.
(See the <inserted text> above.)
With luck, this will get me unwedged. But if you
really didn't forget anything, try typing `2' now; then
my insertion and my current dilemma will both disappear.

c:/Users/TLP-001/Documents/GitHub/project3_docs/fitting/piecewise_analytic_formulas_template.tex:186: Missing } inserted.
<inserted text> 
                }
l.186 ...NED__ (1-y)^3 __UB4_SUB_SIGNED__ (1-y)^4$
                                                  $
I've inserted something that you may have forgotten.
(See the <inserted text> above.)
With luck, this will get me unwedged. But if you
really didn't forget anything, try typing `2' now; then
my insertion and my current dilemma will both disappear.



[3]
c:/Users/TLP-001/Documents/GitHub/project3_docs/fitting/piecewise_analytic_formulas_template.tex:187: Missing { inserted.
<to be read again> 
                   _
l.187 ... y}{1 + \left( y / __UY0_SUB__ \right)^4}
                                                  $$
A left brace was mandatory here, so I've put one in.
You might want to delete and/or insert some corrections
so that I will find a matching right brace soon.
(If you're confused by all this, try typing `I}' now.)

c:/Users/TLP-001/Documents/GitHub/project3_docs/fitting/piecewise_analytic_formulas_template.tex:187: Missing { inserted.
<to be read again> 
                   _
l.187 ... y}{1 + \left( y / __UY0_SUB__ \right)^4}
                                                  $$
A left brace was mandatory here, so I've put one in.
You might want to delete and/or insert some corrections
so that I will find a matching right brace soon.
(If you're confused by all this, try typing `I}' now.)

c:/Users/TLP-001/Documents/GitHub/project3_docs/fitting/piecewise_analytic_formulas_template.tex:187: Missing { inserted.
<to be read again> 
                   \right 
l.187 ... y}{1 + \left( y / __UY0_SUB__ \right)^4}
                                                  $$
A left brace was mandatory here, so I've put one in.
You might want to delete and/or insert some corrections
so that I will find a matching right brace soon.
(If you're confused by all this, try typing `I}' now.)

c:/Users/TLP-001/Documents/GitHub/project3_docs/fitting/piecewise_analytic_formulas_template.tex:187: Missing } inserted.
<inserted text> 
                }
l.187 ... y}{1 + \left( y / __UY0_SUB__ \right)^4}
                                                  $$
I've inserted something that you may have forgotten.
(See the <inserted text> above.)
With luck, this will get me unwedged. But if you
really didn't forget anything, try typing `2' now; then
my insertion and my current dilemma will both disappear.

c:/Users/TLP-001/Documents/GitHub/project3_docs/fitting/piecewise_analytic_formulas_template.tex:187: Missing } inserted.
<inserted text> 
                }
l.187 ... y}{1 + \left( y / __UY0_SUB__ \right)^4}
                                                  $$
I've inserted something that you may have forgotten.
(See the <inserted text> above.)
With luck, this will get me unwedged. But if you
really didn't forget anything, try typing `2' now; then
my insertion and my current dilemma will both disappear.

c:/Users/TLP-001/Documents/GitHub/project3_docs/fitting/piecewise_analytic_formulas_template.tex:187: Missing } inserted.
<inserted text> 
                }
l.187 ... y}{1 + \left( y / __UY0_SUB__ \right)^4}
                                                  $$
I've inserted something that you may have forgotten.
(See the <inserted text> above.)
With luck, this will get me unwedged. But if you
really didn't forget anything, try typing `2' now; then
my insertion and my current dilemma will both disappear.

c:/Users/TLP-001/Documents/GitHub/project3_docs/fitting/piecewise_analytic_formulas_template.tex:196: Missing { inserted.
<to be read again> 
                   _
l.196 ...conversions ($u_{\text{scale}} \approx __
                                                  U_SCALE_SUB__ \text{ km/s}$):
A left brace was mandatory here, so I've put one in.
You might want to delete and/or insert some corrections
so that I will find a matching right brace soon.
(If you're confused by all this, try typing `I}' now.)

c:/Users/TLP-001/Documents/GitHub/project3_docs/fitting/piecewise_analytic_formulas_template.tex:196: Double subscript.
l.196 ...nversions ($u_{\text{scale}} \approx __U_
                                                  SCALE_SUB__ \text{ km/s}$):
I treat `x_1_2' essentially like `x_1{}_2'.

c:/Users/TLP-001/Documents/GitHub/project3_docs/fitting/piecewise_analytic_formulas_template.tex:196: Missing { inserted.
<to be read again> 
                   _
l.196 ...$u_{\text{scale}} \approx __U_SCALE_SUB__
                                                   \text{ km/s}$):
A left brace was mandatory here, so I've put one in.
You might want to delete and/or insert some corrections
so that I will find a matching right brace soon.
(If you're confused by all this, try typing `I}' now.)

c:/Users/TLP-001/Documents/GitHub/project3_docs/fitting/piecewise_analytic_formulas_template.tex:196: Missing } inserted.
<inserted text> 
                }
l.196 ...e}} \approx __U_SCALE_SUB__ \text{ km/s}$
                                                  ):
I've inserted something that you may have forgotten.
(See the <inserted text> above.)
With luck, this will get me unwedged. But if you
really didn't forget anything, try typing `2' now; then
my insertion and my current dilemma will both disappear.

c:/Users/TLP-001/Documents/GitHub/project3_docs/fitting/piecewise_analytic_formulas_template.tex:196: Missing } inserted.
<inserted text> 
                }
l.196 ...e}} \approx __U_SCALE_SUB__ \text{ km/s}$
                                                  ):
I've inserted something that you may have forgotten.
(See the <inserted text> above.)
With luck, this will get me unwedged. But if you
really didn't forget anything, try typing `2' now; then
my insertion and my current dilemma will both disappear.


Overfull \hbox (42.38129pt too wide) in paragraph at lines 195--197
[]\OT1/cmr/bx/n/10.95 Substitution of scal-ing con-stants and units\OT1/cmr/m/n/10.95 : Us-ing phys-i-cal con-ver-sions ($\OML/cmm/m/it/10.95 u[] \OMS/cmsy/m/n/10.95 ^^Y[]$\OT1/cmr/m/n/10.95 ): 
 []

c:/Users/TLP-001/Documents/GitHub/project3_docs/fitting/piecewise_analytic_formulas_template.tex:197: Missing { inserted.
<to be read again> 
                   _
l.197     $$u(m,t) \approx U(y) \cdot __
                                        U_SCALE_SUB__ \, \left(\frac{t}{\tex...
A left brace was mandatory here, so I've put one in.
You might want to delete and/or insert some corrections
so that I will find a matching right brace soon.
(If you're confused by all this, try typing `I}' now.)

c:/Users/TLP-001/Documents/GitHub/project3_docs/fitting/piecewise_analytic_formulas_template.tex:197: Double subscript.
l.197     $$u(m,t) \approx U(y) \cdot __U_
                                          SCALE_SUB__ \, \left(\frac{t}{\tex...
I treat `x_1_2' essentially like `x_1{}_2'.

c:/Users/TLP-001/Documents/GitHub/project3_docs/fitting/piecewise_analytic_formulas_template.tex:197: Missing { inserted.
<to be read again> 
                   _
l.197 ...u(m,t) \approx U(y) \cdot __U_SCALE_SUB__
                                                   \, \left(\frac{t}{\text{n...
A left brace was mandatory here, so I've put one in.
You might want to delete and/or insert some corrections
so that I will find a matching right brace soon.
(If you're confused by all this, try typing `I}' now.)

c:/Users/TLP-001/Documents/GitHub/project3_docs/fitting/piecewise_analytic_formulas_template.tex:197: Missing { inserted.
<to be read again> 
                   \mskip 
l.197 ...,t) \approx U(y) \cdot __U_SCALE_SUB__ \,
                                                   \left(\frac{t}{\text{ns}}...
A left brace was mandatory here, so I've put one in.
You might want to delete and/or insert some corrections
so that I will find a matching right brace soon.
(If you're confused by all this, try typing `I}' now.)

c:/Users/TLP-001/Documents/GitHub/project3_docs/fitting/piecewise_analytic_formulas_template.tex:197: Missing } inserted.
<inserted text> 
                }
l.197 ...right)^{\frac{7}{192}} \quad \text{km/s}$
                                                  $
I've inserted something that you may have forgotten.
(See the <inserted text> above.)
With luck, this will get me unwedged. But if you
really didn't forget anything, try typing `2' now; then
my insertion and my current dilemma will both disappear.

c:/Users/TLP-001/Documents/GitHub/project3_docs/fitting/piecewise_analytic_formulas_template.tex:197: Missing } inserted.
<inserted text> 
                }
l.197 ...right)^{\frac{7}{192}} \quad \text{km/s}$
                                                  $
I've inserted something that you may have forgotten.
(See the <inserted text> above.)
With luck, this will get me unwedged. But if you
really didn't forget anything, try typing `2' now; then
my insertion and my current dilemma will both disappear.

c:/Users/TLP-001/Documents/GitHub/project3_docs/fitting/piecewise_analytic_formulas_template.tex:197: Missing } inserted.
<inserted text> 
                }
l.197 ...right)^{\frac{7}{192}} \quad \text{km/s}$
                                                  $
I've inserted something that you may have forgotten.
(See the <inserted text> above.)
With luck, this will get me unwedged. But if you
really didn't forget anything, try typing `2' now; then
my insertion and my current dilemma will both disappear.

c:/Users/TLP-001/Documents/GitHub/project3_docs/fitting/piecewise_analytic_formulas_template.tex:200: Missing { inserted.
<to be read again> 
                   _
l.200     Substituting $y \approx __
                                    INV_MF__ \left(\frac{m}{\text{g/cm}^2}\r...
A left brace was mandatory here, so I've put one in.
You might want to delete and/or insert some corrections
so that I will find a matching right brace soon.
(If you're confused by all this, try typing `I}' now.)

c:/Users/TLP-001/Documents/GitHub/project3_docs/fitting/piecewise_analytic_formulas_template.tex:200: Missing { inserted.
<to be read again> 
                   _
l.200     Substituting $y \approx __INV_MF__
                                             \left(\frac{m}{\text{g/cm}^2}\r...
A left brace was mandatory here, so I've put one in.
You might want to delete and/or insert some corrections
so that I will find a matching right brace soon.
(If you're confused by all this, try typing `I}' now.)

c:/Users/TLP-001/Documents/GitHub/project3_docs/fitting/piecewise_analytic_formulas_template.tex:200: Missing { inserted.
<to be read again> 
                   \left 
l.200     Substituting $y \approx __INV_MF__ \left
                                                  (\frac{m}{\text{g/cm}^2}\r...
A left brace was mandatory here, so I've put one in.
You might want to delete and/or insert some corrections
so that I will find a matching right brace soon.
(If you're confused by all this, try typing `I}' now.)

c:/Users/TLP-001/Documents/GitHub/project3_docs/fitting/piecewise_analytic_formulas_template.tex:200: Missing } inserted.
<inserted text> 
                }
l.200 ...ac{t}{\text{ns}}\right)^{-\frac{33}{64}}$
                                                  :
I've inserted something that you may have forgotten.
(See the <inserted text> above.)
With luck, this will get me unwedged. But if you
really didn't forget anything, try typing `2' now; then
my insertion and my current dilemma will both disappear.

c:/Users/TLP-001/Documents/GitHub/project3_docs/fitting/piecewise_analytic_formulas_template.tex:200: Missing } inserted.
<inserted text> 
                }
l.200 ...ac{t}{\text{ns}}\right)^{-\frac{33}{64}}$
                                                  :
I've inserted something that you may have forgotten.
(See the <inserted text> above.)
With luck, this will get me unwedged. But if you
really didn't forget anything, try typing `2' now; then
my insertion and my current dilemma will both disappear.

c:/Users/TLP-001/Documents/GitHub/project3_docs/fitting/piecewise_analytic_formulas_template.tex:200: Missing } inserted.
<inserted text> 
                }
l.200 ...ac{t}{\text{ns}}\right)^{-\frac{33}{64}}$
                                                  :
I've inserted something that you may have forgotten.
(See the <inserted text> above.)
With luck, this will get me unwedged. But if you
really didn't forget anything, try typing `2' now; then
my insertion and my current dilemma will both disappear.

c:/Users/TLP-001/Documents/GitHub/project3_docs/fitting/piecewise_analytic_formulas_template.tex:203: Missing { inserted.
<to be read again> 
                   _
l.203     $$u_{\text{left}}(y) = __
                                   LEAD_U0_SUB__ __LEAD_UA1_SUB_SIGNED__ y^{...
A left brace was mandatory here, so I've put one in.
You might want to delete and/or insert some corrections
so that I will find a matching right brace soon.
(If you're confused by all this, try typing `I}' now.)

c:/Users/TLP-001/Documents/GitHub/project3_docs/fitting/piecewise_analytic_formulas_template.tex:203: Missing { inserted.
<to be read again> 
                   _
l.203     $$u_{\text{left}}(y) = __LEAD_U0_SUB__
                                                 __LEAD_UA1_SUB_SIGNED__ y^{...
A left brace was mandatory here, so I've put one in.
You might want to delete and/or insert some corrections
so that I will find a matching right brace soon.
(If you're confused by all this, try typing `I}' now.)

c:/Users/TLP-001/Documents/GitHub/project3_docs/fitting/piecewise_analytic_formulas_template.tex:203: Missing { inserted.
<to be read again> 
                   _
l.203     $$u_{\text{left}}(y) = __LEAD_U0_SUB__ _
                                                  _LEAD_UA1_SUB_SIGNED__ y^{...
A left brace was mandatory here, so I've put one in.
You might want to delete and/or insert some corrections
so that I will find a matching right brace soon.
(If you're confused by all this, try typing `I}' now.)

c:/Users/TLP-001/Documents/GitHub/project3_docs/fitting/piecewise_analytic_formulas_template.tex:203: Missing { inserted.
<to be read again> 
                   _
l.203 ...$$u_{\text{left}}(y) = __LEAD_U0_SUB__ __
                                                  LEAD_UA1_SUB_SIGNED__ y^{_...
A left brace was mandatory here, so I've put one in.
You might want to delete and/or insert some corrections
so that I will find a matching right brace soon.
(If you're confused by all this, try typing `I}' now.)

c:/Users/TLP-001/Documents/GitHub/project3_docs/fitting/piecewise_analytic_formulas_template.tex:203: Missing { inserted.
<to be read again> 
                   _
l.203 ...= __LEAD_U0_SUB__ __LEAD_UA1_SUB_SIGNED__
                                                   y^{__UALPHA_SUB__} __LEAD...
A left brace was mandatory here, so I've put one in.
You might want to delete and/or insert some corrections
so that I will find a matching right brace soon.
(If you're confused by all this, try typing `I}' now.)

c:/Users/TLP-001/Documents/GitHub/project3_docs/fitting/piecewise_analytic_formulas_template.tex:203: Missing { inserted.
<to be read again> 
                   _
l.203 ...AD_U0_SUB__ __LEAD_UA1_SUB_SIGNED__ y^{__
                                                  UALPHA_SUB__} __LEAD_UA2_S...
A left brace was mandatory here, so I've put one in.
You might want to delete and/or insert some corrections
so that I will find a matching right brace soon.
(If you're confused by all this, try typing `I}' now.)

c:/Users/TLP-001/Documents/GitHub/project3_docs/fitting/piecewise_analytic_formulas_template.tex:203: Missing { inserted.
<to be read again> 
                   _
l.203 ...__LEAD_UA1_SUB_SIGNED__ y^{__UALPHA_SUB__
                                                  } __LEAD_UA2_SUB_SIGNED__ ...
A left brace was mandatory here, so I've put one in.
You might want to delete and/or insert some corrections
so that I will find a matching right brace soon.
(If you're confused by all this, try typing `I}' now.)

c:/Users/TLP-001/Documents/GitHub/project3_docs/fitting/piecewise_analytic_formulas_template.tex:203: Missing { inserted.
<to be read again> 
                   }
l.203 ..._LEAD_UA1_SUB_SIGNED__ y^{__UALPHA_SUB__}
                                                   __LEAD_UA2_SUB_SIGNED__ y...
A left brace was mandatory here, so I've put one in.
You might want to delete and/or insert some corrections
so that I will find a matching right brace soon.
(If you're confused by all this, try typing `I}' now.)

c:/Users/TLP-001/Documents/GitHub/project3_docs/fitting/piecewise_analytic_formulas_template.tex:203: Double subscript.
l.203 ...EAD_UA1_SUB_SIGNED__ y^{__UALPHA_SUB__} _
                                                  _LEAD_UA2_SUB_SIGNED__ y^{...
I treat `x_1_2' essentially like `x_1{}_2'.

c:/Users/TLP-001/Documents/GitHub/project3_docs/fitting/piecewise_analytic_formulas_template.tex:203: Missing { inserted.
<to be read again> 
                   _
l.203 ...AD_UA1_SUB_SIGNED__ y^{__UALPHA_SUB__} __
                                                  LEAD_UA2_SUB_SIGNED__ y^{2...
A left brace was mandatory here, so I've put one in.
You might want to delete and/or insert some corrections
so that I will find a matching right brace soon.
(If you're confused by all this, try typing `I}' now.)

c:/Users/TLP-001/Documents/GitHub/project3_docs/fitting/piecewise_analytic_formulas_template.tex:203: Missing { inserted.
<to be read again> 
                   _
l.203 ...^{__UALPHA_SUB__} __LEAD_UA2_SUB_SIGNED__
                                                   y^{2 __UALPHA_SUB__} __LE...
A left brace was mandatory here, so I've put one in.
You might want to delete and/or insert some corrections
so that I will find a matching right brace soon.
(If you're confused by all this, try typing `I}' now.)

c:/Users/TLP-001/Documents/GitHub/project3_docs/fitting/piecewise_analytic_formulas_template.tex:203: Missing { inserted.
<to be read again> 
                   _
l.203 ...HA_SUB__} __LEAD_UA2_SUB_SIGNED__ y^{2 __
                                                  UALPHA_SUB__} __LEAD_UA3_S...
A left brace was mandatory here, so I've put one in.
You might want to delete and/or insert some corrections
so that I will find a matching right brace soon.
(If you're confused by all this, try typing `I}' now.)

c:/Users/TLP-001/Documents/GitHub/project3_docs/fitting/piecewise_analytic_formulas_template.tex:203: Missing { inserted.
<to be read again> 
                   _
l.203 ...LEAD_UA2_SUB_SIGNED__ y^{2 __UALPHA_SUB__
                                                  } __LEAD_UA3_SUB_SIGNED__ ...
A left brace was mandatory here, so I've put one in.
You might want to delete and/or insert some corrections
so that I will find a matching right brace soon.
(If you're confused by all this, try typing `I}' now.)

c:/Users/TLP-001/Documents/GitHub/project3_docs/fitting/piecewise_analytic_formulas_template.tex:203: Missing { inserted.
<to be read again> 
                   }
l.203 ...EAD_UA2_SUB_SIGNED__ y^{2 __UALPHA_SUB__}
                                                   __LEAD_UA3_SUB_SIGNED__ y...
A left brace was mandatory here, so I've put one in.
You might want to delete and/or insert some corrections
so that I will find a matching right brace soon.
(If you're confused by all this, try typing `I}' now.)

c:/Users/TLP-001/Documents/GitHub/project3_docs/fitting/piecewise_analytic_formulas_template.tex:203: Double subscript.
l.203 ...D_UA2_SUB_SIGNED__ y^{2 __UALPHA_SUB__} _
                                                  _LEAD_UA3_SUB_SIGNED__ y^{...
I treat `x_1_2' essentially like `x_1{}_2'.

c:/Users/TLP-001/Documents/GitHub/project3_docs/fitting/piecewise_analytic_formulas_template.tex:203: Missing { inserted.
<to be read again> 
                   _
l.203 ..._UA2_SUB_SIGNED__ y^{2 __UALPHA_SUB__} __
                                                  LEAD_UA3_SUB_SIGNED__ y^{3...
A left brace was mandatory here, so I've put one in.
You might want to delete and/or insert some corrections
so that I will find a matching right brace soon.
(If you're confused by all this, try typing `I}' now.)

c:/Users/TLP-001/Documents/GitHub/project3_docs/fitting/piecewise_analytic_formulas_template.tex:203: Missing { inserted.
<to be read again> 
                   _
l.203 ...2 __UALPHA_SUB__} __LEAD_UA3_SUB_SIGNED__
                                                   y^{3 __UALPHA_SUB__} __LE...
A left brace was mandatory here, so I've put one in.
You might want to delete and/or insert some corrections
so that I will find a matching right brace soon.
(If you're confused by all this, try typing `I}' now.)

c:/Users/TLP-001/Documents/GitHub/project3_docs/fitting/piecewise_analytic_formulas_template.tex:203: Missing { inserted.
<to be read again> 
                   _
l.203 ...HA_SUB__} __LEAD_UA3_SUB_SIGNED__ y^{3 __
                                                  UALPHA_SUB__} __LEAD_UA4_S...
A left brace was mandatory here, so I've put one in.
You might want to delete and/or insert some corrections
so that I will find a matching right brace soon.
(If you're confused by all this, try typing `I}' now.)

c:/Users/TLP-001/Documents/GitHub/project3_docs/fitting/piecewise_analytic_formulas_template.tex:203: Missing { inserted.
<to be read again> 
                   _
l.203 ...LEAD_UA3_SUB_SIGNED__ y^{3 __UALPHA_SUB__
                                                  } __LEAD_UA4_SUB_SIGNED__ ...
A left brace was mandatory here, so I've put one in.
You might want to delete and/or insert some corrections
so that I will find a matching right brace soon.
(If you're confused by all this, try typing `I}' now.)

c:/Users/TLP-001/Documents/GitHub/project3_docs/fitting/piecewise_analytic_formulas_template.tex:203: Missing { inserted.
<to be read again> 
                   }
l.203 ...EAD_UA3_SUB_SIGNED__ y^{3 __UALPHA_SUB__}
                                                   __LEAD_UA4_SUB_SIGNED__ y...
A left brace was mandatory here, so I've put one in.
You might want to delete and/or insert some corrections
so that I will find a matching right brace soon.
(If you're confused by all this, try typing `I}' now.)

c:/Users/TLP-001/Documents/GitHub/project3_docs/fitting/piecewise_analytic_formulas_template.tex:203: Double subscript.
l.203 ...D_UA3_SUB_SIGNED__ y^{3 __UALPHA_SUB__} _
                                                  _LEAD_UA4_SUB_SIGNED__ y^{...
I treat `x_1_2' essentially like `x_1{}_2'.

c:/Users/TLP-001/Documents/GitHub/project3_docs/fitting/piecewise_analytic_formulas_template.tex:203: Missing { inserted.
<to be read again> 
                   _
l.203 ..._UA3_SUB_SIGNED__ y^{3 __UALPHA_SUB__} __
                                                  LEAD_UA4_SUB_SIGNED__ y^{4...
A left brace was mandatory here, so I've put one in.
You might want to delete and/or insert some corrections
so that I will find a matching right brace soon.
(If you're confused by all this, try typing `I}' now.)

c:/Users/TLP-001/Documents/GitHub/project3_docs/fitting/piecewise_analytic_formulas_template.tex:203: Missing { inserted.
<to be read again> 
                   _
l.203 ...3 __UALPHA_SUB__} __LEAD_UA4_SUB_SIGNED__
                                                   y^{4 __UALPHA_SUB__}$$
A left brace was mandatory here, so I've put one in.
You might want to delete and/or insert some corrections
so that I will find a matching right brace soon.
(If you're confused by all this, try typing `I}' now.)

c:/Users/TLP-001/Documents/GitHub/project3_docs/fitting/piecewise_analytic_formulas_template.tex:203: Missing { inserted.
<to be read again> 
                   _
l.203 ...HA_SUB__} __LEAD_UA4_SUB_SIGNED__ y^{4 __
                                                  UALPHA_SUB__}$$
A left brace was mandatory here, so I've put one in.
You might want to delete and/or insert some corrections
so that I will find a matching right brace soon.
(If you're confused by all this, try typing `I}' now.)

c:/Users/TLP-001/Documents/GitHub/project3_docs/fitting/piecewise_analytic_formulas_template.tex:203: Missing { inserted.
<to be read again> 
                   _
l.203 ...LEAD_UA4_SUB_SIGNED__ y^{4 __UALPHA_SUB__
                                                  }$$
A left brace was mandatory here, so I've put one in.
You might want to delete and/or insert some corrections
so that I will find a matching right brace soon.
(If you're confused by all this, try typing `I}' now.)

c:/Users/TLP-001/Documents/GitHub/project3_docs/fitting/piecewise_analytic_formulas_template.tex:203: Missing { inserted.
<to be read again> 
                   }
l.203 ...EAD_UA4_SUB_SIGNED__ y^{4 __UALPHA_SUB__}
                                                  $$
A left brace was mandatory here, so I've put one in.
You might want to delete and/or insert some corrections
so that I will find a matching right brace soon.
(If you're confused by all this, try typing `I}' now.)

c:/Users/TLP-001/Documents/GitHub/project3_docs/fitting/piecewise_analytic_formulas_template.tex:203: Missing } inserted.
<inserted text> 
                }
l.203 ...AD_UA4_SUB_SIGNED__ y^{4 __UALPHA_SUB__}$
                                                  $
I've inserted something that you may have forgotten.
(See the <inserted text> above.)
With luck, this will get me unwedged. But if you
really didn't forget anything, try typing `2' now; then
my insertion and my current dilemma will both disappear.

c:/Users/TLP-001/Documents/GitHub/project3_docs/fitting/piecewise_analytic_formulas_template.tex:203: Missing } inserted.
<inserted text> 
                }
l.203 ...AD_UA4_SUB_SIGNED__ y^{4 __UALPHA_SUB__}$
                                                  $
I've inserted something that you may have forgotten.
(See the <inserted text> above.)
With luck, this will get me unwedged. But if you
really didn't forget anything, try typing `2' now; then
my insertion and my current dilemma will both disappear.

c:/Users/TLP-001/Documents/GitHub/project3_docs/fitting/piecewise_analytic_formulas_template.tex:203: Missing } inserted.
<inserted text> 
                }
l.203 ...AD_UA4_SUB_SIGNED__ y^{4 __UALPHA_SUB__}$
                                                  $
I've inserted something that you may have forgotten.
(See the <inserted text> above.)
With luck, this will get me unwedged. But if you
really didn't forget anything, try typing `2' now; then
my insertion and my current dilemma will both disappear.

c:/Users/TLP-001/Documents/GitHub/project3_docs/fitting/piecewise_analytic_formulas_template.tex:203: Missing } inserted.
<inserted text> 
                }
l.203 ...AD_UA4_SUB_SIGNED__ y^{4 __UALPHA_SUB__}$
                                                  $
I've inserted something that you may have forgotten.
(See the <inserted text> above.)
With luck, this will get me unwedged. But if you
really didn't forget anything, try typing `2' now; then
my insertion and my current dilemma will both disappear.

c:/Users/TLP-001/Documents/GitHub/project3_docs/fitting/piecewise_analytic_formulas_template.tex:203: Missing } inserted.
<inserted text> 
                }
l.203 ...AD_UA4_SUB_SIGNED__ y^{4 __UALPHA_SUB__}$
                                                  $
I've inserted something that you may have forgotten.
(See the <inserted text> above.)
With luck, this will get me unwedged. But if you
really didn't forget anything, try typing `2' now; then
my insertion and my current dilemma will both disappear.

c:/Users/TLP-001/Documents/GitHub/project3_docs/fitting/piecewise_analytic_formulas_template.tex:203: Missing } inserted.
<inserted text> 
                }
l.203 ...AD_UA4_SUB_SIGNED__ y^{4 __UALPHA_SUB__}$
                                                  $
I've inserted something that you may have forgotten.
(See the <inserted text> above.)
With luck, this will get me unwedged. But if you
really didn't forget anything, try typing `2' now; then
my insertion and my current dilemma will both disappear.

c:/Users/TLP-001/Documents/GitHub/project3_docs/fitting/piecewise_analytic_formulas_template.tex:203: Missing } inserted.
<inserted text> 
                }
l.203 ...AD_UA4_SUB_SIGNED__ y^{4 __UALPHA_SUB__}$
                                                  $
I've inserted something that you may have forgotten.
(See the <inserted text> above.)
With luck, this will get me unwedged. But if you
really didn't forget anything, try typing `2' now; then
my insertion and my current dilemma will both disappear.

c:/Users/TLP-001/Documents/GitHub/project3_docs/fitting/piecewise_analytic_formulas_template.tex:203: Missing } inserted.
<inserted text> 
                }
l.203 ...AD_UA4_SUB_SIGNED__ y^{4 __UALPHA_SUB__}$
                                                  $
I've inserted something that you may have forgotten.
(See the <inserted text> above.)
With luck, this will get me unwedged. But if you
really didn't forget anything, try typing `2' now; then
my insertion and my current dilemma will both disappear.

c:/Users/TLP-001/Documents/GitHub/project3_docs/fitting/piecewise_analytic_formulas_template.tex:203: Missing } inserted.
<inserted text> 
                }
l.203 ...AD_UA4_SUB_SIGNED__ y^{4 __UALPHA_SUB__}$
                                                  $
I've inserted something that you may have forgotten.
(See the <inserted text> above.)
With luck, this will get me unwedged. But if you
really didn't forget anything, try typing `2' now; then
my insertion and my current dilemma will both disappear.

c:/Users/TLP-001/Documents/GitHub/project3_docs/fitting/piecewise_analytic_formulas_template.tex:203: Missing } inserted.
<inserted text> 
                }
l.203 ...AD_UA4_SUB_SIGNED__ y^{4 __UALPHA_SUB__}$
                                                  $
I've inserted something that you may have forgotten.
(See the <inserted text> above.)
With luck, this will get me unwedged. But if you
really didn't forget anything, try typing `2' now; then
my insertion and my current dilemma will both disappear.

c:/Users/TLP-001/Documents/GitHub/project3_docs/fitting/piecewise_analytic_formulas_template.tex:203: Missing } inserted.
<inserted text> 
                }
l.203 ...AD_UA4_SUB_SIGNED__ y^{4 __UALPHA_SUB__}$
                                                  $
I've inserted something that you may have forgotten.
(See the <inserted text> above.)
With luck, this will get me unwedged. But if you
really didn't forget anything, try typing `2' now; then
my insertion and my current dilemma will both disappear.

c:/Users/TLP-001/Documents/GitHub/project3_docs/fitting/piecewise_analytic_formulas_template.tex:203: Missing } inserted.
<inserted text> 
                }
l.203 ...AD_UA4_SUB_SIGNED__ y^{4 __UALPHA_SUB__}$
                                                  $
I've inserted something that you may have forgotten.
(See the <inserted text> above.)
With luck, this will get me unwedged. But if you
really didn't forget anything, try typing `2' now; then
my insertion and my current dilemma will both disappear.

c:/Users/TLP-001/Documents/GitHub/project3_docs/fitting/piecewise_analytic_formulas_template.tex:203: Missing } inserted.
<inserted text> 
                }
l.203 ...AD_UA4_SUB_SIGNED__ y^{4 __UALPHA_SUB__}$
                                                  $
I've inserted something that you may have forgotten.
(See the <inserted text> above.)
With luck, this will get me unwedged. But if you
really didn't forget anything, try typing `2' now; then
my insertion and my current dilemma will both disappear.

c:/Users/TLP-001/Documents/GitHub/project3_docs/fitting/piecewise_analytic_formulas_template.tex:203: Missing } inserted.
<inserted text> 
                }
l.203 ...AD_UA4_SUB_SIGNED__ y^{4 __UALPHA_SUB__}$
                                                  $
I've inserted something that you may have forgotten.
(See the <inserted text> above.)
With luck, this will get me unwedged. But if you
really didn't forget anything, try typing `2' now; then
my insertion and my current dilemma will both disappear.

c:/Users/TLP-001/Documents/GitHub/project3_docs/fitting/piecewise_analytic_formulas_template.tex:203: Missing } inserted.
<inserted text> 
                }
l.203 ...AD_UA4_SUB_SIGNED__ y^{4 __UALPHA_SUB__}$
                                                  $
I've inserted something that you may have forgotten.
(See the <inserted text> above.)
With luck, this will get me unwedged. But if you
really didn't forget anything, try typing `2' now; then
my insertion and my current dilemma will both disappear.

c:/Users/TLP-001/Documents/GitHub/project3_docs/fitting/piecewise_analytic_formulas_template.tex:203: Missing } inserted.
<inserted text> 
                }
l.203 ...AD_UA4_SUB_SIGNED__ y^{4 __UALPHA_SUB__}$
                                                  $
I've inserted something that you may have forgotten.
(See the <inserted text> above.)
With luck, this will get me unwedged. But if you
really didn't forget anything, try typing `2' now; then
my insertion and my current dilemma will both disappear.

c:/Users/TLP-001/Documents/GitHub/project3_docs/fitting/piecewise_analytic_formulas_template.tex:203: Missing } inserted.
<inserted text> 
                }
l.203 ...AD_UA4_SUB_SIGNED__ y^{4 __UALPHA_SUB__}$
                                                  $
I've inserted something that you may have forgotten.
(See the <inserted text> above.)
With luck, this will get me unwedged. But if you
really didn't forget anything, try typing `2' now; then
my insertion and my current dilemma will both disappear.

c:/Users/TLP-001/Documents/GitHub/project3_docs/fitting/piecewise_analytic_formulas_template.tex:203: Missing } inserted.
<inserted text> 
                }
l.203 ...AD_UA4_SUB_SIGNED__ y^{4 __UALPHA_SUB__}$
                                                  $
I've inserted something that you may have forgotten.
(See the <inserted text> above.)
With luck, this will get me unwedged. But if you
really didn't forget anything, try typing `2' now; then
my insertion and my current dilemma will both disappear.

c:/Users/TLP-001/Documents/GitHub/project3_docs/fitting/piecewise_analytic_formulas_template.tex:203: Missing } inserted.
<inserted text> 
                }
l.203 ...AD_UA4_SUB_SIGNED__ y^{4 __UALPHA_SUB__}$
                                                  $
I've inserted something that you may have forgotten.
(See the <inserted text> above.)
With luck, this will get me unwedged. But if you
really didn't forget anything, try typing `2' now; then
my insertion and my current dilemma will both disappear.

c:/Users/TLP-001/Documents/GitHub/project3_docs/fitting/piecewise_analytic_formulas_template.tex:203: Missing } inserted.
<inserted text> 
                }
l.203 ...AD_UA4_SUB_SIGNED__ y^{4 __UALPHA_SUB__}$
                                                  $
I've inserted something that you may have forgotten.
(See the <inserted text> above.)
With luck, this will get me unwedged. But if you
really didn't forget anything, try typing `2' now; then
my insertion and my current dilemma will both disappear.

c:/Users/TLP-001/Documents/GitHub/project3_docs/fitting/piecewise_analytic_formulas_template.tex:203: Missing } inserted.
<inserted text> 
                }
l.203 ...AD_UA4_SUB_SIGNED__ y^{4 __UALPHA_SUB__}$
                                                  $
I've inserted something that you may have forgotten.
(See the <inserted text> above.)
With luck, this will get me unwedged. But if you
really didn't forget anything, try typing `2' now; then
my insertion and my current dilemma will both disappear.

c:/Users/TLP-001/Documents/GitHub/project3_docs/fitting/piecewise_analytic_formulas_template.tex:203: Missing } inserted.
<inserted text> 
                }
l.203 ...AD_UA4_SUB_SIGNED__ y^{4 __UALPHA_SUB__}$
                                                  $
I've inserted something that you may have forgotten.
(See the <inserted text> above.)
With luck, this will get me unwedged. But if you
really didn't forget anything, try typing `2' now; then
my insertion and my current dilemma will both disappear.

c:/Users/TLP-001/Documents/GitHub/project3_docs/fitting/piecewise_analytic_formulas_template.tex:203: Missing } inserted.
<inserted text> 
                }
l.203 ...AD_UA4_SUB_SIGNED__ y^{4 __UALPHA_SUB__}$
                                                  $
I've inserted something that you may have forgotten.
(See the <inserted text> above.)
With luck, this will get me unwedged. But if you
really didn't forget anything, try typing `2' now; then
my insertion and my current dilemma will both disappear.


Overfull \hbox (236.4967pt too wide) detected at line 203
\OML/cmm/m/it/10.95 u[]\OT1/cmr/m/n/10.95 (\OML/cmm/m/it/10.95 y\OT1/cmr/m/n/10.95 ) =[]
 []

c:/Users/TLP-001/Documents/GitHub/project3_docs/fitting/piecewise_analytic_formulas_template.tex:204: Missing { inserted.
<to be read again> 
                   _
l.204     $$u_{\text{right}}(y) = __
                                    LEAD_UF_SUB__ __LEAD_UB1_SUB_SIGNED__ (1...
A left brace was mandatory here, so I've put one in.
You might want to delete and/or insert some corrections
so that I will find a matching right brace soon.
(If you're confused by all this, try typing `I}' now.)

c:/Users/TLP-001/Documents/GitHub/project3_docs/fitting/piecewise_analytic_formulas_template.tex:204: Missing { inserted.
<to be read again> 
                   _
l.204     $$u_{\text{right}}(y) = __LEAD_UF_SUB__
                                                  __LEAD_UB1_SUB_SIGNED__ (1...
A left brace was mandatory here, so I've put one in.
You might want to delete and/or insert some corrections
so that I will find a matching right brace soon.
(If you're confused by all this, try typing `I}' now.)

c:/Users/TLP-001/Documents/GitHub/project3_docs/fitting/piecewise_analytic_formulas_template.tex:204: Missing { inserted.
<to be read again> 
                   _
l.204 ...$$u_{\text{right}}(y) = __LEAD_UF_SUB__ _
                                                  _LEAD_UB1_SUB_SIGNED__ (1-...
A left brace was mandatory here, so I've put one in.
You might want to delete and/or insert some corrections
so that I will find a matching right brace soon.
(If you're confused by all this, try typing `I}' now.)

c:/Users/TLP-001/Documents/GitHub/project3_docs/fitting/piecewise_analytic_formulas_template.tex:204: Missing { inserted.
<to be read again> 
                   _
l.204 ...$u_{\text{right}}(y) = __LEAD_UF_SUB__ __
                                                  LEAD_UB1_SUB_SIGNED__ (1-y...
A left brace was mandatory here, so I've put one in.
You might want to delete and/or insert some corrections
so that I will find a matching right brace soon.
(If you're confused by all this, try typing `I}' now.)

c:/Users/TLP-001/Documents/GitHub/project3_docs/fitting/piecewise_analytic_formulas_template.tex:204: Missing { inserted.
<to be read again> 
                   _
l.204 ...= __LEAD_UF_SUB__ __LEAD_UB1_SUB_SIGNED__
                                                   (1-y) __LEAD_UB2_SUB_SIGN...
A left brace was mandatory here, so I've put one in.
You might want to delete and/or insert some corrections
so that I will find a matching right brace soon.
(If you're confused by all this, try typing `I}' now.)

c:/Users/TLP-001/Documents/GitHub/project3_docs/fitting/piecewise_analytic_formulas_template.tex:204: Missing { inserted.
<to be read again> 
                   _
l.204 ...UF_SUB__ __LEAD_UB1_SUB_SIGNED__ (1-y) __
                                                  LEAD_UB2_SUB_SIGNED__ (1-y...
A left brace was mandatory here, so I've put one in.
You might want to delete and/or insert some corrections
so that I will find a matching right brace soon.
(If you're confused by all this, try typing `I}' now.)

c:/Users/TLP-001/Documents/GitHub/project3_docs/fitting/piecewise_analytic_formulas_template.tex:204: Missing { inserted.
<to be read again> 
                   _
l.204 ...UB_SIGNED__ (1-y) __LEAD_UB2_SUB_SIGNED__
                                                   (1-y)^2 __LEAD_UB3_SUB_SI...
A left brace was mandatory here, so I've put one in.
You might want to delete and/or insert some corrections
so that I will find a matching right brace soon.
(If you're confused by all this, try typing `I}' now.)

c:/Users/TLP-001/Documents/GitHub/project3_docs/fitting/piecewise_analytic_formulas_template.tex:204: Missing { inserted.
<to be read again> 
                   _
l.204 ... (1-y) __LEAD_UB2_SUB_SIGNED__ (1-y)^2 __
                                                  LEAD_UB3_SUB_SIGNED__ (1-y...
A left brace was mandatory here, so I've put one in.
You might want to delete and/or insert some corrections
so that I will find a matching right brace soon.
(If you're confused by all this, try typing `I}' now.)

c:/Users/TLP-001/Documents/GitHub/project3_docs/fitting/piecewise_analytic_formulas_template.tex:204: Missing { inserted.
<to be read again> 
                   _
l.204 ..._SIGNED__ (1-y)^2 __LEAD_UB3_SUB_SIGNED__
                                                   (1-y)^3 __LEAD_UB4_SUB_SI...
A left brace was mandatory here, so I've put one in.
You might want to delete and/or insert some corrections
so that I will find a matching right brace soon.
(If you're confused by all this, try typing `I}' now.)

c:/Users/TLP-001/Documents/GitHub/project3_docs/fitting/piecewise_analytic_formulas_template.tex:204: Missing { inserted.
<to be read again> 
                   _
l.204 ...1-y)^2 __LEAD_UB3_SUB_SIGNED__ (1-y)^3 __
                                                  LEAD_UB4_SUB_SIGNED__ (1-y...
A left brace was mandatory here, so I've put one in.
You might want to delete and/or insert some corrections
so that I will find a matching right brace soon.
(If you're confused by all this, try typing `I}' now.)

c:/Users/TLP-001/Documents/GitHub/project3_docs/fitting/piecewise_analytic_formulas_template.tex:204: Missing { inserted.
<to be read again> 
                   _
l.204 ..._SIGNED__ (1-y)^3 __LEAD_UB4_SUB_SIGNED__
                                                   (1-y)^4$$
A left brace was mandatory here, so I've put one in.
You might want to delete and/or insert some corrections
so that I will find a matching right brace soon.
(If you're confused by all this, try typing `I}' now.)

c:/Users/TLP-001/Documents/GitHub/project3_docs/fitting/piecewise_analytic_formulas_template.tex:204: Missing } inserted.
<inserted text> 
                }
l.204 ... (1-y)^3 __LEAD_UB4_SUB_SIGNED__ (1-y)^4$
                                                  $
I've inserted something that you may have forgotten.
(See the <inserted text> above.)
With luck, this will get me unwedged. But if you
really didn't forget anything, try typing `2' now; then
my insertion and my current dilemma will both disappear.

c:/Users/TLP-001/Documents/GitHub/project3_docs/fitting/piecewise_analytic_formulas_template.tex:204: Missing } inserted.
<inserted text> 
                }
l.204 ... (1-y)^3 __LEAD_UB4_SUB_SIGNED__ (1-y)^4$
                                                  $
I've inserted something that you may have forgotten.
(See the <inserted text> above.)
With luck, this will get me unwedged. But if you
really didn't forget anything, try typing `2' now; then
my insertion and my current dilemma will both disappear.

c:/Users/TLP-001/Documents/GitHub/project3_docs/fitting/piecewise_analytic_formulas_template.tex:204: Missing } inserted.
<inserted text> 
                }
l.204 ... (1-y)^3 __LEAD_UB4_SUB_SIGNED__ (1-y)^4$
                                                  $
I've inserted something that you may have forgotten.
(See the <inserted text> above.)
With luck, this will get me unwedged. But if you
really didn't forget anything, try typing `2' now; then
my insertion and my current dilemma will both disappear.

c:/Users/TLP-001/Documents/GitHub/project3_docs/fitting/piecewise_analytic_formulas_template.tex:204: Missing } inserted.
<inserted text> 
                }
l.204 ... (1-y)^3 __LEAD_UB4_SUB_SIGNED__ (1-y)^4$
                                                  $
I've inserted something that you may have forgotten.
(See the <inserted text> above.)
With luck, this will get me unwedged. But if you
really didn't forget anything, try typing `2' now; then
my insertion and my current dilemma will both disappear.

c:/Users/TLP-001/Documents/GitHub/project3_docs/fitting/piecewise_analytic_formulas_template.tex:204: Missing } inserted.
<inserted text> 
                }
l.204 ... (1-y)^3 __LEAD_UB4_SUB_SIGNED__ (1-y)^4$
                                                  $
I've inserted something that you may have forgotten.
(See the <inserted text> above.)
With luck, this will get me unwedged. But if you
really didn't forget anything, try typing `2' now; then
my insertion and my current dilemma will both disappear.

c:/Users/TLP-001/Documents/GitHub/project3_docs/fitting/piecewise_analytic_formulas_template.tex:204: Missing } inserted.
<inserted text> 
                }
l.204 ... (1-y)^3 __LEAD_UB4_SUB_SIGNED__ (1-y)^4$
                                                  $
I've inserted something that you may have forgotten.
(See the <inserted text> above.)
With luck, this will get me unwedged. But if you
really didn't forget anything, try typing `2' now; then
my insertion and my current dilemma will both disappear.

c:/Users/TLP-001/Documents/GitHub/project3_docs/fitting/piecewise_analytic_formulas_template.tex:204: Missing } inserted.
<inserted text> 
                }
l.204 ... (1-y)^3 __LEAD_UB4_SUB_SIGNED__ (1-y)^4$
                                                  $
I've inserted something that you may have forgotten.
(See the <inserted text> above.)
With luck, this will get me unwedged. But if you
really didn't forget anything, try typing `2' now; then
my insertion and my current dilemma will both disappear.

c:/Users/TLP-001/Documents/GitHub/project3_docs/fitting/piecewise_analytic_formulas_template.tex:204: Missing } inserted.
<inserted text> 
                }
l.204 ... (1-y)^3 __LEAD_UB4_SUB_SIGNED__ (1-y)^4$
                                                  $
I've inserted something that you may have forgotten.
(See the <inserted text> above.)
With luck, this will get me unwedged. But if you
really didn't forget anything, try typing `2' now; then
my insertion and my current dilemma will both disappear.

c:/Users/TLP-001/Documents/GitHub/project3_docs/fitting/piecewise_analytic_formulas_template.tex:204: Missing } inserted.
<inserted text> 
                }
l.204 ... (1-y)^3 __LEAD_UB4_SUB_SIGNED__ (1-y)^4$
                                                  $
I've inserted something that you may have forgotten.
(See the <inserted text> above.)
With luck, this will get me unwedged. But if you
really didn't forget anything, try typing `2' now; then
my insertion and my current dilemma will both disappear.

c:/Users/TLP-001/Documents/GitHub/project3_docs/fitting/piecewise_analytic_formulas_template.tex:204: Missing } inserted.
<inserted text> 
                }
l.204 ... (1-y)^3 __LEAD_UB4_SUB_SIGNED__ (1-y)^4$
                                                  $
I've inserted something that you may have forgotten.
(See the <inserted text> above.)
With luck, this will get me unwedged. But if you
really didn't forget anything, try typing `2' now; then
my insertion and my current dilemma will both disappear.

c:/Users/TLP-001/Documents/GitHub/project3_docs/fitting/piecewise_analytic_formulas_template.tex:204: Missing } inserted.
<inserted text> 
                }
l.204 ... (1-y)^3 __LEAD_UB4_SUB_SIGNED__ (1-y)^4$
                                                  $
I've inserted something that you may have forgotten.
(See the <inserted text> above.)
With luck, this will get me unwedged. But if you
really didn't forget anything, try typing `2' now; then
my insertion and my current dilemma will both disappear.


Overfull \hbox (104.46707pt too wide) detected at line 204
\OML/cmm/m/it/10.95 u[]\OT1/cmr/m/n/10.95 (\OML/cmm/m/it/10.95 y\OT1/cmr/m/n/10.95 ) =[]
 []

c:/Users/TLP-001/Documents/GitHub/project3_docs/fitting/piecewise_analytic_formulas_template.tex:205: Missing { inserted.
<to be read again> 
                   _
l.205 ... y}{1 + \left( y / __UY0_SUB__ \right)^4}
                                                  $.
A left brace was mandatory here, so I've put one in.
You might want to delete and/or insert some corrections
so that I will find a matching right brace soon.
(If you're confused by all this, try typing `I}' now.)

c:/Users/TLP-001/Documents/GitHub/project3_docs/fitting/piecewise_analytic_formulas_template.tex:205: Missing { inserted.
<to be read again> 
                   _
l.205 ... y}{1 + \left( y / __UY0_SUB__ \right)^4}
                                                  $.
A left brace was mandatory here, so I've put one in.
You might want to delete and/or insert some corrections
so that I will find a matching right brace soon.
(If you're confused by all this, try typing `I}' now.)

c:/Users/TLP-001/Documents/GitHub/project3_docs/fitting/piecewise_analytic_formulas_template.tex:205: Missing { inserted.
<to be read again> 
                   \right 
l.205 ... y}{1 + \left( y / __UY0_SUB__ \right)^4}
                                                  $.
A left brace was mandatory here, so I've put one in.
You might want to delete and/or insert some corrections
so that I will find a matching right brace soon.
(If you're confused by all this, try typing `I}' now.)

c:/Users/TLP-001/Documents/GitHub/project3_docs/fitting/piecewise_analytic_formulas_template.tex:205: Missing } inserted.
<inserted text> 
                }
l.205 ... y}{1 + \left( y / __UY0_SUB__ \right)^4}
                                                  $.
I've inserted something that you may have forgotten.
(See the <inserted text> above.)
With luck, this will get me unwedged. But if you
really didn't forget anything, try typing `2' now; then
my insertion and my current dilemma will both disappear.

c:/Users/TLP-001/Documents/GitHub/project3_docs/fitting/piecewise_analytic_formulas_template.tex:205: Missing } inserted.
<inserted text> 
                }
l.205 ... y}{1 + \left( y / __UY0_SUB__ \right)^4}
                                                  $.
I've inserted something that you may have forgotten.
(See the <inserted text> above.)
With luck, this will get me unwedged. But if you
really didn't forget anything, try typing `2' now; then
my insertion and my current dilemma will both disappear.

c:/Users/TLP-001/Documents/GitHub/project3_docs/fitting/piecewise_analytic_formulas_template.tex:205: Missing } inserted.
<inserted text> 
                }
l.205 ... y}{1 + \left( y / __UY0_SUB__ \right)^4}
                                                  $.
I've inserted something that you may have forgotten.
(See the <inserted text> above.)
With luck, this will get me unwedged. But if you
really didn't forget anything, try typing `2' now; then
my insertion and my current dilemma will both disappear.

c:/Users/TLP-001/Documents/GitHub/project3_docs/fitting/piecewise_analytic_formulas_template.tex:211: Missing { inserted.
<to be read again> 
                   _
l.211     $$V(y) \approx __
                           V0_H__ \, (1 - y)^{__D_V_H__}$$
A left brace was mandatory here, so I've put one in.
You might want to delete and/or insert some corrections
so that I will find a matching right brace soon.
(If you're confused by all this, try typing `I}' now.)

c:/Users/TLP-001/Documents/GitHub/project3_docs/fitting/piecewise_analytic_formulas_template.tex:211: Double subscript.
l.211     $$V(y) \approx __V0_H_
                                _ \, (1 - y)^{__D_V_H__}$$
I treat `x_1_2' essentially like `x_1{}_2'.

c:/Users/TLP-001/Documents/GitHub/project3_docs/fitting/piecewise_analytic_formulas_template.tex:211: Missing { inserted.
<to be read again> 
                   _
l.211     $$V(y) \approx __V0_H__
                                  \, (1 - y)^{__D_V_H__}$$
A left brace was mandatory here, so I've put one in.
You might want to delete and/or insert some corrections
so that I will find a matching right brace soon.
(If you're confused by all this, try typing `I}' now.)

c:/Users/TLP-001/Documents/GitHub/project3_docs/fitting/piecewise_analytic_formulas_template.tex:211: Missing { inserted.
<to be read again> 
                   \mskip 
l.211     $$V(y) \approx __V0_H__ \,
                                     (1 - y)^{__D_V_H__}$$
A left brace was mandatory here, so I've put one in.
You might want to delete and/or insert some corrections
so that I will find a matching right brace soon.
(If you're confused by all this, try typing `I}' now.)

c:/Users/TLP-001/Documents/GitHub/project3_docs/fitting/piecewise_analytic_formulas_template.tex:211: Missing { inserted.
<to be read again> 
                   _
l.211     $$V(y) \approx __V0_H__ \, (1 - y)^{__
                                                D_V_H__}$$
A left brace was mandatory here, so I've put one in.
You might want to delete and/or insert some corrections
so that I will find a matching right brace soon.
(If you're confused by all this, try typing `I}' now.)

c:/Users/TLP-001/Documents/GitHub/project3_docs/fitting/piecewise_analytic_formulas_template.tex:211: Double subscript.
l.211     $$V(y) \approx __V0_H__ \, (1 - y)^{__D_
                                                  V_H__}$$
I treat `x_1_2' essentially like `x_1{}_2'.

c:/Users/TLP-001/Documents/GitHub/project3_docs/fitting/piecewise_analytic_formulas_template.tex:211: Double subscript.
l.211 ...$V(y) \approx __V0_H__ \, (1 - y)^{__D_V_
                                                  H__}$$
I treat `x_1_2' essentially like `x_1{}_2'.

c:/Users/TLP-001/Documents/GitHub/project3_docs/fitting/piecewise_analytic_formulas_template.tex:211: Double subscript.
l.211 ...(y) \approx __V0_H__ \, (1 - y)^{__D_V_H_
                                                  _}$$
I treat `x_1_2' essentially like `x_1{}_2'.

c:/Users/TLP-001/Documents/GitHub/project3_docs/fitting/piecewise_analytic_formulas_template.tex:211: Missing { inserted.
<to be read again> 
                   _
l.211 ...y) \approx __V0_H__ \, (1 - y)^{__D_V_H__
                                                  }$$
A left brace was mandatory here, so I've put one in.
You might want to delete and/or insert some corrections
so that I will find a matching right brace soon.
(If you're confused by all this, try typing `I}' now.)

c:/Users/TLP-001/Documents/GitHub/project3_docs/fitting/piecewise_analytic_formulas_template.tex:211: Missing { inserted.
<to be read again> 
                   }
l.211 ...) \approx __V0_H__ \, (1 - y)^{__D_V_H__}
                                                  $$
A left brace was mandatory here, so I've put one in.
You might want to delete and/or insert some corrections
so that I will find a matching right brace soon.
(If you're confused by all this, try typing `I}' now.)

c:/Users/TLP-001/Documents/GitHub/project3_docs/fitting/piecewise_analytic_formulas_template.tex:211: Missing } inserted.
<inserted text> 
                }
l.211 ... \approx __V0_H__ \, (1 - y)^{__D_V_H__}$
                                                  $
I've inserted something that you may have forgotten.
(See the <inserted text> above.)
With luck, this will get me unwedged. But if you
really didn't forget anything, try typing `2' now; then
my insertion and my current dilemma will both disappear.

c:/Users/TLP-001/Documents/GitHub/project3_docs/fitting/piecewise_analytic_formulas_template.tex:211: Missing } inserted.
<inserted text> 
                }
l.211 ... \approx __V0_H__ \, (1 - y)^{__D_V_H__}$
                                                  $
I've inserted something that you may have forgotten.
(See the <inserted text> above.)
With luck, this will get me unwedged. But if you
really didn't forget anything, try typing `2' now; then
my insertion and my current dilemma will both disappear.

c:/Users/TLP-001/Documents/GitHub/project3_docs/fitting/piecewise_analytic_formulas_template.tex:211: Missing } inserted.
<inserted text> 
                }
l.211 ... \approx __V0_H__ \, (1 - y)^{__D_V_H__}$
                                                  $
I've inserted something that you may have forgotten.
(See the <inserted text> above.)
With luck, this will get me unwedged. But if you
really didn't forget anything, try typing `2' now; then
my insertion and my current dilemma will both disappear.

c:/Users/TLP-001/Documents/GitHub/project3_docs/fitting/piecewise_analytic_formulas_template.tex:211: Missing } inserted.
<inserted text> 
                }
l.211 ... \approx __V0_H__ \, (1 - y)^{__D_V_H__}$
                                                  $
I've inserted something that you may have forgotten.
(See the <inserted text> above.)
With luck, this will get me unwedged. But if you
really didn't forget anything, try typing `2' now; then
my insertion and my current dilemma will both disappear.

c:/Users/TLP-001/Documents/GitHub/project3_docs/fitting/piecewise_analytic_formulas_template.tex:211: Missing } inserted.
<inserted text> 
                }
l.211 ... \approx __V0_H__ \, (1 - y)^{__D_V_H__}$
                                                  $
I've inserted something that you may have forgotten.
(See the <inserted text> above.)
With luck, this will get me unwedged. But if you
really didn't forget anything, try typing `2' now; then
my insertion and my current dilemma will both disappear.

c:/Users/TLP-001/Documents/GitHub/project3_docs/fitting/piecewise_analytic_formulas_template.tex:211: Missing } inserted.
<inserted text> 
                }
l.211 ... \approx __V0_H__ \, (1 - y)^{__D_V_H__}$
                                                  $
I've inserted something that you may have forgotten.
(See the <inserted text> above.)
With luck, this will get me unwedged. But if you
really didn't forget anything, try typing `2' now; then
my insertion and my current dilemma will both disappear.

c:/Users/TLP-001/Documents/GitHub/project3_docs/fitting/piecewise_analytic_formulas_template.tex:215: Missing { inserted.
<to be read again> 
                   _
l.215     $$v(m,t) \approx __
                             V0_H__ (1 - y)^{__D_V_H__} \, A^{-\frac{115}{96...
A left brace was mandatory here, so I've put one in.
You might want to delete and/or insert some corrections
so that I will find a matching right brace soon.
(If you're confused by all this, try typing `I}' now.)

c:/Users/TLP-001/Documents/GitHub/project3_docs/fitting/piecewise_analytic_formulas_template.tex:215: Double subscript.
l.215     $$v(m,t) \approx __V0_H_
                                  _ (1 - y)^{__D_V_H__} \, A^{-\frac{115}{96...
I treat `x_1_2' essentially like `x_1{}_2'.

c:/Users/TLP-001/Documents/GitHub/project3_docs/fitting/piecewise_analytic_formulas_template.tex:215: Missing { inserted.
<to be read again> 
                   _
l.215     $$v(m,t) \approx __V0_H__
                                    (1 - y)^{__D_V_H__} \, A^{-\frac{115}{96...
A left brace was mandatory here, so I've put one in.
You might want to delete and/or insert some corrections
so that I will find a matching right brace soon.
(If you're confused by all this, try typing `I}' now.)

c:/Users/TLP-001/Documents/GitHub/project3_docs/fitting/piecewise_analytic_formulas_template.tex:215: Missing { inserted.
<to be read again> 
                   _
l.215     $$v(m,t) \approx __V0_H__ (1 - y)^{__
                                               D_V_H__} \, A^{-\frac{115}{96...
A left brace was mandatory here, so I've put one in.
You might want to delete and/or insert some corrections
so that I will find a matching right brace soon.
(If you're confused by all this, try typing `I}' now.)

c:/Users/TLP-001/Documents/GitHub/project3_docs/fitting/piecewise_analytic_formulas_template.tex:215: Double subscript.
l.215     $$v(m,t) \approx __V0_H__ (1 - y)^{__D_
                                                 V_H__} \, A^{-\frac{115}{96...
I treat `x_1_2' essentially like `x_1{}_2'.

c:/Users/TLP-001/Documents/GitHub/project3_docs/fitting/piecewise_analytic_formulas_template.tex:215: Double subscript.
l.215 ...$$v(m,t) \approx __V0_H__ (1 - y)^{__D_V_
                                                  H__} \, A^{-\frac{115}{96}...
I treat `x_1_2' essentially like `x_1{}_2'.

c:/Users/TLP-001/Documents/GitHub/project3_docs/fitting/piecewise_analytic_formulas_template.tex:215: Double subscript.
l.215 ...v(m,t) \approx __V0_H__ (1 - y)^{__D_V_H_
                                                  _} \, A^{-\frac{115}{96}} ...
I treat `x_1_2' essentially like `x_1{}_2'.

c:/Users/TLP-001/Documents/GitHub/project3_docs/fitting/piecewise_analytic_formulas_template.tex:215: Missing { inserted.
<to be read again> 
                   _
l.215 ...(m,t) \approx __V0_H__ (1 - y)^{__D_V_H__
                                                  } \, A^{-\frac{115}{96}} \...
A left brace was mandatory here, so I've put one in.
You might want to delete and/or insert some corrections
so that I will find a matching right brace soon.
(If you're confused by all this, try typing `I}' now.)

c:/Users/TLP-001/Documents/GitHub/project3_docs/fitting/piecewise_analytic_formulas_template.tex:215: Missing { inserted.
<to be read again> 
                   }
l.215 ...m,t) \approx __V0_H__ (1 - y)^{__D_V_H__}
                                                   \, A^{-\frac{115}{96}} \,...
A left brace was mandatory here, so I've put one in.
You might want to delete and/or insert some corrections
so that I will find a matching right brace soon.
(If you're confused by all this, try typing `I}' now.)

c:/Users/TLP-001/Documents/GitHub/project3_docs/fitting/piecewise_analytic_formulas_template.tex:215: Missing } inserted.
<inserted text> 
                }
l.215 ... B^{-\frac{25}{48}} \, t^{\frac{25}{48}}$
                                                  $
I've inserted something that you may have forgotten.
(See the <inserted text> above.)
With luck, this will get me unwedged. But if you
really didn't forget anything, try typing `2' now; then
my insertion and my current dilemma will both disappear.

c:/Users/TLP-001/Documents/GitHub/project3_docs/fitting/piecewise_analytic_formulas_template.tex:215: Missing } inserted.
<inserted text> 
                }
l.215 ... B^{-\frac{25}{48}} \, t^{\frac{25}{48}}$
                                                  $
I've inserted something that you may have forgotten.
(See the <inserted text> above.)
With luck, this will get me unwedged. But if you
really didn't forget anything, try typing `2' now; then
my insertion and my current dilemma will both disappear.

c:/Users/TLP-001/Documents/GitHub/project3_docs/fitting/piecewise_analytic_formulas_template.tex:215: Missing } inserted.
<inserted text> 
                }
l.215 ... B^{-\frac{25}{48}} \, t^{\frac{25}{48}}$
                                                  $
I've inserted something that you may have forgotten.
(See the <inserted text> above.)
With luck, this will get me unwedged. But if you
really didn't forget anything, try typing `2' now; then
my insertion and my current dilemma will both disappear.

c:/Users/TLP-001/Documents/GitHub/project3_docs/fitting/piecewise_analytic_formulas_template.tex:215: Missing } inserted.
<inserted text> 
                }
l.215 ... B^{-\frac{25}{48}} \, t^{\frac{25}{48}}$
                                                  $
I've inserted something that you may have forgotten.
(See the <inserted text> above.)
With luck, this will get me unwedged. But if you
really didn't forget anything, try typing `2' now; then
my insertion and my current dilemma will both disappear.

c:/Users/TLP-001/Documents/GitHub/project3_docs/fitting/piecewise_analytic_formulas_template.tex:215: Missing } inserted.
<inserted text> 
                }
l.215 ... B^{-\frac{25}{48}} \, t^{\frac{25}{48}}$
                                                  $
I've inserted something that you may have forgotten.
(See the <inserted text> above.)
With luck, this will get me unwedged. But if you
really didn't forget anything, try typing `2' now; then
my insertion and my current dilemma will both disappear.

c:/Users/TLP-001/Documents/GitHub/project3_docs/fitting/piecewise_analytic_formulas_template.tex:217: Missing { inserted.
<to be read again> 
                   _
l.217 ...conversions ($v_{\text{scale}} \approx __
                                                  V_SCALE_H__ \text{ cm}^3/\...
A left brace was mandatory here, so I've put one in.
You might want to delete and/or insert some corrections
so that I will find a matching right brace soon.
(If you're confused by all this, try typing `I}' now.)

c:/Users/TLP-001/Documents/GitHub/project3_docs/fitting/piecewise_analytic_formulas_template.tex:217: Double subscript.
l.217 ...nversions ($v_{\text{scale}} \approx __V_
                                                  SCALE_H__ \text{ cm}^3/\te...
I treat `x_1_2' essentially like `x_1{}_2'.

c:/Users/TLP-001/Documents/GitHub/project3_docs/fitting/piecewise_analytic_formulas_template.tex:217: Double subscript.
l.217 ...s ($v_{\text{scale}} \approx __V_SCALE_H_
                                                  _ \text{ cm}^3/\text{g}$):
I treat `x_1_2' essentially like `x_1{}_2'.

c:/Users/TLP-001/Documents/GitHub/project3_docs/fitting/piecewise_analytic_formulas_template.tex:217: Missing { inserted.
<to be read again> 
                   _
l.217 ... ($v_{\text{scale}} \approx __V_SCALE_H__
                                                   \text{ cm}^3/\text{g}$):
A left brace was mandatory here, so I've put one in.
You might want to delete and/or insert some corrections
so that I will find a matching right brace soon.
(If you're confused by all this, try typing `I}' now.)

c:/Users/TLP-001/Documents/GitHub/project3_docs/fitting/piecewise_analytic_formulas_template.tex:217: Missing } inserted.
<inserted text> 
                }
l.217 ...prox __V_SCALE_H__ \text{ cm}^3/\text{g}$
                                                  ):
I've inserted something that you may have forgotten.
(See the <inserted text> above.)
With luck, this will get me unwedged. But if you
really didn't forget anything, try typing `2' now; then
my insertion and my current dilemma will both disappear.

c:/Users/TLP-001/Documents/GitHub/project3_docs/fitting/piecewise_analytic_formulas_template.tex:217: Missing } inserted.
<inserted text> 
                }
l.217 ...prox __V_SCALE_H__ \text{ cm}^3/\text{g}$
                                                  ):
I've inserted something that you may have forgotten.
(See the <inserted text> above.)
With luck, this will get me unwedged. But if you
really didn't forget anything, try typing `2' now; then
my insertion and my current dilemma will both disappear.


Overfull \hbox (30.57823pt too wide) in paragraph at lines 216--218
[]\OT1/cmr/bx/n/10.95 Substitution of scal-ing con-stants and units\OT1/cmr/m/n/10.95 : Us-ing phys-i-cal con-ver-sions ($\OML/cmm/m/it/10.95 v[] \OMS/cmsy/m/n/10.95 ^^Y[]$\OT1/cmr/m/n/10.95 ): 
 []

c:/Users/TLP-001/Documents/GitHub/project3_docs/fitting/piecewise_analytic_formulas_template.tex:218: Missing { inserted.
<to be read again> 
                   _
l.218     $$v(m,t) \approx __
                             V0_H__ (1 - y)^{__D_V_H__} \cdot __V_SCALE_H__ ...
A left brace was mandatory here, so I've put one in.
You might want to delete and/or insert some corrections
so that I will find a matching right brace soon.
(If you're confused by all this, try typing `I}' now.)

c:/Users/TLP-001/Documents/GitHub/project3_docs/fitting/piecewise_analytic_formulas_template.tex:218: Double subscript.
l.218     $$v(m,t) \approx __V0_H_
                                  _ (1 - y)^{__D_V_H__} \cdot __V_SCALE_H__ ...
I treat `x_1_2' essentially like `x_1{}_2'.

c:/Users/TLP-001/Documents/GitHub/project3_docs/fitting/piecewise_analytic_formulas_template.tex:218: Missing { inserted.
<to be read again> 
                   _
l.218     $$v(m,t) \approx __V0_H__
                                    (1 - y)^{__D_V_H__} \cdot __V_SCALE_H__ ...
A left brace was mandatory here, so I've put one in.
You might want to delete and/or insert some corrections
so that I will find a matching right brace soon.
(If you're confused by all this, try typing `I}' now.)

c:/Users/TLP-001/Documents/GitHub/project3_docs/fitting/piecewise_analytic_formulas_template.tex:218: Missing { inserted.
<to be read again> 
                   _
l.218     $$v(m,t) \approx __V0_H__ (1 - y)^{__
                                               D_V_H__} \cdot __V_SCALE_H__ ...
A left brace was mandatory here, so I've put one in.
You might want to delete and/or insert some corrections
so that I will find a matching right brace soon.
(If you're confused by all this, try typing `I}' now.)

c:/Users/TLP-001/Documents/GitHub/project3_docs/fitting/piecewise_analytic_formulas_template.tex:218: Double subscript.
l.218     $$v(m,t) \approx __V0_H__ (1 - y)^{__D_
                                                 V_H__} \cdot __V_SCALE_H__ ...
I treat `x_1_2' essentially like `x_1{}_2'.

c:/Users/TLP-001/Documents/GitHub/project3_docs/fitting/piecewise_analytic_formulas_template.tex:218: Double subscript.
l.218 ...$$v(m,t) \approx __V0_H__ (1 - y)^{__D_V_
                                                  H__} \cdot __V_SCALE_H__ \...
I treat `x_1_2' essentially like `x_1{}_2'.

c:/Users/TLP-001/Documents/GitHub/project3_docs/fitting/piecewise_analytic_formulas_template.tex:218: Double subscript.
l.218 ...v(m,t) \approx __V0_H__ (1 - y)^{__D_V_H_
                                                  _} \cdot __V_SCALE_H__ \, ...
I treat `x_1_2' essentially like `x_1{}_2'.

c:/Users/TLP-001/Documents/GitHub/project3_docs/fitting/piecewise_analytic_formulas_template.tex:218: Missing { inserted.
<to be read again> 
                   _
l.218 ...(m,t) \approx __V0_H__ (1 - y)^{__D_V_H__
                                                  } \cdot __V_SCALE_H__ \, \...
A left brace was mandatory here, so I've put one in.
You might want to delete and/or insert some corrections
so that I will find a matching right brace soon.
(If you're confused by all this, try typing `I}' now.)

c:/Users/TLP-001/Documents/GitHub/project3_docs/fitting/piecewise_analytic_formulas_template.tex:218: Missing { inserted.
<to be read again> 
                   }
l.218 ...m,t) \approx __V0_H__ (1 - y)^{__D_V_H__}
                                                   \cdot __V_SCALE_H__ \, \l...
A left brace was mandatory here, so I've put one in.
You might want to delete and/or insert some corrections
so that I will find a matching right brace soon.
(If you're confused by all this, try typing `I}' now.)

c:/Users/TLP-001/Documents/GitHub/project3_docs/fitting/piecewise_analytic_formulas_template.tex:218: Missing { inserted.
<to be read again> 
                   _
l.218 ...rox __V0_H__ (1 - y)^{__D_V_H__} \cdot __
                                                  V_SCALE_H__ \, \left(\frac...
A left brace was mandatory here, so I've put one in.
You might want to delete and/or insert some corrections
so that I will find a matching right brace soon.
(If you're confused by all this, try typing `I}' now.)

c:/Users/TLP-001/Documents/GitHub/project3_docs/fitting/piecewise_analytic_formulas_template.tex:218: Double subscript.
l.218 ...x __V0_H__ (1 - y)^{__D_V_H__} \cdot __V_
                                                  SCALE_H__ \, \left(\frac{t...
I treat `x_1_2' essentially like `x_1{}_2'.

c:/Users/TLP-001/Documents/GitHub/project3_docs/fitting/piecewise_analytic_formulas_template.tex:218: Double subscript.
l.218 ...__ (1 - y)^{__D_V_H__} \cdot __V_SCALE_H_
                                                  _ \, \left(\frac{t}{\text{...
I treat `x_1_2' essentially like `x_1{}_2'.

c:/Users/TLP-001/Documents/GitHub/project3_docs/fitting/piecewise_analytic_formulas_template.tex:218: Missing { inserted.
<to be read again> 
                   _
l.218 ..._ (1 - y)^{__D_V_H__} \cdot __V_SCALE_H__
                                                   \, \left(\frac{t}{\text{n...
A left brace was mandatory here, so I've put one in.
You might want to delete and/or insert some corrections
so that I will find a matching right brace soon.
(If you're confused by all this, try typing `I}' now.)

c:/Users/TLP-001/Documents/GitHub/project3_docs/fitting/piecewise_analytic_formulas_template.tex:218: Missing { inserted.
<to be read again> 
                   \mskip 
l.218 ...1 - y)^{__D_V_H__} \cdot __V_SCALE_H__ \,
                                                   \left(\frac{t}{\text{ns}}...
A left brace was mandatory here, so I've put one in.
You might want to delete and/or insert some corrections
so that I will find a matching right brace soon.
(If you're confused by all this, try typing `I}' now.)

c:/Users/TLP-001/Documents/GitHub/project3_docs/fitting/piecewise_analytic_formulas_template.tex:218: Missing } inserted.
<inserted text> 
                }
l.218 ...frac{25}{48}} \quad \text{cm}^3/\text{g}$
                                                  $
I've inserted something that you may have forgotten.
(See the <inserted text> above.)
With luck, this will get me unwedged. But if you
really didn't forget anything, try typing `2' now; then
my insertion and my current dilemma will both disappear.

c:/Users/TLP-001/Documents/GitHub/project3_docs/fitting/piecewise_analytic_formulas_template.tex:218: Missing } inserted.
<inserted text> 
                }
l.218 ...frac{25}{48}} \quad \text{cm}^3/\text{g}$
                                                  $
I've inserted something that you may have forgotten.
(See the <inserted text> above.)
With luck, this will get me unwedged. But if you
really didn't forget anything, try typing `2' now; then
my insertion and my current dilemma will both disappear.

c:/Users/TLP-001/Documents/GitHub/project3_docs/fitting/piecewise_analytic_formulas_template.tex:218: Missing } inserted.
<inserted text> 
                }
l.218 ...frac{25}{48}} \quad \text{cm}^3/\text{g}$
                                                  $
I've inserted something that you may have forgotten.
(See the <inserted text> above.)
With luck, this will get me unwedged. But if you
really didn't forget anything, try typing `2' now; then
my insertion and my current dilemma will both disappear.

c:/Users/TLP-001/Documents/GitHub/project3_docs/fitting/piecewise_analytic_formulas_template.tex:218: Missing } inserted.
<inserted text> 
                }
l.218 ...frac{25}{48}} \quad \text{cm}^3/\text{g}$
                                                  $
I've inserted something that you may have forgotten.
(See the <inserted text> above.)
With luck, this will get me unwedged. But if you
really didn't forget anything, try typing `2' now; then
my insertion and my current dilemma will both disappear.

c:/Users/TLP-001/Documents/GitHub/project3_docs/fitting/piecewise_analytic_formulas_template.tex:218: Missing } inserted.
<inserted text> 
                }
l.218 ...frac{25}{48}} \quad \text{cm}^3/\text{g}$
                                                  $
I've inserted something that you may have forgotten.
(See the <inserted text> above.)
With luck, this will get me unwedged. But if you
really didn't forget anything, try typing `2' now; then
my insertion and my current dilemma will both disappear.

c:/Users/TLP-001/Documents/GitHub/project3_docs/fitting/piecewise_analytic_formulas_template.tex:218: Missing } inserted.
<inserted text> 
                }
l.218 ...frac{25}{48}} \quad \text{cm}^3/\text{g}$
                                                  $
I've inserted something that you may have forgotten.
(See the <inserted text> above.)
With luck, this will get me unwedged. But if you
really didn't forget anything, try typing `2' now; then
my insertion and my current dilemma will both disappear.

c:/Users/TLP-001/Documents/GitHub/project3_docs/fitting/piecewise_analytic_formulas_template.tex:218: Missing } inserted.
<inserted text> 
                }
l.218 ...frac{25}{48}} \quad \text{cm}^3/\text{g}$
                                                  $
I've inserted something that you may have forgotten.
(See the <inserted text> above.)
With luck, this will get me unwedged. But if you
really didn't forget anything, try typing `2' now; then
my insertion and my current dilemma will both disappear.

c:/Users/TLP-001/Documents/GitHub/project3_docs/fitting/piecewise_analytic_formulas_template.tex:218: Missing } inserted.
<inserted text> 
                }
l.218 ...frac{25}{48}} \quad \text{cm}^3/\text{g}$
                                                  $
I've inserted something that you may have forgotten.
(See the <inserted text> above.)
With luck, this will get me unwedged. But if you
really didn't forget anything, try typing `2' now; then
my insertion and my current dilemma will both disappear.

c:/Users/TLP-001/Documents/GitHub/project3_docs/fitting/piecewise_analytic_formulas_template.tex:219: Missing { inserted.
<to be read again> 
                   _
l.219     $$\approx __
                      LEAD_V_H__ \, (1 - y)^{__D_V_H__} \, \left(\frac{t}{\t...
A left brace was mandatory here, so I've put one in.
You might want to delete and/or insert some corrections
so that I will find a matching right brace soon.
(If you're confused by all this, try typing `I}' now.)

c:/Users/TLP-001/Documents/GitHub/project3_docs/fitting/piecewise_analytic_formulas_template.tex:219: Double subscript.
l.219     $$\approx __LEAD_V_
                             H__ \, (1 - y)^{__D_V_H__} \, \left(\frac{t}{\t...
I treat `x_1_2' essentially like `x_1{}_2'.

c:/Users/TLP-001/Documents/GitHub/project3_docs/fitting/piecewise_analytic_formulas_template.tex:219: Double subscript.
l.219     $$\approx __LEAD_V_H_
                               _ \, (1 - y)^{__D_V_H__} \, \left(\frac{t}{\t...
I treat `x_1_2' essentially like `x_1{}_2'.

c:/Users/TLP-001/Documents/GitHub/project3_docs/fitting/piecewise_analytic_formulas_template.tex:219: Missing { inserted.
<to be read again> 
                   _
l.219     $$\approx __LEAD_V_H__
                                 \, (1 - y)^{__D_V_H__} \, \left(\frac{t}{\t...
A left brace was mandatory here, so I've put one in.
You might want to delete and/or insert some corrections
so that I will find a matching right brace soon.
(If you're confused by all this, try typing `I}' now.)

c:/Users/TLP-001/Documents/GitHub/project3_docs/fitting/piecewise_analytic_formulas_template.tex:219: Missing { inserted.
<to be read again> 
                   \mskip 
l.219     $$\approx __LEAD_V_H__ \,
                                    (1 - y)^{__D_V_H__} \, \left(\frac{t}{\t...
A left brace was mandatory here, so I've put one in.
You might want to delete and/or insert some corrections
so that I will find a matching right brace soon.
(If you're confused by all this, try typing `I}' now.)

c:/Users/TLP-001/Documents/GitHub/project3_docs/fitting/piecewise_analytic_formulas_template.tex:219: Missing { inserted.
<to be read again> 
                   _
l.219     $$\approx __LEAD_V_H__ \, (1 - y)^{__
                                               D_V_H__} \, \left(\frac{t}{\t...
A left brace was mandatory here, so I've put one in.
You might want to delete and/or insert some corrections
so that I will find a matching right brace soon.
(If you're confused by all this, try typing `I}' now.)

c:/Users/TLP-001/Documents/GitHub/project3_docs/fitting/piecewise_analytic_formulas_template.tex:219: Double subscript.
l.219     $$\approx __LEAD_V_H__ \, (1 - y)^{__D_
                                                 V_H__} \, \left(\frac{t}{\t...
I treat `x_1_2' essentially like `x_1{}_2'.

c:/Users/TLP-001/Documents/GitHub/project3_docs/fitting/piecewise_analytic_formulas_template.tex:219: Double subscript.
l.219 ...$$\approx __LEAD_V_H__ \, (1 - y)^{__D_V_
                                                  H__} \, \left(\frac{t}{\te...
I treat `x_1_2' essentially like `x_1{}_2'.

c:/Users/TLP-001/Documents/GitHub/project3_docs/fitting/piecewise_analytic_formulas_template.tex:219: Double subscript.
l.219 ...\approx __LEAD_V_H__ \, (1 - y)^{__D_V_H_
                                                  _} \, \left(\frac{t}{\text...
I treat `x_1_2' essentially like `x_1{}_2'.

c:/Users/TLP-001/Documents/GitHub/project3_docs/fitting/piecewise_analytic_formulas_template.tex:219: Missing { inserted.
<to be read again> 
                   _
l.219 ...approx __LEAD_V_H__ \, (1 - y)^{__D_V_H__
                                                  } \, \left(\frac{t}{\text{...
A left brace was mandatory here, so I've put one in.
You might want to delete and/or insert some corrections
so that I will find a matching right brace soon.
(If you're confused by all this, try typing `I}' now.)

c:/Users/TLP-001/Documents/GitHub/project3_docs/fitting/piecewise_analytic_formulas_template.tex:219: Missing { inserted.
<to be read again> 
                   }
l.219 ...pprox __LEAD_V_H__ \, (1 - y)^{__D_V_H__}
                                                   \, \left(\frac{t}{\text{n...
A left brace was mandatory here, so I've put one in.
You might want to delete and/or insert some corrections
so that I will find a matching right brace soon.
(If you're confused by all this, try typing `I}' now.)

c:/Users/TLP-001/Documents/GitHub/project3_docs/fitting/piecewise_analytic_formulas_template.tex:219: Missing } inserted.
<inserted text> 
                }
l.219 ...frac{25}{48}} \quad \text{cm}^3/\text{g}$
                                                  $
I've inserted something that you may have forgotten.
(See the <inserted text> above.)
With luck, this will get me unwedged. But if you
really didn't forget anything, try typing `2' now; then
my insertion and my current dilemma will both disappear.

c:/Users/TLP-001/Documents/GitHub/project3_docs/fitting/piecewise_analytic_formulas_template.tex:219: Missing } inserted.
<inserted text> 
                }
l.219 ...frac{25}{48}} \quad \text{cm}^3/\text{g}$
                                                  $
I've inserted something that you may have forgotten.
(See the <inserted text> above.)
With luck, this will get me unwedged. But if you
really didn't forget anything, try typing `2' now; then
my insertion and my current dilemma will both disappear.

c:/Users/TLP-001/Documents/GitHub/project3_docs/fitting/piecewise_analytic_formulas_template.tex:219: Missing } inserted.
<inserted text> 
                }
l.219 ...frac{25}{48}} \quad \text{cm}^3/\text{g}$
                                                  $
I've inserted something that you may have forgotten.
(See the <inserted text> above.)
With luck, this will get me unwedged. But if you
really didn't forget anything, try typing `2' now; then
my insertion and my current dilemma will both disappear.

c:/Users/TLP-001/Documents/GitHub/project3_docs/fitting/piecewise_analytic_formulas_template.tex:219: Missing } inserted.
<inserted text> 
                }
l.219 ...frac{25}{48}} \quad \text{cm}^3/\text{g}$
                                                  $
I've inserted something that you may have forgotten.
(See the <inserted text> above.)
With luck, this will get me unwedged. But if you
really didn't forget anything, try typing `2' now; then
my insertion and my current dilemma will both disappear.

c:/Users/TLP-001/Documents/GitHub/project3_docs/fitting/piecewise_analytic_formulas_template.tex:219: Missing } inserted.
<inserted text> 
                }
l.219 ...frac{25}{48}} \quad \text{cm}^3/\text{g}$
                                                  $
I've inserted something that you may have forgotten.
(See the <inserted text> above.)
With luck, this will get me unwedged. But if you
really didn't forget anything, try typing `2' now; then
my insertion and my current dilemma will both disappear.

c:/Users/TLP-001/Documents/GitHub/project3_docs/fitting/piecewise_analytic_formulas_template.tex:219: Missing } inserted.
<inserted text> 
                }
l.219 ...frac{25}{48}} \quad \text{cm}^3/\text{g}$
                                                  $
I've inserted something that you may have forgotten.
(See the <inserted text> above.)
With luck, this will get me unwedged. But if you
really didn't forget anything, try typing `2' now; then
my insertion and my current dilemma will both disappear.



[4]
c:/Users/TLP-001/Documents/GitHub/project3_docs/fitting/piecewise_analytic_formulas_template.tex:221: Missing { inserted.
<to be read again> 
                   _
l.221     Substituting $y \approx __
                                    INV_MF__ \left(\frac{m}{\text{g/cm}^2}\r...
A left brace was mandatory here, so I've put one in.
You might want to delete and/or insert some corrections
so that I will find a matching right brace soon.
(If you're confused by all this, try typing `I}' now.)

c:/Users/TLP-001/Documents/GitHub/project3_docs/fitting/piecewise_analytic_formulas_template.tex:221: Missing { inserted.
<to be read again> 
                   _
l.221     Substituting $y \approx __INV_MF__
                                             \left(\frac{m}{\text{g/cm}^2}\r...
A left brace was mandatory here, so I've put one in.
You might want to delete and/or insert some corrections
so that I will find a matching right brace soon.
(If you're confused by all this, try typing `I}' now.)

c:/Users/TLP-001/Documents/GitHub/project3_docs/fitting/piecewise_analytic_formulas_template.tex:221: Missing { inserted.
<to be read again> 
                   \left 
l.221     Substituting $y \approx __INV_MF__ \left
                                                  (\frac{m}{\text{g/cm}^2}\r...
A left brace was mandatory here, so I've put one in.
You might want to delete and/or insert some corrections
so that I will find a matching right brace soon.
(If you're confused by all this, try typing `I}' now.)

c:/Users/TLP-001/Documents/GitHub/project3_docs/fitting/piecewise_analytic_formulas_template.tex:221: Missing } inserted.
<inserted text> 
                }
l.221 ...ac{t}{\text{ns}}\right)^{-\frac{33}{64}}$
                                                  :
I've inserted something that you may have forgotten.
(See the <inserted text> above.)
With luck, this will get me unwedged. But if you
really didn't forget anything, try typing `2' now; then
my insertion and my current dilemma will both disappear.

c:/Users/TLP-001/Documents/GitHub/project3_docs/fitting/piecewise_analytic_formulas_template.tex:221: Missing } inserted.
<inserted text> 
                }
l.221 ...ac{t}{\text{ns}}\right)^{-\frac{33}{64}}$
                                                  :
I've inserted something that you may have forgotten.
(See the <inserted text> above.)
With luck, this will get me unwedged. But if you
really didn't forget anything, try typing `2' now; then
my insertion and my current dilemma will both disappear.

c:/Users/TLP-001/Documents/GitHub/project3_docs/fitting/piecewise_analytic_formulas_template.tex:221: Missing } inserted.
<inserted text> 
                }
l.221 ...ac{t}{\text{ns}}\right)^{-\frac{33}{64}}$
                                                  :
I've inserted something that you may have forgotten.
(See the <inserted text> above.)
With luck, this will get me unwedged. But if you
really didn't forget anything, try typing `2' now; then
my insertion and my current dilemma will both disappear.

c:/Users/TLP-001/Documents/GitHub/project3_docs/fitting/piecewise_analytic_formulas_template.tex:222: Missing { inserted.
<to be read again> 
                   _
l.222     $$v(m,t) \approx __
                             LEAD_V_H__ \left(1 - __INV_MF__ \left(\frac{m}{...
A left brace was mandatory here, so I've put one in.
You might want to delete and/or insert some corrections
so that I will find a matching right brace soon.
(If you're confused by all this, try typing `I}' now.)

c:/Users/TLP-001/Documents/GitHub/project3_docs/fitting/piecewise_analytic_formulas_template.tex:222: Double subscript.
l.222     $$v(m,t) \approx __LEAD_V_
                                    H__ \left(1 - __INV_MF__ \left(\frac{m}{...
I treat `x_1_2' essentially like `x_1{}_2'.

c:/Users/TLP-001/Documents/GitHub/project3_docs/fitting/piecewise_analytic_formulas_template.tex:222: Double subscript.
l.222     $$v(m,t) \approx __LEAD_V_H_
                                      _ \left(1 - __INV_MF__ \left(\frac{m}{...
I treat `x_1_2' essentially like `x_1{}_2'.

c:/Users/TLP-001/Documents/GitHub/project3_docs/fitting/piecewise_analytic_formulas_template.tex:222: Missing { inserted.
<to be read again> 
                   _
l.222     $$v(m,t) \approx __LEAD_V_H__
                                        \left(1 - __INV_MF__ \left(\frac{m}{...
A left brace was mandatory here, so I've put one in.
You might want to delete and/or insert some corrections
so that I will find a matching right brace soon.
(If you're confused by all this, try typing `I}' now.)

c:/Users/TLP-001/Documents/GitHub/project3_docs/fitting/piecewise_analytic_formulas_template.tex:222: Missing { inserted.
<to be read again> 
                   \left 
l.222     $$v(m,t) \approx __LEAD_V_H__ \left
                                             (1 - __INV_MF__ \left(\frac{m}{...
A left brace was mandatory here, so I've put one in.
You might want to delete and/or insert some corrections
so that I will find a matching right brace soon.
(If you're confused by all this, try typing `I}' now.)

c:/Users/TLP-001/Documents/GitHub/project3_docs/fitting/piecewise_analytic_formulas_template.tex:222: Missing { inserted.
<to be read again> 
                   _
l.222 ...$v(m,t) \approx __LEAD_V_H__ \left(1 - __
                                                  INV_MF__ \left(\frac{m}{\t...
A left brace was mandatory here, so I've put one in.
You might want to delete and/or insert some corrections
so that I will find a matching right brace soon.
(If you're confused by all this, try typing `I}' now.)

c:/Users/TLP-001/Documents/GitHub/project3_docs/fitting/piecewise_analytic_formulas_template.tex:222: Missing { inserted.
<to be read again> 
                   _
l.222 ...\approx __LEAD_V_H__ \left(1 - __INV_MF__
                                                   \left(\frac{m}{\text{g/cm...
A left brace was mandatory here, so I've put one in.
You might want to delete and/or insert some corrections
so that I will find a matching right brace soon.
(If you're confused by all this, try typing `I}' now.)

c:/Users/TLP-001/Documents/GitHub/project3_docs/fitting/piecewise_analytic_formulas_template.tex:222: Missing { inserted.
<to be read again> 
                   \left 
l.222 ...x __LEAD_V_H__ \left(1 - __INV_MF__ \left
                                                  (\frac{m}{\text{g/cm}^2}\r...
A left brace was mandatory here, so I've put one in.
You might want to delete and/or insert some corrections
so that I will find a matching right brace soon.
(If you're confused by all this, try typing `I}' now.)

c:/Users/TLP-001/Documents/GitHub/project3_docs/fitting/piecewise_analytic_formulas_template.tex:222: Missing } inserted.
<inserted text> 
                }
l.222 ...{\text{ns}}\right)^{-\frac{33}{64}}\right
                                                  )^{__D_V_H__} \, \left(\fr...
I've inserted something that you may have forgotten.
(See the <inserted text> above.)
With luck, this will get me unwedged. But if you
really didn't forget anything, try typing `2' now; then
my insertion and my current dilemma will both disappear.

c:/Users/TLP-001/Documents/GitHub/project3_docs/fitting/piecewise_analytic_formulas_template.tex:222: Missing } inserted.
<inserted text> 
                }
l.222 ...{\text{ns}}\right)^{-\frac{33}{64}}\right
                                                  )^{__D_V_H__} \, \left(\fr...
I've inserted something that you may have forgotten.
(See the <inserted text> above.)
With luck, this will get me unwedged. But if you
really didn't forget anything, try typing `2' now; then
my insertion and my current dilemma will both disappear.

c:/Users/TLP-001/Documents/GitHub/project3_docs/fitting/piecewise_analytic_formulas_template.tex:222: Missing } inserted.
<inserted text> 
                }
l.222 ...{\text{ns}}\right)^{-\frac{33}{64}}\right
                                                  )^{__D_V_H__} \, \left(\fr...
I've inserted something that you may have forgotten.
(See the <inserted text> above.)
With luck, this will get me unwedged. But if you
really didn't forget anything, try typing `2' now; then
my insertion and my current dilemma will both disappear.

c:/Users/TLP-001/Documents/GitHub/project3_docs/fitting/piecewise_analytic_formulas_template.tex:222: Missing { inserted.
<to be read again> 
                   _
l.222 ...t{ns}}\right)^{-\frac{33}{64}}\right)^{__
                                                  D_V_H__} \, \left(\frac{t}...
A left brace was mandatory here, so I've put one in.
You might want to delete and/or insert some corrections
so that I will find a matching right brace soon.
(If you're confused by all this, try typing `I}' now.)

c:/Users/TLP-001/Documents/GitHub/project3_docs/fitting/piecewise_analytic_formulas_template.tex:222: Double subscript.
l.222 ...ns}}\right)^{-\frac{33}{64}}\right)^{__D_
                                                  V_H__} \, \left(\frac{t}{\...
I treat `x_1_2' essentially like `x_1{}_2'.

c:/Users/TLP-001/Documents/GitHub/project3_docs/fitting/piecewise_analytic_formulas_template.tex:222: Double subscript.
l.222 ...}}\right)^{-\frac{33}{64}}\right)^{__D_V_
                                                  H__} \, \left(\frac{t}{\te...
I treat `x_1_2' essentially like `x_1{}_2'.

c:/Users/TLP-001/Documents/GitHub/project3_docs/fitting/piecewise_analytic_formulas_template.tex:222: Double subscript.
l.222 ...\right)^{-\frac{33}{64}}\right)^{__D_V_H_
                                                  _} \, \left(\frac{t}{\text...
I treat `x_1_2' essentially like `x_1{}_2'.

c:/Users/TLP-001/Documents/GitHub/project3_docs/fitting/piecewise_analytic_formulas_template.tex:222: Missing { inserted.
<to be read again> 
                   _
l.222 ...right)^{-\frac{33}{64}}\right)^{__D_V_H__
                                                  } \, \left(\frac{t}{\text{...
A left brace was mandatory here, so I've put one in.
You might want to delete and/or insert some corrections
so that I will find a matching right brace soon.
(If you're confused by all this, try typing `I}' now.)

c:/Users/TLP-001/Documents/GitHub/project3_docs/fitting/piecewise_analytic_formulas_template.tex:222: Missing { inserted.
<to be read again> 
                   }
l.222 ...ight)^{-\frac{33}{64}}\right)^{__D_V_H__}
                                                   \, \left(\frac{t}{\text{n...
A left brace was mandatory here, so I've put one in.
You might want to delete and/or insert some corrections
so that I will find a matching right brace soon.
(If you're confused by all this, try typing `I}' now.)

c:/Users/TLP-001/Documents/GitHub/project3_docs/fitting/piecewise_analytic_formulas_template.tex:222: Missing } inserted.
<inserted text> 
                }
l.222 ...frac{25}{48}} \quad \text{cm}^3/\text{g}$
                                                  $
I've inserted something that you may have forgotten.
(See the <inserted text> above.)
With luck, this will get me unwedged. But if you
really didn't forget anything, try typing `2' now; then
my insertion and my current dilemma will both disappear.

c:/Users/TLP-001/Documents/GitHub/project3_docs/fitting/piecewise_analytic_formulas_template.tex:222: Missing } inserted.
<inserted text> 
                }
l.222 ...frac{25}{48}} \quad \text{cm}^3/\text{g}$
                                                  $
I've inserted something that you may have forgotten.
(See the <inserted text> above.)
With luck, this will get me unwedged. But if you
really didn't forget anything, try typing `2' now; then
my insertion and my current dilemma will both disappear.

c:/Users/TLP-001/Documents/GitHub/project3_docs/fitting/piecewise_analytic_formulas_template.tex:222: Missing } inserted.
<inserted text> 
                }
l.222 ...frac{25}{48}} \quad \text{cm}^3/\text{g}$
                                                  $
I've inserted something that you may have forgotten.
(See the <inserted text> above.)
With luck, this will get me unwedged. But if you
really didn't forget anything, try typing `2' now; then
my insertion and my current dilemma will both disappear.

c:/Users/TLP-001/Documents/GitHub/project3_docs/fitting/piecewise_analytic_formulas_template.tex:222: Missing } inserted.
<inserted text> 
                }
l.222 ...frac{25}{48}} \quad \text{cm}^3/\text{g}$
                                                  $
I've inserted something that you may have forgotten.
(See the <inserted text> above.)
With luck, this will get me unwedged. But if you
really didn't forget anything, try typing `2' now; then
my insertion and my current dilemma will both disappear.

c:/Users/TLP-001/Documents/GitHub/project3_docs/fitting/piecewise_analytic_formulas_template.tex:222: Missing } inserted.
<inserted text> 
                }
l.222 ...frac{25}{48}} \quad \text{cm}^3/\text{g}$
                                                  $
I've inserted something that you may have forgotten.
(See the <inserted text> above.)
With luck, this will get me unwedged. But if you
really didn't forget anything, try typing `2' now; then
my insertion and my current dilemma will both disappear.

c:/Users/TLP-001/Documents/GitHub/project3_docs/fitting/piecewise_analytic_formulas_template.tex:222: Missing } inserted.
<inserted text> 
                }
l.222 ...frac{25}{48}} \quad \text{cm}^3/\text{g}$
                                                  $
I've inserted something that you may have forgotten.
(See the <inserted text> above.)
With luck, this will get me unwedged. But if you
really didn't forget anything, try typing `2' now; then
my insertion and my current dilemma will both disappear.

c:/Users/TLP-001/Documents/GitHub/project3_docs/fitting/piecewise_analytic_formulas_template.tex:229: Missing { inserted.
<to be read again> 
                   _
l.229     $$P(y) \approx __
                           PF_SUB__ __A_P_SUB_SIGNED__ \, (1-y)^{__C_P_SUB__...
A left brace was mandatory here, so I've put one in.
You might want to delete and/or insert some corrections
so that I will find a matching right brace soon.
(If you're confused by all this, try typing `I}' now.)

c:/Users/TLP-001/Documents/GitHub/project3_docs/fitting/piecewise_analytic_formulas_template.tex:229: Missing { inserted.
<to be read again> 
                   _
l.229     $$P(y) \approx __PF_SUB__
                                    __A_P_SUB_SIGNED__ \, (1-y)^{__C_P_SUB__...
A left brace was mandatory here, so I've put one in.
You might want to delete and/or insert some corrections
so that I will find a matching right brace soon.
(If you're confused by all this, try typing `I}' now.)

c:/Users/TLP-001/Documents/GitHub/project3_docs/fitting/piecewise_analytic_formulas_template.tex:229: Missing { inserted.
<to be read again> 
                   _
l.229     $$P(y) \approx __PF_SUB__ _
                                     _A_P_SUB_SIGNED__ \, (1-y)^{__C_P_SUB__...
A left brace was mandatory here, so I've put one in.
You might want to delete and/or insert some corrections
so that I will find a matching right brace soon.
(If you're confused by all this, try typing `I}' now.)

c:/Users/TLP-001/Documents/GitHub/project3_docs/fitting/piecewise_analytic_formulas_template.tex:229: Missing { inserted.
<to be read again> 
                   _
l.229     $$P(y) \approx __PF_SUB__ __
                                      A_P_SUB_SIGNED__ \, (1-y)^{__C_P_SUB__...
A left brace was mandatory here, so I've put one in.
You might want to delete and/or insert some corrections
so that I will find a matching right brace soon.
(If you're confused by all this, try typing `I}' now.)

c:/Users/TLP-001/Documents/GitHub/project3_docs/fitting/piecewise_analytic_formulas_template.tex:229: Double subscript.
l.229     $$P(y) \approx __PF_SUB__ __A_
                                        P_SUB_SIGNED__ \, (1-y)^{__C_P_SUB__...
I treat `x_1_2' essentially like `x_1{}_2'.

c:/Users/TLP-001/Documents/GitHub/project3_docs/fitting/piecewise_analytic_formulas_template.tex:229: Double subscript.
l.229     $$P(y) \approx __PF_SUB__ __A_P_
                                          SUB_SIGNED__ \, (1-y)^{__C_P_SUB__...
I treat `x_1_2' essentially like `x_1{}_2'.

c:/Users/TLP-001/Documents/GitHub/project3_docs/fitting/piecewise_analytic_formulas_template.tex:229: Missing { inserted.
<to be read again> 
                   _
l.229 ...(y) \approx __PF_SUB__ __A_P_SUB_SIGNED__
                                                   \, (1-y)^{__C_P_SUB__} __...
A left brace was mandatory here, so I've put one in.
You might want to delete and/or insert some corrections
so that I will find a matching right brace soon.
(If you're confused by all this, try typing `I}' now.)

c:/Users/TLP-001/Documents/GitHub/project3_docs/fitting/piecewise_analytic_formulas_template.tex:229: Missing { inserted.
<to be read again> 
                   \mskip 
l.229 ... \approx __PF_SUB__ __A_P_SUB_SIGNED__ \,
                                                   (1-y)^{__C_P_SUB__} __B_P...
A left brace was mandatory here, so I've put one in.
You might want to delete and/or insert some corrections
so that I will find a matching right brace soon.
(If you're confused by all this, try typing `I}' now.)

c:/Users/TLP-001/Documents/GitHub/project3_docs/fitting/piecewise_analytic_formulas_template.tex:229: Missing { inserted.
<to be read again> 
                   _
l.229 ..._PF_SUB__ __A_P_SUB_SIGNED__ \, (1-y)^{__
                                                  C_P_SUB__} __B_P_SUB_SIGNE...
A left brace was mandatory here, so I've put one in.
You might want to delete and/or insert some corrections
so that I will find a matching right brace soon.
(If you're confused by all this, try typing `I}' now.)

c:/Users/TLP-001/Documents/GitHub/project3_docs/fitting/piecewise_analytic_formulas_template.tex:229: Double subscript.
l.229 ...F_SUB__ __A_P_SUB_SIGNED__ \, (1-y)^{__C_
                                                  P_SUB__} __B_P_SUB_SIGNED_...
I treat `x_1_2' essentially like `x_1{}_2'.

c:/Users/TLP-001/Documents/GitHub/project3_docs/fitting/piecewise_analytic_formulas_template.tex:229: Double subscript.
l.229 ...SUB__ __A_P_SUB_SIGNED__ \, (1-y)^{__C_P_
                                                  SUB__} __B_P_SUB_SIGNED__ ...
I treat `x_1_2' essentially like `x_1{}_2'.

c:/Users/TLP-001/Documents/GitHub/project3_docs/fitting/piecewise_analytic_formulas_template.tex:229: Missing { inserted.
<to be read again> 
                   _
l.229 ... __A_P_SUB_SIGNED__ \, (1-y)^{__C_P_SUB__
                                                  } __B_P_SUB_SIGNED__ \, (1...
A left brace was mandatory here, so I've put one in.
You might want to delete and/or insert some corrections
so that I will find a matching right brace soon.
(If you're confused by all this, try typing `I}' now.)

c:/Users/TLP-001/Documents/GitHub/project3_docs/fitting/piecewise_analytic_formulas_template.tex:229: Missing { inserted.
<to be read again> 
                   }
l.229 ...__A_P_SUB_SIGNED__ \, (1-y)^{__C_P_SUB__}
                                                   __B_P_SUB_SIGNED__ \, (1-...
A left brace was mandatory here, so I've put one in.
You might want to delete and/or insert some corrections
so that I will find a matching right brace soon.
(If you're confused by all this, try typing `I}' now.)

c:/Users/TLP-001/Documents/GitHub/project3_docs/fitting/piecewise_analytic_formulas_template.tex:229: Double subscript.
l.229 ...A_P_SUB_SIGNED__ \, (1-y)^{__C_P_SUB__} _
                                                  _B_P_SUB_SIGNED__ \, (1-y)...
I treat `x_1_2' essentially like `x_1{}_2'.

c:/Users/TLP-001/Documents/GitHub/project3_docs/fitting/piecewise_analytic_formulas_template.tex:229: Missing { inserted.
<to be read again> 
                   _
l.229 ..._P_SUB_SIGNED__ \, (1-y)^{__C_P_SUB__} __
                                                  B_P_SUB_SIGNED__ \, (1-y)^...
A left brace was mandatory here, so I've put one in.
You might want to delete and/or insert some corrections
so that I will find a matching right brace soon.
(If you're confused by all this, try typing `I}' now.)

c:/Users/TLP-001/Documents/GitHub/project3_docs/fitting/piecewise_analytic_formulas_template.tex:229: Double subscript.
l.229 ..._SUB_SIGNED__ \, (1-y)^{__C_P_SUB__} __B_
                                                  P_SUB_SIGNED__ \, (1-y)^{_...
I treat `x_1_2' essentially like `x_1{}_2'.

c:/Users/TLP-001/Documents/GitHub/project3_docs/fitting/piecewise_analytic_formulas_template.tex:229: Double subscript.
l.229 ...UB_SIGNED__ \, (1-y)^{__C_P_SUB__} __B_P_
                                                  SUB_SIGNED__ \, (1-y)^{__C...
I treat `x_1_2' essentially like `x_1{}_2'.

c:/Users/TLP-001/Documents/GitHub/project3_docs/fitting/piecewise_analytic_formulas_template.tex:229: Missing { inserted.
<to be read again> 
                   _
l.229 ...\, (1-y)^{__C_P_SUB__} __B_P_SUB_SIGNED__
                                                   \, (1-y)^{__CPD_P_SUB__} ...
A left brace was mandatory here, so I've put one in.
You might want to delete and/or insert some corrections
so that I will find a matching right brace soon.
(If you're confused by all this, try typing `I}' now.)

c:/Users/TLP-001/Documents/GitHub/project3_docs/fitting/piecewise_analytic_formulas_template.tex:229: Missing { inserted.
<to be read again> 
                   \mskip 
l.229 ...(1-y)^{__C_P_SUB__} __B_P_SUB_SIGNED__ \,
                                                   (1-y)^{__CPD_P_SUB__} __E...
A left brace was mandatory here, so I've put one in.
You might want to delete and/or insert some corrections
so that I will find a matching right brace soon.
(If you're confused by all this, try typing `I}' now.)

c:/Users/TLP-001/Documents/GitHub/project3_docs/fitting/piecewise_analytic_formulas_template.tex:229: Missing { inserted.
<to be read again> 
                   _
l.229 ..._P_SUB__} __B_P_SUB_SIGNED__ \, (1-y)^{__
                                                  CPD_P_SUB__} __E_P_SUB_SIG...
A left brace was mandatory here, so I've put one in.
You might want to delete and/or insert some corrections
so that I will find a matching right brace soon.
(If you're confused by all this, try typing `I}' now.)

c:/Users/TLP-001/Documents/GitHub/project3_docs/fitting/piecewise_analytic_formulas_template.tex:229: Double subscript.
l.229 ...__} __B_P_SUB_SIGNED__ \, (1-y)^{__CPD_P_
                                                  SUB__} __E_P_SUB_SIGNED__ ...
I treat `x_1_2' essentially like `x_1{}_2'.

c:/Users/TLP-001/Documents/GitHub/project3_docs/fitting/piecewise_analytic_formulas_template.tex:229: Missing { inserted.
<to be read again> 
                   _
l.229 ..._B_P_SUB_SIGNED__ \, (1-y)^{__CPD_P_SUB__
                                                  } __E_P_SUB_SIGNED__ \, (1...
A left brace was mandatory here, so I've put one in.
You might want to delete and/or insert some corrections
so that I will find a matching right brace soon.
(If you're confused by all this, try typing `I}' now.)

c:/Users/TLP-001/Documents/GitHub/project3_docs/fitting/piecewise_analytic_formulas_template.tex:229: Missing { inserted.
<to be read again> 
                   }
l.229 ...B_P_SUB_SIGNED__ \, (1-y)^{__CPD_P_SUB__}
                                                   __E_P_SUB_SIGNED__ \, (1-...
A left brace was mandatory here, so I've put one in.
You might want to delete and/or insert some corrections
so that I will find a matching right brace soon.
(If you're confused by all this, try typing `I}' now.)

c:/Users/TLP-001/Documents/GitHub/project3_docs/fitting/piecewise_analytic_formulas_template.tex:229: Double subscript.
l.229 ...P_SUB_SIGNED__ \, (1-y)^{__CPD_P_SUB__} _
                                                  _E_P_SUB_SIGNED__ \, (1-y)...
I treat `x_1_2' essentially like `x_1{}_2'.

c:/Users/TLP-001/Documents/GitHub/project3_docs/fitting/piecewise_analytic_formulas_template.tex:229: Missing { inserted.
<to be read again> 
                   _
l.229 ..._SUB_SIGNED__ \, (1-y)^{__CPD_P_SUB__} __
                                                  E_P_SUB_SIGNED__ \, (1-y)^...
A left brace was mandatory here, so I've put one in.
You might want to delete and/or insert some corrections
so that I will find a matching right brace soon.
(If you're confused by all this, try typing `I}' now.)

c:/Users/TLP-001/Documents/GitHub/project3_docs/fitting/piecewise_analytic_formulas_template.tex:229: Double subscript.
l.229 ...UB_SIGNED__ \, (1-y)^{__CPD_P_SUB__} __E_
                                                  P_SUB_SIGNED__ \, (1-y)^{_...
I treat `x_1_2' essentially like `x_1{}_2'.

c:/Users/TLP-001/Documents/GitHub/project3_docs/fitting/piecewise_analytic_formulas_template.tex:229: Double subscript.
l.229 ..._SIGNED__ \, (1-y)^{__CPD_P_SUB__} __E_P_
                                                  SUB_SIGNED__ \, (1-y)^{__C...
I treat `x_1_2' essentially like `x_1{}_2'.

c:/Users/TLP-001/Documents/GitHub/project3_docs/fitting/piecewise_analytic_formulas_template.tex:229: Missing { inserted.
<to be read again> 
                   _
l.229 ... (1-y)^{__CPD_P_SUB__} __E_P_SUB_SIGNED__
                                                   \, (1-y)^{__CPDF_P_SUB__}$$
A left brace was mandatory here, so I've put one in.
You might want to delete and/or insert some corrections
so that I will find a matching right brace soon.
(If you're confused by all this, try typing `I}' now.)

c:/Users/TLP-001/Documents/GitHub/project3_docs/fitting/piecewise_analytic_formulas_template.tex:229: Missing { inserted.
<to be read again> 
                   \mskip 
l.229 ...-y)^{__CPD_P_SUB__} __E_P_SUB_SIGNED__ \,
                                                   (1-y)^{__CPDF_P_SUB__}$$
A left brace was mandatory here, so I've put one in.
You might want to delete and/or insert some corrections
so that I will find a matching right brace soon.
(If you're confused by all this, try typing `I}' now.)

c:/Users/TLP-001/Documents/GitHub/project3_docs/fitting/piecewise_analytic_formulas_template.tex:229: Missing { inserted.
<to be read again> 
                   _
l.229 ..._P_SUB__} __E_P_SUB_SIGNED__ \, (1-y)^{__
                                                  CPDF_P_SUB__}$$
A left brace was mandatory here, so I've put one in.
You might want to delete and/or insert some corrections
so that I will find a matching right brace soon.
(If you're confused by all this, try typing `I}' now.)

c:/Users/TLP-001/Documents/GitHub/project3_docs/fitting/piecewise_analytic_formulas_template.tex:229: Double subscript.
l.229 ..._} __E_P_SUB_SIGNED__ \, (1-y)^{__CPDF_P_
                                                  SUB__}$$
I treat `x_1_2' essentially like `x_1{}_2'.

c:/Users/TLP-001/Documents/GitHub/project3_docs/fitting/piecewise_analytic_formulas_template.tex:229: Missing { inserted.
<to be read again> 
                   _
l.229 ...E_P_SUB_SIGNED__ \, (1-y)^{__CPDF_P_SUB__
                                                  }$$
A left brace was mandatory here, so I've put one in.
You might want to delete and/or insert some corrections
so that I will find a matching right brace soon.
(If you're confused by all this, try typing `I}' now.)

c:/Users/TLP-001/Documents/GitHub/project3_docs/fitting/piecewise_analytic_formulas_template.tex:229: Missing { inserted.
<to be read again> 
                   }
l.229 ..._P_SUB_SIGNED__ \, (1-y)^{__CPDF_P_SUB__}
                                                  $$
A left brace was mandatory here, so I've put one in.
You might want to delete and/or insert some corrections
so that I will find a matching right brace soon.
(If you're confused by all this, try typing `I}' now.)

c:/Users/TLP-001/Documents/GitHub/project3_docs/fitting/piecewise_analytic_formulas_template.tex:229: Missing } inserted.
<inserted text> 
                }
l.229 ...P_SUB_SIGNED__ \, (1-y)^{__CPDF_P_SUB__}$
                                                  $
I've inserted something that you may have forgotten.
(See the <inserted text> above.)
With luck, this will get me unwedged. But if you
really didn't forget anything, try typing `2' now; then
my insertion and my current dilemma will both disappear.

c:/Users/TLP-001/Documents/GitHub/project3_docs/fitting/piecewise_analytic_formulas_template.tex:229: Missing } inserted.
<inserted text> 
                }
l.229 ...P_SUB_SIGNED__ \, (1-y)^{__CPDF_P_SUB__}$
                                                  $
I've inserted something that you may have forgotten.
(See the <inserted text> above.)
With luck, this will get me unwedged. But if you
really didn't forget anything, try typing `2' now; then
my insertion and my current dilemma will both disappear.

c:/Users/TLP-001/Documents/GitHub/project3_docs/fitting/piecewise_analytic_formulas_template.tex:229: Missing } inserted.
<inserted text> 
                }
l.229 ...P_SUB_SIGNED__ \, (1-y)^{__CPDF_P_SUB__}$
                                                  $
I've inserted something that you may have forgotten.
(See the <inserted text> above.)
With luck, this will get me unwedged. But if you
really didn't forget anything, try typing `2' now; then
my insertion and my current dilemma will both disappear.

c:/Users/TLP-001/Documents/GitHub/project3_docs/fitting/piecewise_analytic_formulas_template.tex:229: Missing } inserted.
<inserted text> 
                }
l.229 ...P_SUB_SIGNED__ \, (1-y)^{__CPDF_P_SUB__}$
                                                  $
I've inserted something that you may have forgotten.
(See the <inserted text> above.)
With luck, this will get me unwedged. But if you
really didn't forget anything, try typing `2' now; then
my insertion and my current dilemma will both disappear.

c:/Users/TLP-001/Documents/GitHub/project3_docs/fitting/piecewise_analytic_formulas_template.tex:229: Missing } inserted.
<inserted text> 
                }
l.229 ...P_SUB_SIGNED__ \, (1-y)^{__CPDF_P_SUB__}$
                                                  $
I've inserted something that you may have forgotten.
(See the <inserted text> above.)
With luck, this will get me unwedged. But if you
really didn't forget anything, try typing `2' now; then
my insertion and my current dilemma will both disappear.

c:/Users/TLP-001/Documents/GitHub/project3_docs/fitting/piecewise_analytic_formulas_template.tex:229: Missing } inserted.
<inserted text> 
                }
l.229 ...P_SUB_SIGNED__ \, (1-y)^{__CPDF_P_SUB__}$
                                                  $
I've inserted something that you may have forgotten.
(See the <inserted text> above.)
With luck, this will get me unwedged. But if you
really didn't forget anything, try typing `2' now; then
my insertion and my current dilemma will both disappear.

c:/Users/TLP-001/Documents/GitHub/project3_docs/fitting/piecewise_analytic_formulas_template.tex:229: Missing } inserted.
<inserted text> 
                }
l.229 ...P_SUB_SIGNED__ \, (1-y)^{__CPDF_P_SUB__}$
                                                  $
I've inserted something that you may have forgotten.
(See the <inserted text> above.)
With luck, this will get me unwedged. But if you
really didn't forget anything, try typing `2' now; then
my insertion and my current dilemma will both disappear.

c:/Users/TLP-001/Documents/GitHub/project3_docs/fitting/piecewise_analytic_formulas_template.tex:229: Missing } inserted.
<inserted text> 
                }
l.229 ...P_SUB_SIGNED__ \, (1-y)^{__CPDF_P_SUB__}$
                                                  $
I've inserted something that you may have forgotten.
(See the <inserted text> above.)
With luck, this will get me unwedged. But if you
really didn't forget anything, try typing `2' now; then
my insertion and my current dilemma will both disappear.

c:/Users/TLP-001/Documents/GitHub/project3_docs/fitting/piecewise_analytic_formulas_template.tex:229: Missing } inserted.
<inserted text> 
                }
l.229 ...P_SUB_SIGNED__ \, (1-y)^{__CPDF_P_SUB__}$
                                                  $
I've inserted something that you may have forgotten.
(See the <inserted text> above.)
With luck, this will get me unwedged. But if you
really didn't forget anything, try typing `2' now; then
my insertion and my current dilemma will both disappear.

c:/Users/TLP-001/Documents/GitHub/project3_docs/fitting/piecewise_analytic_formulas_template.tex:229: Missing } inserted.
<inserted text> 
                }
l.229 ...P_SUB_SIGNED__ \, (1-y)^{__CPDF_P_SUB__}$
                                                  $
I've inserted something that you may have forgotten.
(See the <inserted text> above.)
With luck, this will get me unwedged. But if you
really didn't forget anything, try typing `2' now; then
my insertion and my current dilemma will both disappear.

c:/Users/TLP-001/Documents/GitHub/project3_docs/fitting/piecewise_analytic_formulas_template.tex:229: Missing } inserted.
<inserted text> 
                }
l.229 ...P_SUB_SIGNED__ \, (1-y)^{__CPDF_P_SUB__}$
                                                  $
I've inserted something that you may have forgotten.
(See the <inserted text> above.)
With luck, this will get me unwedged. But if you
really didn't forget anything, try typing `2' now; then
my insertion and my current dilemma will both disappear.

c:/Users/TLP-001/Documents/GitHub/project3_docs/fitting/piecewise_analytic_formulas_template.tex:229: Missing } inserted.
<inserted text> 
                }
l.229 ...P_SUB_SIGNED__ \, (1-y)^{__CPDF_P_SUB__}$
                                                  $
I've inserted something that you may have forgotten.
(See the <inserted text> above.)
With luck, this will get me unwedged. But if you
really didn't forget anything, try typing `2' now; then
my insertion and my current dilemma will both disappear.

c:/Users/TLP-001/Documents/GitHub/project3_docs/fitting/piecewise_analytic_formulas_template.tex:229: Missing } inserted.
<inserted text> 
                }
l.229 ...P_SUB_SIGNED__ \, (1-y)^{__CPDF_P_SUB__}$
                                                  $
I've inserted something that you may have forgotten.
(See the <inserted text> above.)
With luck, this will get me unwedged. But if you
really didn't forget anything, try typing `2' now; then
my insertion and my current dilemma will both disappear.

c:/Users/TLP-001/Documents/GitHub/project3_docs/fitting/piecewise_analytic_formulas_template.tex:229: Missing } inserted.
<inserted text> 
                }
l.229 ...P_SUB_SIGNED__ \, (1-y)^{__CPDF_P_SUB__}$
                                                  $
I've inserted something that you may have forgotten.
(See the <inserted text> above.)
With luck, this will get me unwedged. But if you
really didn't forget anything, try typing `2' now; then
my insertion and my current dilemma will both disappear.

c:/Users/TLP-001/Documents/GitHub/project3_docs/fitting/piecewise_analytic_formulas_template.tex:229: Missing } inserted.
<inserted text> 
                }
l.229 ...P_SUB_SIGNED__ \, (1-y)^{__CPDF_P_SUB__}$
                                                  $
I've inserted something that you may have forgotten.
(See the <inserted text> above.)
With luck, this will get me unwedged. But if you
really didn't forget anything, try typing `2' now; then
my insertion and my current dilemma will both disappear.

c:/Users/TLP-001/Documents/GitHub/project3_docs/fitting/piecewise_analytic_formulas_template.tex:229: Missing } inserted.
<inserted text> 
                }
l.229 ...P_SUB_SIGNED__ \, (1-y)^{__CPDF_P_SUB__}$
                                                  $
I've inserted something that you may have forgotten.
(See the <inserted text> above.)
With luck, this will get me unwedged. But if you
really didn't forget anything, try typing `2' now; then
my insertion and my current dilemma will both disappear.

c:/Users/TLP-001/Documents/GitHub/project3_docs/fitting/piecewise_analytic_formulas_template.tex:229: Missing } inserted.
<inserted text> 
                }
l.229 ...P_SUB_SIGNED__ \, (1-y)^{__CPDF_P_SUB__}$
                                                  $
I've inserted something that you may have forgotten.
(See the <inserted text> above.)
With luck, this will get me unwedged. But if you
really didn't forget anything, try typing `2' now; then
my insertion and my current dilemma will both disappear.

c:/Users/TLP-001/Documents/GitHub/project3_docs/fitting/piecewise_analytic_formulas_template.tex:229: Missing } inserted.
<inserted text> 
                }
l.229 ...P_SUB_SIGNED__ \, (1-y)^{__CPDF_P_SUB__}$
                                                  $
I've inserted something that you may have forgotten.
(See the <inserted text> above.)
With luck, this will get me unwedged. But if you
really didn't forget anything, try typing `2' now; then
my insertion and my current dilemma will both disappear.

c:/Users/TLP-001/Documents/GitHub/project3_docs/fitting/piecewise_analytic_formulas_template.tex:229: Missing } inserted.
<inserted text> 
                }
l.229 ...P_SUB_SIGNED__ \, (1-y)^{__CPDF_P_SUB__}$
                                                  $
I've inserted something that you may have forgotten.
(See the <inserted text> above.)
With luck, this will get me unwedged. But if you
really didn't forget anything, try typing `2' now; then
my insertion and my current dilemma will both disappear.

c:/Users/TLP-001/Documents/GitHub/project3_docs/fitting/piecewise_analytic_formulas_template.tex:229: Missing } inserted.
<inserted text> 
                }
l.229 ...P_SUB_SIGNED__ \, (1-y)^{__CPDF_P_SUB__}$
                                                  $
I've inserted something that you may have forgotten.
(See the <inserted text> above.)
With luck, this will get me unwedged. But if you
really didn't forget anything, try typing `2' now; then
my insertion and my current dilemma will both disappear.

c:/Users/TLP-001/Documents/GitHub/project3_docs/fitting/piecewise_analytic_formulas_template.tex:229: Missing } inserted.
<inserted text> 
                }
l.229 ...P_SUB_SIGNED__ \, (1-y)^{__CPDF_P_SUB__}$
                                                  $
I've inserted something that you may have forgotten.
(See the <inserted text> above.)
With luck, this will get me unwedged. But if you
really didn't forget anything, try typing `2' now; then
my insertion and my current dilemma will both disappear.

c:/Users/TLP-001/Documents/GitHub/project3_docs/fitting/piecewise_analytic_formulas_template.tex:238: Missing { inserted.
<to be read again> 
                   _
l.238 ...conversions ($p_{\text{scale}} \approx __
                                                  P_SCALE_SUB__ \text{ MBar}$):
A left brace was mandatory here, so I've put one in.
You might want to delete and/or insert some corrections
so that I will find a matching right brace soon.
(If you're confused by all this, try typing `I}' now.)

c:/Users/TLP-001/Documents/GitHub/project3_docs/fitting/piecewise_analytic_formulas_template.tex:238: Double subscript.
l.238 ...nversions ($p_{\text{scale}} \approx __P_
                                                  SCALE_SUB__ \text{ MBar}$):
I treat `x_1_2' essentially like `x_1{}_2'.

c:/Users/TLP-001/Documents/GitHub/project3_docs/fitting/piecewise_analytic_formulas_template.tex:238: Missing { inserted.
<to be read again> 
                   _
l.238 ...$p_{\text{scale}} \approx __P_SCALE_SUB__
                                                   \text{ MBar}$):
A left brace was mandatory here, so I've put one in.
You might want to delete and/or insert some corrections
so that I will find a matching right brace soon.
(If you're confused by all this, try typing `I}' now.)

c:/Users/TLP-001/Documents/GitHub/project3_docs/fitting/piecewise_analytic_formulas_template.tex:238: Missing } inserted.
<inserted text> 
                }
l.238 ...e}} \approx __P_SCALE_SUB__ \text{ MBar}$
                                                  ):
I've inserted something that you may have forgotten.
(See the <inserted text> above.)
With luck, this will get me unwedged. But if you
really didn't forget anything, try typing `2' now; then
my insertion and my current dilemma will both disappear.

c:/Users/TLP-001/Documents/GitHub/project3_docs/fitting/piecewise_analytic_formulas_template.tex:238: Missing } inserted.
<inserted text> 
                }
l.238 ...e}} \approx __P_SCALE_SUB__ \text{ MBar}$
                                                  ):
I've inserted something that you may have forgotten.
(See the <inserted text> above.)
With luck, this will get me unwedged. But if you
really didn't forget anything, try typing `2' now; then
my insertion and my current dilemma will both disappear.


Overfull \hbox (43.34833pt too wide) in paragraph at lines 237--239
[]\OT1/cmr/bx/n/10.95 Substitution of scal-ing con-stants and units\OT1/cmr/m/n/10.95 : Us-ing phys-i-cal con-ver-sions ($\OML/cmm/m/it/10.95 p[] \OMS/cmsy/m/n/10.95 ^^Y[]$\OT1/cmr/m/n/10.95 ): 
 []

c:/Users/TLP-001/Documents/GitHub/project3_docs/fitting/piecewise_analytic_formulas_template.tex:239: Missing { inserted.
<to be read again> 
                   _
l.239     $$p(m,t) \approx P(y) \cdot __
                                        P_SCALE_SUB__ \, \left(\frac{t}{\tex...
A left brace was mandatory here, so I've put one in.
You might want to delete and/or insert some corrections
so that I will find a matching right brace soon.
(If you're confused by all this, try typing `I}' now.)

c:/Users/TLP-001/Documents/GitHub/project3_docs/fitting/piecewise_analytic_formulas_template.tex:239: Double subscript.
l.239     $$p(m,t) \approx P(y) \cdot __P_
                                          SCALE_SUB__ \, \left(\frac{t}{\tex...
I treat `x_1_2' essentially like `x_1{}_2'.

c:/Users/TLP-001/Documents/GitHub/project3_docs/fitting/piecewise_analytic_formulas_template.tex:239: Missing { inserted.
<to be read again> 
                   _
l.239 ...p(m,t) \approx P(y) \cdot __P_SCALE_SUB__
                                                   \, \left(\frac{t}{\text{n...
A left brace was mandatory here, so I've put one in.
You might want to delete and/or insert some corrections
so that I will find a matching right brace soon.
(If you're confused by all this, try typing `I}' now.)

c:/Users/TLP-001/Documents/GitHub/project3_docs/fitting/piecewise_analytic_formulas_template.tex:239: Missing { inserted.
<to be read again> 
                   \mskip 
l.239 ...,t) \approx P(y) \cdot __P_SCALE_SUB__ \,
                                                   \left(\frac{t}{\text{ns}}...
A left brace was mandatory here, so I've put one in.
You might want to delete and/or insert some corrections
so that I will find a matching right brace soon.
(If you're confused by all this, try typing `I}' now.)

c:/Users/TLP-001/Documents/GitHub/project3_docs/fitting/piecewise_analytic_formulas_template.tex:239: Missing } inserted.
<inserted text> 
                }
l.239 ...ight)^{-\frac{43}{96}} \quad \text{MBar}$
                                                  $
I've inserted something that you may have forgotten.
(See the <inserted text> above.)
With luck, this will get me unwedged. But if you
really didn't forget anything, try typing `2' now; then
my insertion and my current dilemma will both disappear.

c:/Users/TLP-001/Documents/GitHub/project3_docs/fitting/piecewise_analytic_formulas_template.tex:239: Missing } inserted.
<inserted text> 
                }
l.239 ...ight)^{-\frac{43}{96}} \quad \text{MBar}$
                                                  $
I've inserted something that you may have forgotten.
(See the <inserted text> above.)
With luck, this will get me unwedged. But if you
really didn't forget anything, try typing `2' now; then
my insertion and my current dilemma will both disappear.

c:/Users/TLP-001/Documents/GitHub/project3_docs/fitting/piecewise_analytic_formulas_template.tex:239: Missing } inserted.
<inserted text> 
                }
l.239 ...ight)^{-\frac{43}{96}} \quad \text{MBar}$
                                                  $
I've inserted something that you may have forgotten.
(See the <inserted text> above.)
With luck, this will get me unwedged. But if you
really didn't forget anything, try typing `2' now; then
my insertion and my current dilemma will both disappear.

c:/Users/TLP-001/Documents/GitHub/project3_docs/fitting/piecewise_analytic_formulas_template.tex:242: Missing { inserted.
<to be read again> 
                   _
l.242     Substituting $y \approx __
                                    INV_MF__ \left(\frac{m}{\text{g/cm}^2}\r...
A left brace was mandatory here, so I've put one in.
You might want to delete and/or insert some corrections
so that I will find a matching right brace soon.
(If you're confused by all this, try typing `I}' now.)

c:/Users/TLP-001/Documents/GitHub/project3_docs/fitting/piecewise_analytic_formulas_template.tex:242: Missing { inserted.
<to be read again> 
                   _
l.242     Substituting $y \approx __INV_MF__
                                             \left(\frac{m}{\text{g/cm}^2}\r...
A left brace was mandatory here, so I've put one in.
You might want to delete and/or insert some corrections
so that I will find a matching right brace soon.
(If you're confused by all this, try typing `I}' now.)

c:/Users/TLP-001/Documents/GitHub/project3_docs/fitting/piecewise_analytic_formulas_template.tex:242: Missing { inserted.
<to be read again> 
                   \left 
l.242     Substituting $y \approx __INV_MF__ \left
                                                  (\frac{m}{\text{g/cm}^2}\r...
A left brace was mandatory here, so I've put one in.
You might want to delete and/or insert some corrections
so that I will find a matching right brace soon.
(If you're confused by all this, try typing `I}' now.)

c:/Users/TLP-001/Documents/GitHub/project3_docs/fitting/piecewise_analytic_formulas_template.tex:242: Missing } inserted.
<inserted text> 
                }
l.242 ...ac{t}{\text{ns}}\right)^{-\frac{33}{64}}$
                                                  :
I've inserted something that you may have forgotten.
(See the <inserted text> above.)
With luck, this will get me unwedged. But if you
really didn't forget anything, try typing `2' now; then
my insertion and my current dilemma will both disappear.

c:/Users/TLP-001/Documents/GitHub/project3_docs/fitting/piecewise_analytic_formulas_template.tex:242: Missing } inserted.
<inserted text> 
                }
l.242 ...ac{t}{\text{ns}}\right)^{-\frac{33}{64}}$
                                                  :
I've inserted something that you may have forgotten.
(See the <inserted text> above.)
With luck, this will get me unwedged. But if you
really didn't forget anything, try typing `2' now; then
my insertion and my current dilemma will both disappear.

c:/Users/TLP-001/Documents/GitHub/project3_docs/fitting/piecewise_analytic_formulas_template.tex:242: Missing } inserted.
<inserted text> 
                }
l.242 ...ac{t}{\text{ns}}\right)^{-\frac{33}{64}}$
                                                  :
I've inserted something that you may have forgotten.
(See the <inserted text> above.)
With luck, this will get me unwedged. But if you
really didn't forget anything, try typing `2' now; then
my insertion and my current dilemma will both disappear.

c:/Users/TLP-001/Documents/GitHub/project3_docs/fitting/piecewise_analytic_formulas_template.tex:243: Missing { inserted.
<to be read again> 
                   _
l.243     $$p(m,t) \approx \left[ __
                                    LEAD_PF_SUB__ __LEAD_A_P_SUB_SIGNED__ (1...
A left brace was mandatory here, so I've put one in.
You might want to delete and/or insert some corrections
so that I will find a matching right brace soon.
(If you're confused by all this, try typing `I}' now.)

c:/Users/TLP-001/Documents/GitHub/project3_docs/fitting/piecewise_analytic_formulas_template.tex:243: Missing { inserted.
<to be read again> 
                   _
l.243     $$p(m,t) \approx \left[ __LEAD_PF_SUB__
                                                  __LEAD_A_P_SUB_SIGNED__ (1...
A left brace was mandatory here, so I've put one in.
You might want to delete and/or insert some corrections
so that I will find a matching right brace soon.
(If you're confused by all this, try typing `I}' now.)

c:/Users/TLP-001/Documents/GitHub/project3_docs/fitting/piecewise_analytic_formulas_template.tex:243: Missing { inserted.
<to be read again> 
                   _
l.243 ...$$p(m,t) \approx \left[ __LEAD_PF_SUB__ _
                                                  _LEAD_A_P_SUB_SIGNED__ (1-...
A left brace was mandatory here, so I've put one in.
You might want to delete and/or insert some corrections
so that I will find a matching right brace soon.
(If you're confused by all this, try typing `I}' now.)

c:/Users/TLP-001/Documents/GitHub/project3_docs/fitting/piecewise_analytic_formulas_template.tex:243: Missing { inserted.
<to be read again> 
                   _
l.243 ...$p(m,t) \approx \left[ __LEAD_PF_SUB__ __
                                                  LEAD_A_P_SUB_SIGNED__ (1-y...
A left brace was mandatory here, so I've put one in.
You might want to delete and/or insert some corrections
so that I will find a matching right brace soon.
(If you're confused by all this, try typing `I}' now.)

c:/Users/TLP-001/Documents/GitHub/project3_docs/fitting/piecewise_analytic_formulas_template.tex:243: Double subscript.
l.243 ... \approx \left[ __LEAD_PF_SUB__ __LEAD_A_
                                                  P_SUB_SIGNED__ (1-y)^{__C_...
I treat `x_1_2' essentially like `x_1{}_2'.

c:/Users/TLP-001/Documents/GitHub/project3_docs/fitting/piecewise_analytic_formulas_template.tex:243: Double subscript.
l.243 ...approx \left[ __LEAD_PF_SUB__ __LEAD_A_P_
                                                  SUB_SIGNED__ (1-y)^{__C_P_...
I treat `x_1_2' essentially like `x_1{}_2'.

c:/Users/TLP-001/Documents/GitHub/project3_docs/fitting/piecewise_analytic_formulas_template.tex:243: Missing { inserted.
<to be read again> 
                   _
l.243 ...[ __LEAD_PF_SUB__ __LEAD_A_P_SUB_SIGNED__
                                                   (1-y)^{__C_P_SUB__} __LEA...
A left brace was mandatory here, so I've put one in.
You might want to delete and/or insert some corrections
so that I will find a matching right brace soon.
(If you're confused by all this, try typing `I}' now.)

c:/Users/TLP-001/Documents/GitHub/project3_docs/fitting/piecewise_analytic_formulas_template.tex:243: Missing { inserted.
<to be read again> 
                   _
l.243 ...F_SUB__ __LEAD_A_P_SUB_SIGNED__ (1-y)^{__
                                                  C_P_SUB__} __LEAD_B_P_SUB_...
A left brace was mandatory here, so I've put one in.
You might want to delete and/or insert some corrections
so that I will find a matching right brace soon.
(If you're confused by all this, try typing `I}' now.)

c:/Users/TLP-001/Documents/GitHub/project3_docs/fitting/piecewise_analytic_formulas_template.tex:243: Double subscript.
l.243 ...SUB__ __LEAD_A_P_SUB_SIGNED__ (1-y)^{__C_
                                                  P_SUB__} __LEAD_B_P_SUB_SI...
I treat `x_1_2' essentially like `x_1{}_2'.

c:/Users/TLP-001/Documents/GitHub/project3_docs/fitting/piecewise_analytic_formulas_template.tex:243: Double subscript.
l.243 ...B__ __LEAD_A_P_SUB_SIGNED__ (1-y)^{__C_P_
                                                  SUB__} __LEAD_B_P_SUB_SIGN...
I treat `x_1_2' essentially like `x_1{}_2'.

c:/Users/TLP-001/Documents/GitHub/project3_docs/fitting/piecewise_analytic_formulas_template.tex:243: Missing { inserted.
<to be read again> 
                   _
l.243 ..._LEAD_A_P_SUB_SIGNED__ (1-y)^{__C_P_SUB__
                                                  } __LEAD_B_P_SUB_SIGNED__ ...
A left brace was mandatory here, so I've put one in.
You might want to delete and/or insert some corrections
so that I will find a matching right brace soon.
(If you're confused by all this, try typing `I}' now.)

c:/Users/TLP-001/Documents/GitHub/project3_docs/fitting/piecewise_analytic_formulas_template.tex:243: Missing { inserted.
<to be read again> 
                   }
l.243 ...LEAD_A_P_SUB_SIGNED__ (1-y)^{__C_P_SUB__}
                                                   __LEAD_B_P_SUB_SIGNED__ (...
A left brace was mandatory here, so I've put one in.
You might want to delete and/or insert some corrections
so that I will find a matching right brace soon.
(If you're confused by all this, try typing `I}' now.)

c:/Users/TLP-001/Documents/GitHub/project3_docs/fitting/piecewise_analytic_formulas_template.tex:243: Double subscript.
l.243 ...AD_A_P_SUB_SIGNED__ (1-y)^{__C_P_SUB__} _
                                                  _LEAD_B_P_SUB_SIGNED__ (1-...
I treat `x_1_2' essentially like `x_1{}_2'.

c:/Users/TLP-001/Documents/GitHub/project3_docs/fitting/piecewise_analytic_formulas_template.tex:243: Missing { inserted.
<to be read again> 
                   _
l.243 ...D_A_P_SUB_SIGNED__ (1-y)^{__C_P_SUB__} __
                                                  LEAD_B_P_SUB_SIGNED__ (1-y...
A left brace was mandatory here, so I've put one in.
You might want to delete and/or insert some corrections
so that I will find a matching right brace soon.
(If you're confused by all this, try typing `I}' now.)

c:/Users/TLP-001/Documents/GitHub/project3_docs/fitting/piecewise_analytic_formulas_template.tex:243: Double subscript.
l.243 ...UB_SIGNED__ (1-y)^{__C_P_SUB__} __LEAD_B_
                                                  P_SUB_SIGNED__ (1-y)^{__CP...
I treat `x_1_2' essentially like `x_1{}_2'.

c:/Users/TLP-001/Documents/GitHub/project3_docs/fitting/piecewise_analytic_formulas_template.tex:243: Double subscript.
l.243 ..._SIGNED__ (1-y)^{__C_P_SUB__} __LEAD_B_P_
                                                  SUB_SIGNED__ (1-y)^{__CPD_...
I treat `x_1_2' essentially like `x_1{}_2'.

c:/Users/TLP-001/Documents/GitHub/project3_docs/fitting/piecewise_analytic_formulas_template.tex:243: Missing { inserted.
<to be read again> 
                   _
l.243 ...-y)^{__C_P_SUB__} __LEAD_B_P_SUB_SIGNED__
                                                   (1-y)^{__CPD_P_SUB__} __L...
A left brace was mandatory here, so I've put one in.
You might want to delete and/or insert some corrections
so that I will find a matching right brace soon.
(If you're confused by all this, try typing `I}' now.)

c:/Users/TLP-001/Documents/GitHub/project3_docs/fitting/piecewise_analytic_formulas_template.tex:243: Missing { inserted.
<to be read again> 
                   _
l.243 ..._SUB__} __LEAD_B_P_SUB_SIGNED__ (1-y)^{__
                                                  CPD_P_SUB__} __LEAD_E_P_SU...
A left brace was mandatory here, so I've put one in.
You might want to delete and/or insert some corrections
so that I will find a matching right brace soon.
(If you're confused by all this, try typing `I}' now.)

c:/Users/TLP-001/Documents/GitHub/project3_docs/fitting/piecewise_analytic_formulas_template.tex:243: Double subscript.
l.243 ...} __LEAD_B_P_SUB_SIGNED__ (1-y)^{__CPD_P_
                                                  SUB__} __LEAD_E_P_SUB_SIGN...
I treat `x_1_2' essentially like `x_1{}_2'.

c:/Users/TLP-001/Documents/GitHub/project3_docs/fitting/piecewise_analytic_formulas_template.tex:243: Missing { inserted.
<to be read again> 
                   _
l.243 ...EAD_B_P_SUB_SIGNED__ (1-y)^{__CPD_P_SUB__
                                                  } __LEAD_E_P_SUB_SIGNED__ ...
A left brace was mandatory here, so I've put one in.
You might want to delete and/or insert some corrections
so that I will find a matching right brace soon.
(If you're confused by all this, try typing `I}' now.)

c:/Users/TLP-001/Documents/GitHub/project3_docs/fitting/piecewise_analytic_formulas_template.tex:243: Missing { inserted.
<to be read again> 
                   }
l.243 ...AD_B_P_SUB_SIGNED__ (1-y)^{__CPD_P_SUB__}
                                                   __LEAD_E_P_SUB_SIGNED__ (...
A left brace was mandatory here, so I've put one in.
You might want to delete and/or insert some corrections
so that I will find a matching right brace soon.
(If you're confused by all this, try typing `I}' now.)

c:/Users/TLP-001/Documents/GitHub/project3_docs/fitting/piecewise_analytic_formulas_template.tex:243: Double subscript.
l.243 ..._B_P_SUB_SIGNED__ (1-y)^{__CPD_P_SUB__} _
                                                  _LEAD_E_P_SUB_SIGNED__ (1-...
I treat `x_1_2' essentially like `x_1{}_2'.

c:/Users/TLP-001/Documents/GitHub/project3_docs/fitting/piecewise_analytic_formulas_template.tex:243: Missing { inserted.
<to be read again> 
                   _
l.243 ...B_P_SUB_SIGNED__ (1-y)^{__CPD_P_SUB__} __
                                                  LEAD_E_P_SUB_SIGNED__ (1-y...
A left brace was mandatory here, so I've put one in.
You might want to delete and/or insert some corrections
so that I will find a matching right brace soon.
(If you're confused by all this, try typing `I}' now.)

c:/Users/TLP-001/Documents/GitHub/project3_docs/fitting/piecewise_analytic_formulas_template.tex:243: Double subscript.
l.243 ..._SIGNED__ (1-y)^{__CPD_P_SUB__} __LEAD_E_
                                                  P_SUB_SIGNED__ (1-y)^{__CP...
I treat `x_1_2' essentially like `x_1{}_2'.

c:/Users/TLP-001/Documents/GitHub/project3_docs/fitting/piecewise_analytic_formulas_template.tex:243: Double subscript.
l.243 ...IGNED__ (1-y)^{__CPD_P_SUB__} __LEAD_E_P_
                                                  SUB_SIGNED__ (1-y)^{__CPDF...
I treat `x_1_2' essentially like `x_1{}_2'.

c:/Users/TLP-001/Documents/GitHub/project3_docs/fitting/piecewise_analytic_formulas_template.tex:243: Missing { inserted.
<to be read again> 
                   _
l.243 ...)^{__CPD_P_SUB__} __LEAD_E_P_SUB_SIGNED__
                                                   (1-y)^{__CPDF_P_SUB__} \r...
A left brace was mandatory here, so I've put one in.
You might want to delete and/or insert some corrections
so that I will find a matching right brace soon.
(If you're confused by all this, try typing `I}' now.)

c:/Users/TLP-001/Documents/GitHub/project3_docs/fitting/piecewise_analytic_formulas_template.tex:243: Missing { inserted.
<to be read again> 
                   _
l.243 ..._SUB__} __LEAD_E_P_SUB_SIGNED__ (1-y)^{__
                                                  CPDF_P_SUB__} \right] \, \...
A left brace was mandatory here, so I've put one in.
You might want to delete and/or insert some corrections
so that I will find a matching right brace soon.
(If you're confused by all this, try typing `I}' now.)

c:/Users/TLP-001/Documents/GitHub/project3_docs/fitting/piecewise_analytic_formulas_template.tex:243: Double subscript.
l.243 ... __LEAD_E_P_SUB_SIGNED__ (1-y)^{__CPDF_P_
                                                  SUB__} \right] \, \left(\f...
I treat `x_1_2' essentially like `x_1{}_2'.

c:/Users/TLP-001/Documents/GitHub/project3_docs/fitting/piecewise_analytic_formulas_template.tex:243: Missing { inserted.
<to be read again> 
                   _
l.243 ...AD_E_P_SUB_SIGNED__ (1-y)^{__CPDF_P_SUB__
                                                  } \right] \, \left(\frac{t...
A left brace was mandatory here, so I've put one in.
You might want to delete and/or insert some corrections
so that I will find a matching right brace soon.
(If you're confused by all this, try typing `I}' now.)

c:/Users/TLP-001/Documents/GitHub/project3_docs/fitting/piecewise_analytic_formulas_template.tex:243: Missing { inserted.
<to be read again> 
                   }
l.243 ...D_E_P_SUB_SIGNED__ (1-y)^{__CPDF_P_SUB__}
                                                   \right] \, \left(\frac{t}...
A left brace was mandatory here, so I've put one in.
You might want to delete and/or insert some corrections
so that I will find a matching right brace soon.
(If you're confused by all this, try typing `I}' now.)

c:/Users/TLP-001/Documents/GitHub/project3_docs/fitting/piecewise_analytic_formulas_template.tex:243: Missing } inserted.
<inserted text> 
                }
l.243 ...UB_SIGNED__ (1-y)^{__CPDF_P_SUB__} \right
                                                  ] \, \left(\frac{t}{\text{...
I've inserted something that you may have forgotten.
(See the <inserted text> above.)
With luck, this will get me unwedged. But if you
really didn't forget anything, try typing `2' now; then
my insertion and my current dilemma will both disappear.

c:/Users/TLP-001/Documents/GitHub/project3_docs/fitting/piecewise_analytic_formulas_template.tex:243: Missing } inserted.
<inserted text> 
                }
l.243 ...UB_SIGNED__ (1-y)^{__CPDF_P_SUB__} \right
                                                  ] \, \left(\frac{t}{\text{...
I've inserted something that you may have forgotten.
(See the <inserted text> above.)
With luck, this will get me unwedged. But if you
really didn't forget anything, try typing `2' now; then
my insertion and my current dilemma will both disappear.

c:/Users/TLP-001/Documents/GitHub/project3_docs/fitting/piecewise_analytic_formulas_template.tex:243: Missing } inserted.
<inserted text> 
                }
l.243 ...UB_SIGNED__ (1-y)^{__CPDF_P_SUB__} \right
                                                  ] \, \left(\frac{t}{\text{...
I've inserted something that you may have forgotten.
(See the <inserted text> above.)
With luck, this will get me unwedged. But if you
really didn't forget anything, try typing `2' now; then
my insertion and my current dilemma will both disappear.

c:/Users/TLP-001/Documents/GitHub/project3_docs/fitting/piecewise_analytic_formulas_template.tex:243: Missing } inserted.
<inserted text> 
                }
l.243 ...UB_SIGNED__ (1-y)^{__CPDF_P_SUB__} \right
                                                  ] \, \left(\frac{t}{\text{...
I've inserted something that you may have forgotten.
(See the <inserted text> above.)
With luck, this will get me unwedged. But if you
really didn't forget anything, try typing `2' now; then
my insertion and my current dilemma will both disappear.

c:/Users/TLP-001/Documents/GitHub/project3_docs/fitting/piecewise_analytic_formulas_template.tex:243: Missing } inserted.
<inserted text> 
                }
l.243 ...UB_SIGNED__ (1-y)^{__CPDF_P_SUB__} \right
                                                  ] \, \left(\frac{t}{\text{...
I've inserted something that you may have forgotten.
(See the <inserted text> above.)
With luck, this will get me unwedged. But if you
really didn't forget anything, try typing `2' now; then
my insertion and my current dilemma will both disappear.

c:/Users/TLP-001/Documents/GitHub/project3_docs/fitting/piecewise_analytic_formulas_template.tex:243: Missing } inserted.
<inserted text> 
                }
l.243 ...UB_SIGNED__ (1-y)^{__CPDF_P_SUB__} \right
                                                  ] \, \left(\frac{t}{\text{...
I've inserted something that you may have forgotten.
(See the <inserted text> above.)
With luck, this will get me unwedged. But if you
really didn't forget anything, try typing `2' now; then
my insertion and my current dilemma will both disappear.

c:/Users/TLP-001/Documents/GitHub/project3_docs/fitting/piecewise_analytic_formulas_template.tex:243: Missing } inserted.
<inserted text> 
                }
l.243 ...UB_SIGNED__ (1-y)^{__CPDF_P_SUB__} \right
                                                  ] \, \left(\frac{t}{\text{...
I've inserted something that you may have forgotten.
(See the <inserted text> above.)
With luck, this will get me unwedged. But if you
really didn't forget anything, try typing `2' now; then
my insertion and my current dilemma will both disappear.

c:/Users/TLP-001/Documents/GitHub/project3_docs/fitting/piecewise_analytic_formulas_template.tex:243: Missing } inserted.
<inserted text> 
                }
l.243 ...UB_SIGNED__ (1-y)^{__CPDF_P_SUB__} \right
                                                  ] \, \left(\frac{t}{\text{...
I've inserted something that you may have forgotten.
(See the <inserted text> above.)
With luck, this will get me unwedged. But if you
really didn't forget anything, try typing `2' now; then
my insertion and my current dilemma will both disappear.

c:/Users/TLP-001/Documents/GitHub/project3_docs/fitting/piecewise_analytic_formulas_template.tex:243: Missing } inserted.
<inserted text> 
                }
l.243 ...UB_SIGNED__ (1-y)^{__CPDF_P_SUB__} \right
                                                  ] \, \left(\frac{t}{\text{...
I've inserted something that you may have forgotten.
(See the <inserted text> above.)
With luck, this will get me unwedged. But if you
really didn't forget anything, try typing `2' now; then
my insertion and my current dilemma will both disappear.

c:/Users/TLP-001/Documents/GitHub/project3_docs/fitting/piecewise_analytic_formulas_template.tex:243: Missing } inserted.
<inserted text> 
                }
l.243 ...UB_SIGNED__ (1-y)^{__CPDF_P_SUB__} \right
                                                  ] \, \left(\frac{t}{\text{...
I've inserted something that you may have forgotten.
(See the <inserted text> above.)
With luck, this will get me unwedged. But if you
really didn't forget anything, try typing `2' now; then
my insertion and my current dilemma will both disappear.

c:/Users/TLP-001/Documents/GitHub/project3_docs/fitting/piecewise_analytic_formulas_template.tex:243: Missing } inserted.
<inserted text> 
                }
l.243 ...UB_SIGNED__ (1-y)^{__CPDF_P_SUB__} \right
                                                  ] \, \left(\frac{t}{\text{...
I've inserted something that you may have forgotten.
(See the <inserted text> above.)
With luck, this will get me unwedged. But if you
really didn't forget anything, try typing `2' now; then
my insertion and my current dilemma will both disappear.

c:/Users/TLP-001/Documents/GitHub/project3_docs/fitting/piecewise_analytic_formulas_template.tex:243: Missing } inserted.
<inserted text> 
                }
l.243 ...UB_SIGNED__ (1-y)^{__CPDF_P_SUB__} \right
                                                  ] \, \left(\frac{t}{\text{...
I've inserted something that you may have forgotten.
(See the <inserted text> above.)
With luck, this will get me unwedged. But if you
really didn't forget anything, try typing `2' now; then
my insertion and my current dilemma will both disappear.

c:/Users/TLP-001/Documents/GitHub/project3_docs/fitting/piecewise_analytic_formulas_template.tex:243: Missing } inserted.
<inserted text> 
                }
l.243 ...UB_SIGNED__ (1-y)^{__CPDF_P_SUB__} \right
                                                  ] \, \left(\frac{t}{\text{...
I've inserted something that you may have forgotten.
(See the <inserted text> above.)
With luck, this will get me unwedged. But if you
really didn't forget anything, try typing `2' now; then
my insertion and my current dilemma will both disappear.

c:/Users/TLP-001/Documents/GitHub/project3_docs/fitting/piecewise_analytic_formulas_template.tex:243: Missing } inserted.
<inserted text> 
                }
l.243 ...UB_SIGNED__ (1-y)^{__CPDF_P_SUB__} \right
                                                  ] \, \left(\frac{t}{\text{...
I've inserted something that you may have forgotten.
(See the <inserted text> above.)
With luck, this will get me unwedged. But if you
really didn't forget anything, try typing `2' now; then
my insertion and my current dilemma will both disappear.

c:/Users/TLP-001/Documents/GitHub/project3_docs/fitting/piecewise_analytic_formulas_template.tex:243: Missing } inserted.
<inserted text> 
                }
l.243 ...UB_SIGNED__ (1-y)^{__CPDF_P_SUB__} \right
                                                  ] \, \left(\frac{t}{\text{...
I've inserted something that you may have forgotten.
(See the <inserted text> above.)
With luck, this will get me unwedged. But if you
really didn't forget anything, try typing `2' now; then
my insertion and my current dilemma will both disappear.

c:/Users/TLP-001/Documents/GitHub/project3_docs/fitting/piecewise_analytic_formulas_template.tex:243: Missing } inserted.
<inserted text> 
                }
l.243 ...UB_SIGNED__ (1-y)^{__CPDF_P_SUB__} \right
                                                  ] \, \left(\frac{t}{\text{...
I've inserted something that you may have forgotten.
(See the <inserted text> above.)
With luck, this will get me unwedged. But if you
really didn't forget anything, try typing `2' now; then
my insertion and my current dilemma will both disappear.

c:/Users/TLP-001/Documents/GitHub/project3_docs/fitting/piecewise_analytic_formulas_template.tex:243: Missing } inserted.
<inserted text> 
                }
l.243 ...UB_SIGNED__ (1-y)^{__CPDF_P_SUB__} \right
                                                  ] \, \left(\frac{t}{\text{...
I've inserted something that you may have forgotten.
(See the <inserted text> above.)
With luck, this will get me unwedged. But if you
really didn't forget anything, try typing `2' now; then
my insertion and my current dilemma will both disappear.

c:/Users/TLP-001/Documents/GitHub/project3_docs/fitting/piecewise_analytic_formulas_template.tex:243: Missing } inserted.
<inserted text> 
                }
l.243 ...UB_SIGNED__ (1-y)^{__CPDF_P_SUB__} \right
                                                  ] \, \left(\frac{t}{\text{...
I've inserted something that you may have forgotten.
(See the <inserted text> above.)
With luck, this will get me unwedged. But if you
really didn't forget anything, try typing `2' now; then
my insertion and my current dilemma will both disappear.


Overfull \hbox (203.5496pt too wide) detected at line 243
\OML/cmm/m/it/10.95 p\OT1/cmr/m/n/10.95 (\OML/cmm/m/it/10.95 m; t\OT1/cmr/m/n/10.95 ) \OMS/cmsy/m/n/10.95 ^^Y []  [][]  []
 []

c:/Users/TLP-001/Documents/GitHub/project3_docs/fitting/piecewise_analytic_formulas_template.tex:249: Missing { inserted.
<to be read again> 
                   _
l.249     $$T(y) \approx \left[ (1 - y)(1 + __
                                              R_T_SUB__ y) \right]^{\frac{10...
A left brace was mandatory here, so I've put one in.
You might want to delete and/or insert some corrections
so that I will find a matching right brace soon.
(If you're confused by all this, try typing `I}' now.)

c:/Users/TLP-001/Documents/GitHub/project3_docs/fitting/piecewise_analytic_formulas_template.tex:249: Double subscript.
l.249     $$T(y) \approx \left[ (1 - y)(1 + __R_
                                                T_SUB__ y) \right]^{\frac{10...
I treat `x_1_2' essentially like `x_1{}_2'.

c:/Users/TLP-001/Documents/GitHub/project3_docs/fitting/piecewise_analytic_formulas_template.tex:249: Double subscript.
l.249     $$T(y) \approx \left[ (1 - y)(1 + __R_T_
                                                  SUB__ y) \right]^{\frac{10...
I treat `x_1_2' essentially like `x_1{}_2'.

c:/Users/TLP-001/Documents/GitHub/project3_docs/fitting/piecewise_analytic_formulas_template.tex:249: Missing { inserted.
<to be read again> 
                   _
l.249 ...y) \approx \left[ (1 - y)(1 + __R_T_SUB__
                                                   y) \right]^{\frac{10}{39}}$$
A left brace was mandatory here, so I've put one in.
You might want to delete and/or insert some corrections
so that I will find a matching right brace soon.
(If you're confused by all this, try typing `I}' now.)

c:/Users/TLP-001/Documents/GitHub/project3_docs/fitting/piecewise_analytic_formulas_template.tex:249: Missing } inserted.
<inserted text> 
                }
l.249 ... \left[ (1 - y)(1 + __R_T_SUB__ y) \right
                                                  ]^{\frac{10}{39}}$$
I've inserted something that you may have forgotten.
(See the <inserted text> above.)
With luck, this will get me unwedged. But if you
really didn't forget anything, try typing `2' now; then
my insertion and my current dilemma will both disappear.

c:/Users/TLP-001/Documents/GitHub/project3_docs/fitting/piecewise_analytic_formulas_template.tex:249: Missing } inserted.
<inserted text> 
                }
l.249 ... \left[ (1 - y)(1 + __R_T_SUB__ y) \right
                                                  ]^{\frac{10}{39}}$$
I've inserted something that you may have forgotten.
(See the <inserted text> above.)
With luck, this will get me unwedged. But if you
really didn't forget anything, try typing `2' now; then
my insertion and my current dilemma will both disappear.

c:/Users/TLP-001/Documents/GitHub/project3_docs/fitting/piecewise_analytic_formulas_template.tex:253: Missing { inserted.
<to be read again> 
                   _
l.253     $$T(m,t) \approx \left[ (1 - y)(1 + __
                                                R_T_SUB__ y) \right]^{\frac{...
A left brace was mandatory here, so I've put one in.
You might want to delete and/or insert some corrections
so that I will find a matching right brace soon.
(If you're confused by all this, try typing `I}' now.)

c:/Users/TLP-001/Documents/GitHub/project3_docs/fitting/piecewise_analytic_formulas_template.tex:253: Double subscript.
l.253     $$T(m,t) \approx \left[ (1 - y)(1 + __R_
                                                  T_SUB__ y) \right]^{\frac{...
I treat `x_1_2' essentially like `x_1{}_2'.

c:/Users/TLP-001/Documents/GitHub/project3_docs/fitting/piecewise_analytic_formulas_template.tex:253: Double subscript.
l.253 ...$T(m,t) \approx \left[ (1 - y)(1 + __R_T_
                                                  SUB__ y) \right]^{\frac{10...
I treat `x_1_2' essentially like `x_1{}_2'.

c:/Users/TLP-001/Documents/GitHub/project3_docs/fitting/piecewise_analytic_formulas_template.tex:253: Missing { inserted.
<to be read again> 
                   _
l.253 ...t) \approx \left[ (1 - y)(1 + __R_T_SUB__
                                                   y) \right]^{\frac{10}{39}...
A left brace was mandatory here, so I've put one in.
You might want to delete and/or insert some corrections
so that I will find a matching right brace soon.
(If you're confused by all this, try typing `I}' now.)

c:/Users/TLP-001/Documents/GitHub/project3_docs/fitting/piecewise_analytic_formulas_template.tex:253: Missing } inserted.
<inserted text> 
                }
l.253 ... \left[ (1 - y)(1 + __R_T_SUB__ y) \right
                                                  ]^{\frac{10}{39}} \, T_0$$
I've inserted something that you may have forgotten.
(See the <inserted text> above.)
With luck, this will get me unwedged. But if you
really didn't forget anything, try typing `2' now; then
my insertion and my current dilemma will both disappear.

c:/Users/TLP-001/Documents/GitHub/project3_docs/fitting/piecewise_analytic_formulas_template.tex:253: Missing } inserted.
<inserted text> 
                }
l.253 ... \left[ (1 - y)(1 + __R_T_SUB__ y) \right
                                                  ]^{\frac{10}{39}} \, T_0$$
I've inserted something that you may have forgotten.
(See the <inserted text> above.)
With luck, this will get me unwedged. But if you
really didn't forget anything, try typing `2' now; then
my insertion and my current dilemma will both disappear.



[5]
c:/Users/TLP-001/Documents/GitHub/project3_docs/fitting/piecewise_analytic_formulas_template.tex:256: Missing { inserted.
<to be read again> 
                   _
l.256 ... \approx 1.00000 \, \left[ (1 - y)(1 + __
                                                  R_T_SUB__ y) \right]^{\fra...
A left brace was mandatory here, so I've put one in.
You might want to delete and/or insert some corrections
so that I will find a matching right brace soon.
(If you're confused by all this, try typing `I}' now.)

c:/Users/TLP-001/Documents/GitHub/project3_docs/fitting/piecewise_analytic_formulas_template.tex:256: Double subscript.
l.256 ...approx 1.00000 \, \left[ (1 - y)(1 + __R_
                                                  T_SUB__ y) \right]^{\frac{...
I treat `x_1_2' essentially like `x_1{}_2'.

c:/Users/TLP-001/Documents/GitHub/project3_docs/fitting/piecewise_analytic_formulas_template.tex:256: Double subscript.
l.256 ...prox 1.00000 \, \left[ (1 - y)(1 + __R_T_
                                                  SUB__ y) \right]^{\frac{10...
I treat `x_1_2' essentially like `x_1{}_2'.

c:/Users/TLP-001/Documents/GitHub/project3_docs/fitting/piecewise_analytic_formulas_template.tex:256: Missing { inserted.
<to be read again> 
                   _
l.256 ...1.00000 \, \left[ (1 - y)(1 + __R_T_SUB__
                                                   y) \right]^{\frac{10}{39}...
A left brace was mandatory here, so I've put one in.
You might want to delete and/or insert some corrections
so that I will find a matching right brace soon.
(If you're confused by all this, try typing `I}' now.)

c:/Users/TLP-001/Documents/GitHub/project3_docs/fitting/piecewise_analytic_formulas_template.tex:256: Missing } inserted.
<inserted text> 
                }
l.256 ... \left[ (1 - y)(1 + __R_T_SUB__ y) \right
                                                  ]^{\frac{10}{39}} \quad \t...
I've inserted something that you may have forgotten.
(See the <inserted text> above.)
With luck, this will get me unwedged. But if you
really didn't forget anything, try typing `2' now; then
my insertion and my current dilemma will both disappear.

c:/Users/TLP-001/Documents/GitHub/project3_docs/fitting/piecewise_analytic_formulas_template.tex:256: Missing } inserted.
<inserted text> 
                }
l.256 ... \left[ (1 - y)(1 + __R_T_SUB__ y) \right
                                                  ]^{\frac{10}{39}} \quad \t...
I've inserted something that you may have forgotten.
(See the <inserted text> above.)
With luck, this will get me unwedged. But if you
really didn't forget anything, try typing `2' now; then
my insertion and my current dilemma will both disappear.

c:/Users/TLP-001/Documents/GitHub/project3_docs/fitting/piecewise_analytic_formulas_template.tex:258: Missing { inserted.
<to be read again> 
                   _
l.258     Substituting $y \approx __
                                    INV_MF__ \left(\frac{m}{\text{g/cm}^2}\r...
A left brace was mandatory here, so I've put one in.
You might want to delete and/or insert some corrections
so that I will find a matching right brace soon.
(If you're confused by all this, try typing `I}' now.)

c:/Users/TLP-001/Documents/GitHub/project3_docs/fitting/piecewise_analytic_formulas_template.tex:258: Missing { inserted.
<to be read again> 
                   _
l.258     Substituting $y \approx __INV_MF__
                                             \left(\frac{m}{\text{g/cm}^2}\r...
A left brace was mandatory here, so I've put one in.
You might want to delete and/or insert some corrections
so that I will find a matching right brace soon.
(If you're confused by all this, try typing `I}' now.)

c:/Users/TLP-001/Documents/GitHub/project3_docs/fitting/piecewise_analytic_formulas_template.tex:258: Missing { inserted.
<to be read again> 
                   \left 
l.258     Substituting $y \approx __INV_MF__ \left
                                                  (\frac{m}{\text{g/cm}^2}\r...
A left brace was mandatory here, so I've put one in.
You might want to delete and/or insert some corrections
so that I will find a matching right brace soon.
(If you're confused by all this, try typing `I}' now.)

c:/Users/TLP-001/Documents/GitHub/project3_docs/fitting/piecewise_analytic_formulas_template.tex:258: Missing } inserted.
<inserted text> 
                }
l.258 ...ac{t}{\text{ns}}\right)^{-\frac{33}{64}}$
                                                  :
I've inserted something that you may have forgotten.
(See the <inserted text> above.)
With luck, this will get me unwedged. But if you
really didn't forget anything, try typing `2' now; then
my insertion and my current dilemma will both disappear.

c:/Users/TLP-001/Documents/GitHub/project3_docs/fitting/piecewise_analytic_formulas_template.tex:258: Missing } inserted.
<inserted text> 
                }
l.258 ...ac{t}{\text{ns}}\right)^{-\frac{33}{64}}$
                                                  :
I've inserted something that you may have forgotten.
(See the <inserted text> above.)
With luck, this will get me unwedged. But if you
really didn't forget anything, try typing `2' now; then
my insertion and my current dilemma will both disappear.

c:/Users/TLP-001/Documents/GitHub/project3_docs/fitting/piecewise_analytic_formulas_template.tex:258: Missing } inserted.
<inserted text> 
                }
l.258 ...ac{t}{\text{ns}}\right)^{-\frac{33}{64}}$
                                                  :
I've inserted something that you may have forgotten.
(See the <inserted text> above.)
With luck, this will get me unwedged. But if you
really didn't forget anything, try typing `2' now; then
my insertion and my current dilemma will both disappear.

c:/Users/TLP-001/Documents/GitHub/project3_docs/fitting/piecewise_analytic_formulas_template.tex:259: Missing { inserted.
<to be read again> 
                   _
l.259 ...t) \approx 1.00000 \, \left[ \left(1 - __
                                                  INV_MF__ \left(\frac{m}{\t...
A left brace was mandatory here, so I've put one in.
You might want to delete and/or insert some corrections
so that I will find a matching right brace soon.
(If you're confused by all this, try typing `I}' now.)

c:/Users/TLP-001/Documents/GitHub/project3_docs/fitting/piecewise_analytic_formulas_template.tex:259: Missing { inserted.
<to be read again> 
                   _
l.259 ...ox 1.00000 \, \left[ \left(1 - __INV_MF__
                                                   \left(\frac{m}{\text{g/cm...
A left brace was mandatory here, so I've put one in.
You might want to delete and/or insert some corrections
so that I will find a matching right brace soon.
(If you're confused by all this, try typing `I}' now.)

c:/Users/TLP-001/Documents/GitHub/project3_docs/fitting/piecewise_analytic_formulas_template.tex:259: Missing { inserted.
<to be read again> 
                   \left 
l.259 ...0000 \, \left[ \left(1 - __INV_MF__ \left
                                                  (\frac{m}{\text{g/cm}^2}\r...
A left brace was mandatory here, so I've put one in.
You might want to delete and/or insert some corrections
so that I will find a matching right brace soon.
(If you're confused by all this, try typing `I}' now.)

c:/Users/TLP-001/Documents/GitHub/project3_docs/fitting/piecewise_analytic_formulas_template.tex:259: Missing } inserted.
<inserted text> 
                }
l.259 ...{\text{ns}}\right)^{-\frac{33}{64}}\right
                                                  )\left(1 + __DENOM_T__ \le...
I've inserted something that you may have forgotten.
(See the <inserted text> above.)
With luck, this will get me unwedged. But if you
really didn't forget anything, try typing `2' now; then
my insertion and my current dilemma will both disappear.

c:/Users/TLP-001/Documents/GitHub/project3_docs/fitting/piecewise_analytic_formulas_template.tex:259: Missing } inserted.
<inserted text> 
                }
l.259 ...{\text{ns}}\right)^{-\frac{33}{64}}\right
                                                  )\left(1 + __DENOM_T__ \le...
I've inserted something that you may have forgotten.
(See the <inserted text> above.)
With luck, this will get me unwedged. But if you
really didn't forget anything, try typing `2' now; then
my insertion and my current dilemma will both disappear.

c:/Users/TLP-001/Documents/GitHub/project3_docs/fitting/piecewise_analytic_formulas_template.tex:259: Missing } inserted.
<inserted text> 
                }
l.259 ...{\text{ns}}\right)^{-\frac{33}{64}}\right
                                                  )\left(1 + __DENOM_T__ \le...
I've inserted something that you may have forgotten.
(See the <inserted text> above.)
With luck, this will get me unwedged. But if you
really didn't forget anything, try typing `2' now; then
my insertion and my current dilemma will both disappear.

c:/Users/TLP-001/Documents/GitHub/project3_docs/fitting/piecewise_analytic_formulas_template.tex:259: Missing { inserted.
<to be read again> 
                   _
l.259 ...ight)^{-\frac{33}{64}}\right)\left(1 + __
                                                  DENOM_T__ \left(\frac{m}{\...
A left brace was mandatory here, so I've put one in.
You might want to delete and/or insert some corrections
so that I will find a matching right brace soon.
(If you're confused by all this, try typing `I}' now.)

c:/Users/TLP-001/Documents/GitHub/project3_docs/fitting/piecewise_analytic_formulas_template.tex:259: Double subscript.
l.259 ...\frac{33}{64}}\right)\left(1 + __DENOM_T_
                                                  _ \left(\frac{m}{\text{g/c...
I treat `x_1_2' essentially like `x_1{}_2'.

c:/Users/TLP-001/Documents/GitHub/project3_docs/fitting/piecewise_analytic_formulas_template.tex:259: Missing { inserted.
<to be read again> 
                   _
l.259 ...frac{33}{64}}\right)\left(1 + __DENOM_T__
                                                   \left(\frac{m}{\text{g/cm...
A left brace was mandatory here, so I've put one in.
You might want to delete and/or insert some corrections
so that I will find a matching right brace soon.
(If you're confused by all this, try typing `I}' now.)

c:/Users/TLP-001/Documents/GitHub/project3_docs/fitting/piecewise_analytic_formulas_template.tex:259: Missing { inserted.
<to be read again> 
                   \left 
l.259 ...3}{64}}\right)\left(1 + __DENOM_T__ \left
                                                  (\frac{m}{\text{g/cm}^2}\r...
A left brace was mandatory here, so I've put one in.
You might want to delete and/or insert some corrections
so that I will find a matching right brace soon.
(If you're confused by all this, try typing `I}' now.)

c:/Users/TLP-001/Documents/GitHub/project3_docs/fitting/piecewise_analytic_formulas_template.tex:259: Missing } inserted.
<inserted text> 
                }
l.259 ...{\text{ns}}\right)^{-\frac{33}{64}}\right
                                                  ) \right]^{\frac{10}{39}} ...
I've inserted something that you may have forgotten.
(See the <inserted text> above.)
With luck, this will get me unwedged. But if you
really didn't forget anything, try typing `2' now; then
my insertion and my current dilemma will both disappear.

c:/Users/TLP-001/Documents/GitHub/project3_docs/fitting/piecewise_analytic_formulas_template.tex:259: Missing } inserted.
<inserted text> 
                }
l.259 ...{\text{ns}}\right)^{-\frac{33}{64}}\right
                                                  ) \right]^{\frac{10}{39}} ...
I've inserted something that you may have forgotten.
(See the <inserted text> above.)
With luck, this will get me unwedged. But if you
really didn't forget anything, try typing `2' now; then
my insertion and my current dilemma will both disappear.

c:/Users/TLP-001/Documents/GitHub/project3_docs/fitting/piecewise_analytic_formulas_template.tex:259: Missing } inserted.
<inserted text> 
                }
l.259 ...{\text{ns}}\right)^{-\frac{33}{64}}\right
                                                  ) \right]^{\frac{10}{39}} ...
I've inserted something that you may have forgotten.
(See the <inserted text> above.)
With luck, this will get me unwedged. But if you
really didn't forget anything, try typing `2' now; then
my insertion and my current dilemma will both disappear.

c:/Users/TLP-001/Documents/GitHub/project3_docs/fitting/piecewise_analytic_formulas_template.tex:271: Missing { inserted.
<to be read again> 
                   _
l.271     $$\rho(m,t) \approx __
                                LEAD_RHO_SCALE_H__ \cdot \left[ \frac{T(m,t)...
A left brace was mandatory here, so I've put one in.
You might want to delete and/or insert some corrections
so that I will find a matching right brace soon.
(If you're confused by all this, try typing `I}' now.)

c:/Users/TLP-001/Documents/GitHub/project3_docs/fitting/piecewise_analytic_formulas_template.tex:271: Double subscript.
l.271     $$\rho(m,t) \approx __LEAD_RHO_SCALE_H_
                                                 _ \cdot \left[ \frac{T(m,t)...
I treat `x_1_2' essentially like `x_1{}_2'.

c:/Users/TLP-001/Documents/GitHub/project3_docs/fitting/piecewise_analytic_formulas_template.tex:271: Missing { inserted.
<to be read again> 
                   _
l.271     $$\rho(m,t) \approx __LEAD_RHO_SCALE_H__
                                                   \cdot \left[ \frac{T(m,t)...
A left brace was mandatory here, so I've put one in.
You might want to delete and/or insert some corrections
so that I will find a matching right brace soon.
(If you're confused by all this, try typing `I}' now.)

c:/Users/TLP-001/Documents/GitHub/project3_docs/fitting/piecewise_analytic_formulas_template.tex:271: Missing } inserted.
<inserted text> 
                }
l.271 ...} \right]^{-1.16279} \quad \text{g/cm}^3$
                                                  $
I've inserted something that you may have forgotten.
(See the <inserted text> above.)
With luck, this will get me unwedged. But if you
really didn't forget anything, try typing `2' now; then
my insertion and my current dilemma will both disappear.

c:/Users/TLP-001/Documents/GitHub/project3_docs/fitting/piecewise_analytic_formulas_template.tex:271: Missing } inserted.
<inserted text> 
                }
l.271 ...} \right]^{-1.16279} \quad \text{g/cm}^3$
                                                  $
I've inserted something that you may have forgotten.
(See the <inserted text> above.)
With luck, this will get me unwedged. But if you
really didn't forget anything, try typing `2' now; then
my insertion and my current dilemma will both disappear.

c:/Users/TLP-001/Documents/GitHub/project3_docs/fitting/piecewise_analytic_formulas_template.tex:280: Missing { inserted.
<to be read again> 
                   _
l.280     $$U(y_s) \approx __
                             CU_SHOCK__ __AU_SHOCK_NEG_SIGNED__ \, y_s^{__BU...
A left brace was mandatory here, so I've put one in.
You might want to delete and/or insert some corrections
so that I will find a matching right brace soon.
(If you're confused by all this, try typing `I}' now.)

c:/Users/TLP-001/Documents/GitHub/project3_docs/fitting/piecewise_analytic_formulas_template.tex:280: Missing { inserted.
<to be read again> 
                   _
l.280     $$U(y_s) \approx __CU_SHOCK__
                                        __AU_SHOCK_NEG_SIGNED__ \, y_s^{__BU...
A left brace was mandatory here, so I've put one in.
You might want to delete and/or insert some corrections
so that I will find a matching right brace soon.
(If you're confused by all this, try typing `I}' now.)

c:/Users/TLP-001/Documents/GitHub/project3_docs/fitting/piecewise_analytic_formulas_template.tex:280: Missing { inserted.
<to be read again> 
                   _
l.280     $$U(y_s) \approx __CU_SHOCK__ _
                                         _AU_SHOCK_NEG_SIGNED__ \, y_s^{__BU...
A left brace was mandatory here, so I've put one in.
You might want to delete and/or insert some corrections
so that I will find a matching right brace soon.
(If you're confused by all this, try typing `I}' now.)

c:/Users/TLP-001/Documents/GitHub/project3_docs/fitting/piecewise_analytic_formulas_template.tex:280: Missing { inserted.
<to be read again> 
                   _
l.280     $$U(y_s) \approx __CU_SHOCK__ __
                                          AU_SHOCK_NEG_SIGNED__ \, y_s^{__BU...
A left brace was mandatory here, so I've put one in.
You might want to delete and/or insert some corrections
so that I will find a matching right brace soon.
(If you're confused by all this, try typing `I}' now.)

c:/Users/TLP-001/Documents/GitHub/project3_docs/fitting/piecewise_analytic_formulas_template.tex:280: Missing { inserted.
<to be read again> 
                   _
l.280 ...prox __CU_SHOCK__ __AU_SHOCK_NEG_SIGNED__
                                                   \, y_s^{__BU_SHOCK__}$$
A left brace was mandatory here, so I've put one in.
You might want to delete and/or insert some corrections
so that I will find a matching right brace soon.
(If you're confused by all this, try typing `I}' now.)

c:/Users/TLP-001/Documents/GitHub/project3_docs/fitting/piecewise_analytic_formulas_template.tex:280: Missing { inserted.
<to be read again> 
                   \mskip 
l.280 ...x __CU_SHOCK__ __AU_SHOCK_NEG_SIGNED__ \,
                                                   y_s^{__BU_SHOCK__}$$
A left brace was mandatory here, so I've put one in.
You might want to delete and/or insert some corrections
so that I will find a matching right brace soon.
(If you're confused by all this, try typing `I}' now.)

c:/Users/TLP-001/Documents/GitHub/project3_docs/fitting/piecewise_analytic_formulas_template.tex:280: Missing { inserted.
<to be read again> 
                   _
l.280 ...HOCK__ __AU_SHOCK_NEG_SIGNED__ \, y_s^{__
                                                  BU_SHOCK__}$$
A left brace was mandatory here, so I've put one in.
You might want to delete and/or insert some corrections
so that I will find a matching right brace soon.
(If you're confused by all this, try typing `I}' now.)

c:/Users/TLP-001/Documents/GitHub/project3_docs/fitting/piecewise_analytic_formulas_template.tex:280: Missing { inserted.
<to be read again> 
                   _
l.280 ...U_SHOCK_NEG_SIGNED__ \, y_s^{__BU_SHOCK__
                                                  }$$
A left brace was mandatory here, so I've put one in.
You might want to delete and/or insert some corrections
so that I will find a matching right brace soon.
(If you're confused by all this, try typing `I}' now.)

c:/Users/TLP-001/Documents/GitHub/project3_docs/fitting/piecewise_analytic_formulas_template.tex:280: Missing { inserted.
<to be read again> 
                   }
l.280 ..._SHOCK_NEG_SIGNED__ \, y_s^{__BU_SHOCK__}
                                                  $$
A left brace was mandatory here, so I've put one in.
You might want to delete and/or insert some corrections
so that I will find a matching right brace soon.
(If you're confused by all this, try typing `I}' now.)

c:/Users/TLP-001/Documents/GitHub/project3_docs/fitting/piecewise_analytic_formulas_template.tex:280: Missing } inserted.
<inserted text> 
                }
l.280 ...SHOCK_NEG_SIGNED__ \, y_s^{__BU_SHOCK__}$
                                                  $
I've inserted something that you may have forgotten.
(See the <inserted text> above.)
With luck, this will get me unwedged. But if you
really didn't forget anything, try typing `2' now; then
my insertion and my current dilemma will both disappear.

c:/Users/TLP-001/Documents/GitHub/project3_docs/fitting/piecewise_analytic_formulas_template.tex:280: Missing } inserted.
<inserted text> 
                }
l.280 ...SHOCK_NEG_SIGNED__ \, y_s^{__BU_SHOCK__}$
                                                  $
I've inserted something that you may have forgotten.
(See the <inserted text> above.)
With luck, this will get me unwedged. But if you
really didn't forget anything, try typing `2' now; then
my insertion and my current dilemma will both disappear.

c:/Users/TLP-001/Documents/GitHub/project3_docs/fitting/piecewise_analytic_formulas_template.tex:280: Missing } inserted.
<inserted text> 
                }
l.280 ...SHOCK_NEG_SIGNED__ \, y_s^{__BU_SHOCK__}$
                                                  $
I've inserted something that you may have forgotten.
(See the <inserted text> above.)
With luck, this will get me unwedged. But if you
really didn't forget anything, try typing `2' now; then
my insertion and my current dilemma will both disappear.

c:/Users/TLP-001/Documents/GitHub/project3_docs/fitting/piecewise_analytic_formulas_template.tex:280: Missing } inserted.
<inserted text> 
                }
l.280 ...SHOCK_NEG_SIGNED__ \, y_s^{__BU_SHOCK__}$
                                                  $
I've inserted something that you may have forgotten.
(See the <inserted text> above.)
With luck, this will get me unwedged. But if you
really didn't forget anything, try typing `2' now; then
my insertion and my current dilemma will both disappear.

c:/Users/TLP-001/Documents/GitHub/project3_docs/fitting/piecewise_analytic_formulas_template.tex:280: Missing } inserted.
<inserted text> 
                }
l.280 ...SHOCK_NEG_SIGNED__ \, y_s^{__BU_SHOCK__}$
                                                  $
I've inserted something that you may have forgotten.
(See the <inserted text> above.)
With luck, this will get me unwedged. But if you
really didn't forget anything, try typing `2' now; then
my insertion and my current dilemma will both disappear.

c:/Users/TLP-001/Documents/GitHub/project3_docs/fitting/piecewise_analytic_formulas_template.tex:280: Missing } inserted.
<inserted text> 
                }
l.280 ...SHOCK_NEG_SIGNED__ \, y_s^{__BU_SHOCK__}$
                                                  $
I've inserted something that you may have forgotten.
(See the <inserted text> above.)
With luck, this will get me unwedged. But if you
really didn't forget anything, try typing `2' now; then
my insertion and my current dilemma will both disappear.

c:/Users/TLP-001/Documents/GitHub/project3_docs/fitting/piecewise_analytic_formulas_template.tex:280: Missing } inserted.
<inserted text> 
                }
l.280 ...SHOCK_NEG_SIGNED__ \, y_s^{__BU_SHOCK__}$
                                                  $
I've inserted something that you may have forgotten.
(See the <inserted text> above.)
With luck, this will get me unwedged. But if you
really didn't forget anything, try typing `2' now; then
my insertion and my current dilemma will both disappear.

c:/Users/TLP-001/Documents/GitHub/project3_docs/fitting/piecewise_analytic_formulas_template.tex:280: Missing } inserted.
<inserted text> 
                }
l.280 ...SHOCK_NEG_SIGNED__ \, y_s^{__BU_SHOCK__}$
                                                  $
I've inserted something that you may have forgotten.
(See the <inserted text> above.)
With luck, this will get me unwedged. But if you
really didn't forget anything, try typing `2' now; then
my insertion and my current dilemma will both disappear.

c:/Users/TLP-001/Documents/GitHub/project3_docs/fitting/piecewise_analytic_formulas_template.tex:280: Missing } inserted.
<inserted text> 
                }
l.280 ...SHOCK_NEG_SIGNED__ \, y_s^{__BU_SHOCK__}$
                                                  $
I've inserted something that you may have forgotten.
(See the <inserted text> above.)
With luck, this will get me unwedged. But if you
really didn't forget anything, try typing `2' now; then
my insertion and my current dilemma will both disappear.



[6]
c:/Users/TLP-001/Documents/GitHub/project3_docs/fitting/piecewise_analytic_formulas_template.tex:289: Missing { inserted.
<to be read again> 
                   _
l.289 ...conversions ($u_{\text{scale}} \approx __
                                                  U_SCALE_SHOCK__ \text{ km/...
A left brace was mandatory here, so I've put one in.
You might want to delete and/or insert some corrections
so that I will find a matching right brace soon.
(If you're confused by all this, try typing `I}' now.)

c:/Users/TLP-001/Documents/GitHub/project3_docs/fitting/piecewise_analytic_formulas_template.tex:289: Double subscript.
l.289 ...nversions ($u_{\text{scale}} \approx __U_
                                                  SCALE_SHOCK__ \text{ km/s}$):
I treat `x_1_2' essentially like `x_1{}_2'.

c:/Users/TLP-001/Documents/GitHub/project3_docs/fitting/piecewise_analytic_formulas_template.tex:289: Missing { inserted.
<to be read again> 
                   _
l.289 ..._{\text{scale}} \approx __U_SCALE_SHOCK__
                                                   \text{ km/s}$):
A left brace was mandatory here, so I've put one in.
You might want to delete and/or insert some corrections
so that I will find a matching right brace soon.
(If you're confused by all this, try typing `I}' now.)

c:/Users/TLP-001/Documents/GitHub/project3_docs/fitting/piecewise_analytic_formulas_template.tex:289: Missing } inserted.
<inserted text> 
                }
l.289 ...} \approx __U_SCALE_SHOCK__ \text{ km/s}$
                                                  ):
I've inserted something that you may have forgotten.
(See the <inserted text> above.)
With luck, this will get me unwedged. But if you
really didn't forget anything, try typing `2' now; then
my insertion and my current dilemma will both disappear.

c:/Users/TLP-001/Documents/GitHub/project3_docs/fitting/piecewise_analytic_formulas_template.tex:289: Missing } inserted.
<inserted text> 
                }
l.289 ...} \approx __U_SCALE_SHOCK__ \text{ km/s}$
                                                  ):
I've inserted something that you may have forgotten.
(See the <inserted text> above.)
With luck, this will get me unwedged. But if you
really didn't forget anything, try typing `2' now; then
my insertion and my current dilemma will both disappear.


Overfull \hbox (57.44342pt too wide) in paragraph at lines 288--290
[]\OT1/cmr/bx/n/10.95 Substitution of scal-ing con-stants and units\OT1/cmr/m/n/10.95 : Us-ing phys-i-cal con-ver-sions ($\OML/cmm/m/it/10.95 u[] \OMS/cmsy/m/n/10.95 ^^Y[]$\OT1/cmr/m/n/10.95 ): 
 []

c:/Users/TLP-001/Documents/GitHub/project3_docs/fitting/piecewise_analytic_formulas_template.tex:290: Missing { inserted.
<to be read again> 
                   _
l.290     $$u(m,t) \approx U(y_s) \cdot __
                                          U_SCALE_SHOCK__ \, \left(\frac{t}{...
A left brace was mandatory here, so I've put one in.
You might want to delete and/or insert some corrections
so that I will find a matching right brace soon.
(If you're confused by all this, try typing `I}' now.)

c:/Users/TLP-001/Documents/GitHub/project3_docs/fitting/piecewise_analytic_formulas_template.tex:290: Double subscript.
l.290     $$u(m,t) \approx U(y_s) \cdot __U_
                                            SCALE_SHOCK__ \, \left(\frac{t}{...
I treat `x_1_2' essentially like `x_1{}_2'.

c:/Users/TLP-001/Documents/GitHub/project3_docs/fitting/piecewise_analytic_formulas_template.tex:290: Missing { inserted.
<to be read again> 
                   _
l.290 ...t) \approx U(y_s) \cdot __U_SCALE_SHOCK__
                                                   \, \left(\frac{t}{\text{n...
A left brace was mandatory here, so I've put one in.
You might want to delete and/or insert some corrections
so that I will find a matching right brace soon.
(If you're confused by all this, try typing `I}' now.)

c:/Users/TLP-001/Documents/GitHub/project3_docs/fitting/piecewise_analytic_formulas_template.tex:290: Missing { inserted.
<to be read again> 
                   \mskip 
l.290 ...\approx U(y_s) \cdot __U_SCALE_SHOCK__ \,
                                                   \left(\frac{t}{\text{ns}}...
A left brace was mandatory here, so I've put one in.
You might want to delete and/or insert some corrections
so that I will find a matching right brace soon.
(If you're confused by all this, try typing `I}' now.)

c:/Users/TLP-001/Documents/GitHub/project3_docs/fitting/piecewise_analytic_formulas_template.tex:290: Missing } inserted.
<inserted text> 
                }
l.290 ...ght)^{-\frac{43}{192}} \quad \text{km/s}$
                                                  $
I've inserted something that you may have forgotten.
(See the <inserted text> above.)
With luck, this will get me unwedged. But if you
really didn't forget anything, try typing `2' now; then
my insertion and my current dilemma will both disappear.

c:/Users/TLP-001/Documents/GitHub/project3_docs/fitting/piecewise_analytic_formulas_template.tex:290: Missing } inserted.
<inserted text> 
                }
l.290 ...ght)^{-\frac{43}{192}} \quad \text{km/s}$
                                                  $
I've inserted something that you may have forgotten.
(See the <inserted text> above.)
With luck, this will get me unwedged. But if you
really didn't forget anything, try typing `2' now; then
my insertion and my current dilemma will both disappear.

c:/Users/TLP-001/Documents/GitHub/project3_docs/fitting/piecewise_analytic_formulas_template.tex:290: Missing } inserted.
<inserted text> 
                }
l.290 ...ght)^{-\frac{43}{192}} \quad \text{km/s}$
                                                  $
I've inserted something that you may have forgotten.
(See the <inserted text> above.)
With luck, this will get me unwedged. But if you
really didn't forget anything, try typing `2' now; then
my insertion and my current dilemma will both disappear.

c:/Users/TLP-001/Documents/GitHub/project3_docs/fitting/piecewise_analytic_formulas_template.tex:293: Missing { inserted.
<to be read again> 
                   _
l.293     Substituting $y_s \approx __
                                      INV_MS__ \left(\frac{m}{\text{g/cm}^2}...
A left brace was mandatory here, so I've put one in.
You might want to delete and/or insert some corrections
so that I will find a matching right brace soon.
(If you're confused by all this, try typing `I}' now.)

c:/Users/TLP-001/Documents/GitHub/project3_docs/fitting/piecewise_analytic_formulas_template.tex:293: Missing { inserted.
<to be read again> 
                   _
l.293     Substituting $y_s \approx __INV_MS__
                                               \left(\frac{m}{\text{g/cm}^2}...
A left brace was mandatory here, so I've put one in.
You might want to delete and/or insert some corrections
so that I will find a matching right brace soon.
(If you're confused by all this, try typing `I}' now.)

c:/Users/TLP-001/Documents/GitHub/project3_docs/fitting/piecewise_analytic_formulas_template.tex:293: Missing { inserted.
<to be read again> 
                   \left 
l.293 ...ubstituting $y_s \approx __INV_MS__ \left
                                                  (\frac{m}{\text{g/cm}^2}\r...
A left brace was mandatory here, so I've put one in.
You might want to delete and/or insert some corrections
so that I will find a matching right brace soon.
(If you're confused by all this, try typing `I}' now.)

c:/Users/TLP-001/Documents/GitHub/project3_docs/fitting/piecewise_analytic_formulas_template.tex:293: Missing } inserted.
<inserted text> 
                }
l.293 ...{t}{\text{ns}}\right)^{-\frac{149}{192}}$
                                                  :
I've inserted something that you may have forgotten.
(See the <inserted text> above.)
With luck, this will get me unwedged. But if you
really didn't forget anything, try typing `2' now; then
my insertion and my current dilemma will both disappear.

c:/Users/TLP-001/Documents/GitHub/project3_docs/fitting/piecewise_analytic_formulas_template.tex:293: Missing } inserted.
<inserted text> 
                }
l.293 ...{t}{\text{ns}}\right)^{-\frac{149}{192}}$
                                                  :
I've inserted something that you may have forgotten.
(See the <inserted text> above.)
With luck, this will get me unwedged. But if you
really didn't forget anything, try typing `2' now; then
my insertion and my current dilemma will both disappear.

c:/Users/TLP-001/Documents/GitHub/project3_docs/fitting/piecewise_analytic_formulas_template.tex:293: Missing } inserted.
<inserted text> 
                }
l.293 ...{t}{\text{ns}}\right)^{-\frac{149}{192}}$
                                                  :
I've inserted something that you may have forgotten.
(See the <inserted text> above.)
With luck, this will get me unwedged. But if you
really didn't forget anything, try typing `2' now; then
my insertion and my current dilemma will both disappear.

c:/Users/TLP-001/Documents/GitHub/project3_docs/fitting/piecewise_analytic_formulas_template.tex:294: Missing { inserted.
<to be read again> 
                   _
l.294     $$u(m,t) \approx \left[ __
                                    LEAD_CU_SHOCK__ __LEAD_AU_SHOCK_NEG_SIGN...
A left brace was mandatory here, so I've put one in.
You might want to delete and/or insert some corrections
so that I will find a matching right brace soon.
(If you're confused by all this, try typing `I}' now.)

c:/Users/TLP-001/Documents/GitHub/project3_docs/fitting/piecewise_analytic_formulas_template.tex:294: Missing { inserted.
<to be read again> 
                   _
l.294 ...$$u(m,t) \approx \left[ __LEAD_CU_SHOCK__
                                                   __LEAD_AU_SHOCK_NEG_SIGNE...
A left brace was mandatory here, so I've put one in.
You might want to delete and/or insert some corrections
so that I will find a matching right brace soon.
(If you're confused by all this, try typing `I}' now.)

c:/Users/TLP-001/Documents/GitHub/project3_docs/fitting/piecewise_analytic_formulas_template.tex:294: Missing { inserted.
<to be read again> 
                   _
l.294 ...u(m,t) \approx \left[ __LEAD_CU_SHOCK__ _
                                                  _LEAD_AU_SHOCK_NEG_SIGNED_...
A left brace was mandatory here, so I've put one in.
You might want to delete and/or insert some corrections
so that I will find a matching right brace soon.
(If you're confused by all this, try typing `I}' now.)

c:/Users/TLP-001/Documents/GitHub/project3_docs/fitting/piecewise_analytic_formulas_template.tex:294: Missing { inserted.
<to be read again> 
                   _
l.294 ...(m,t) \approx \left[ __LEAD_CU_SHOCK__ __
                                                  LEAD_AU_SHOCK_NEG_SIGNED__...
A left brace was mandatory here, so I've put one in.
You might want to delete and/or insert some corrections
so that I will find a matching right brace soon.
(If you're confused by all this, try typing `I}' now.)

c:/Users/TLP-001/Documents/GitHub/project3_docs/fitting/piecewise_analytic_formulas_template.tex:294: Missing { inserted.
<to be read again> 
                   _
l.294 ...D_CU_SHOCK__ __LEAD_AU_SHOCK_NEG_SIGNED__
                                                   \left(y_s\right)^{__BU_SH...
A left brace was mandatory here, so I've put one in.
You might want to delete and/or insert some corrections
so that I will find a matching right brace soon.
(If you're confused by all this, try typing `I}' now.)

c:/Users/TLP-001/Documents/GitHub/project3_docs/fitting/piecewise_analytic_formulas_template.tex:294: Missing { inserted.
<to be read again> 
                   \left 
l.294 ...HOCK__ __LEAD_AU_SHOCK_NEG_SIGNED__ \left
                                                  (y_s\right)^{__BU_SHOCK__}...
A left brace was mandatory here, so I've put one in.
You might want to delete and/or insert some corrections
so that I will find a matching right brace soon.
(If you're confused by all this, try typing `I}' now.)

c:/Users/TLP-001/Documents/GitHub/project3_docs/fitting/piecewise_analytic_formulas_template.tex:294: Missing { inserted.
<to be read again> 
                   _
l.294 ...U_SHOCK_NEG_SIGNED__ \left(y_s\right)^{__
                                                  BU_SHOCK__} \right] \, \le...
A left brace was mandatory here, so I've put one in.
You might want to delete and/or insert some corrections
so that I will find a matching right brace soon.
(If you're confused by all this, try typing `I}' now.)

c:/Users/TLP-001/Documents/GitHub/project3_docs/fitting/piecewise_analytic_formulas_template.tex:294: Missing { inserted.
<to be read again> 
                   _
l.294 ...G_SIGNED__ \left(y_s\right)^{__BU_SHOCK__
                                                  } \right] \, \left(\frac{t...
A left brace was mandatory here, so I've put one in.
You might want to delete and/or insert some corrections
so that I will find a matching right brace soon.
(If you're confused by all this, try typing `I}' now.)

c:/Users/TLP-001/Documents/GitHub/project3_docs/fitting/piecewise_analytic_formulas_template.tex:294: Missing { inserted.
<to be read again> 
                   }
l.294 ..._SIGNED__ \left(y_s\right)^{__BU_SHOCK__}
                                                   \right] \, \left(\frac{t}...
A left brace was mandatory here, so I've put one in.
You might want to delete and/or insert some corrections
so that I will find a matching right brace soon.
(If you're confused by all this, try typing `I}' now.)

c:/Users/TLP-001/Documents/GitHub/project3_docs/fitting/piecewise_analytic_formulas_template.tex:294: Missing } inserted.
<inserted text> 
                }
l.294 ...__ \left(y_s\right)^{__BU_SHOCK__} \right
                                                  ] \, \left(\frac{t}{\text{...
I've inserted something that you may have forgotten.
(See the <inserted text> above.)
With luck, this will get me unwedged. But if you
really didn't forget anything, try typing `2' now; then
my insertion and my current dilemma will both disappear.

c:/Users/TLP-001/Documents/GitHub/project3_docs/fitting/piecewise_analytic_formulas_template.tex:294: Missing } inserted.
<inserted text> 
                }
l.294 ...__ \left(y_s\right)^{__BU_SHOCK__} \right
                                                  ] \, \left(\frac{t}{\text{...
I've inserted something that you may have forgotten.
(See the <inserted text> above.)
With luck, this will get me unwedged. But if you
really didn't forget anything, try typing `2' now; then
my insertion and my current dilemma will both disappear.

c:/Users/TLP-001/Documents/GitHub/project3_docs/fitting/piecewise_analytic_formulas_template.tex:294: Missing } inserted.
<inserted text> 
                }
l.294 ...__ \left(y_s\right)^{__BU_SHOCK__} \right
                                                  ] \, \left(\frac{t}{\text{...
I've inserted something that you may have forgotten.
(See the <inserted text> above.)
With luck, this will get me unwedged. But if you
really didn't forget anything, try typing `2' now; then
my insertion and my current dilemma will both disappear.

c:/Users/TLP-001/Documents/GitHub/project3_docs/fitting/piecewise_analytic_formulas_template.tex:294: Missing } inserted.
<inserted text> 
                }
l.294 ...__ \left(y_s\right)^{__BU_SHOCK__} \right
                                                  ] \, \left(\frac{t}{\text{...
I've inserted something that you may have forgotten.
(See the <inserted text> above.)
With luck, this will get me unwedged. But if you
really didn't forget anything, try typing `2' now; then
my insertion and my current dilemma will both disappear.

c:/Users/TLP-001/Documents/GitHub/project3_docs/fitting/piecewise_analytic_formulas_template.tex:294: Missing } inserted.
<inserted text> 
                }
l.294 ...__ \left(y_s\right)^{__BU_SHOCK__} \right
                                                  ] \, \left(\frac{t}{\text{...
I've inserted something that you may have forgotten.
(See the <inserted text> above.)
With luck, this will get me unwedged. But if you
really didn't forget anything, try typing `2' now; then
my insertion and my current dilemma will both disappear.

c:/Users/TLP-001/Documents/GitHub/project3_docs/fitting/piecewise_analytic_formulas_template.tex:294: Missing } inserted.
<inserted text> 
                }
l.294 ...__ \left(y_s\right)^{__BU_SHOCK__} \right
                                                  ] \, \left(\frac{t}{\text{...
I've inserted something that you may have forgotten.
(See the <inserted text> above.)
With luck, this will get me unwedged. But if you
really didn't forget anything, try typing `2' now; then
my insertion and my current dilemma will both disappear.

c:/Users/TLP-001/Documents/GitHub/project3_docs/fitting/piecewise_analytic_formulas_template.tex:294: Missing } inserted.
<inserted text> 
                }
l.294 ...__ \left(y_s\right)^{__BU_SHOCK__} \right
                                                  ] \, \left(\frac{t}{\text{...
I've inserted something that you may have forgotten.
(See the <inserted text> above.)
With luck, this will get me unwedged. But if you
really didn't forget anything, try typing `2' now; then
my insertion and my current dilemma will both disappear.

c:/Users/TLP-001/Documents/GitHub/project3_docs/fitting/piecewise_analytic_formulas_template.tex:294: Missing } inserted.
<inserted text> 
                }
l.294 ...__ \left(y_s\right)^{__BU_SHOCK__} \right
                                                  ] \, \left(\frac{t}{\text{...
I've inserted something that you may have forgotten.
(See the <inserted text> above.)
With luck, this will get me unwedged. But if you
really didn't forget anything, try typing `2' now; then
my insertion and my current dilemma will both disappear.

c:/Users/TLP-001/Documents/GitHub/project3_docs/fitting/piecewise_analytic_formulas_template.tex:294: Missing } inserted.
<inserted text> 
                }
l.294 ...__ \left(y_s\right)^{__BU_SHOCK__} \right
                                                  ] \, \left(\frac{t}{\text{...
I've inserted something that you may have forgotten.
(See the <inserted text> above.)
With luck, this will get me unwedged. But if you
really didn't forget anything, try typing `2' now; then
my insertion and my current dilemma will both disappear.

c:/Users/TLP-001/Documents/GitHub/project3_docs/fitting/piecewise_analytic_formulas_template.tex:300: Missing { inserted.
<to be read again> 
                   _
l.300     $$P(y_s) \approx 1.0 __
                                 P_DIFF_COEFF_S_SIGNED__ \, y_s^{__D_P_SHOCK...
A left brace was mandatory here, so I've put one in.
You might want to delete and/or insert some corrections
so that I will find a matching right brace soon.
(If you're confused by all this, try typing `I}' now.)

c:/Users/TLP-001/Documents/GitHub/project3_docs/fitting/piecewise_analytic_formulas_template.tex:300: Double subscript.
l.300     $$P(y_s) \approx 1.0 __P_
                                   DIFF_COEFF_S_SIGNED__ \, y_s^{__D_P_SHOCK...
I treat `x_1_2' essentially like `x_1{}_2'.

c:/Users/TLP-001/Documents/GitHub/project3_docs/fitting/piecewise_analytic_formulas_template.tex:300: Double subscript.
l.300     $$P(y_s) \approx 1.0 __P_DIFF_COEFF_S_
                                                SIGNED__ \, y_s^{__D_P_SHOCK...
I treat `x_1_2' essentially like `x_1{}_2'.

c:/Users/TLP-001/Documents/GitHub/project3_docs/fitting/piecewise_analytic_formulas_template.tex:300: Missing { inserted.
<to be read again> 
                   _
l.300 ..._s) \approx 1.0 __P_DIFF_COEFF_S_SIGNED__
                                                   \, y_s^{__D_P_SHOCK__}$$
A left brace was mandatory here, so I've put one in.
You might want to delete and/or insert some corrections
so that I will find a matching right brace soon.
(If you're confused by all this, try typing `I}' now.)

c:/Users/TLP-001/Documents/GitHub/project3_docs/fitting/piecewise_analytic_formulas_template.tex:300: Missing { inserted.
<to be read again> 
                   \mskip 
l.300 ... \approx 1.0 __P_DIFF_COEFF_S_SIGNED__ \,
                                                   y_s^{__D_P_SHOCK__}$$
A left brace was mandatory here, so I've put one in.
You might want to delete and/or insert some corrections
so that I will find a matching right brace soon.
(If you're confused by all this, try typing `I}' now.)

c:/Users/TLP-001/Documents/GitHub/project3_docs/fitting/piecewise_analytic_formulas_template.tex:300: Missing { inserted.
<to be read again> 
                   _
l.300 ... 1.0 __P_DIFF_COEFF_S_SIGNED__ \, y_s^{__
                                                  D_P_SHOCK__}$$
A left brace was mandatory here, so I've put one in.
You might want to delete and/or insert some corrections
so that I will find a matching right brace soon.
(If you're confused by all this, try typing `I}' now.)

c:/Users/TLP-001/Documents/GitHub/project3_docs/fitting/piecewise_analytic_formulas_template.tex:300: Double subscript.
l.300 ....0 __P_DIFF_COEFF_S_SIGNED__ \, y_s^{__D_
                                                  P_SHOCK__}$$
I treat `x_1_2' essentially like `x_1{}_2'.

c:/Users/TLP-001/Documents/GitHub/project3_docs/fitting/piecewise_analytic_formulas_template.tex:300: Double subscript.
l.300 ... __P_DIFF_COEFF_S_SIGNED__ \, y_s^{__D_P_
                                                  SHOCK__}$$
I treat `x_1_2' essentially like `x_1{}_2'.

c:/Users/TLP-001/Documents/GitHub/project3_docs/fitting/piecewise_analytic_formulas_template.tex:300: Missing { inserted.
<to be read again> 
                   _
l.300 ...FF_COEFF_S_SIGNED__ \, y_s^{__D_P_SHOCK__
                                                  }$$
A left brace was mandatory here, so I've put one in.
You might want to delete and/or insert some corrections
so that I will find a matching right brace soon.
(If you're confused by all this, try typing `I}' now.)

c:/Users/TLP-001/Documents/GitHub/project3_docs/fitting/piecewise_analytic_formulas_template.tex:300: Missing { inserted.
<to be read again> 
                   }
l.300 ...F_COEFF_S_SIGNED__ \, y_s^{__D_P_SHOCK__}
                                                  $$
A left brace was mandatory here, so I've put one in.
You might want to delete and/or insert some corrections
so that I will find a matching right brace soon.
(If you're confused by all this, try typing `I}' now.)

c:/Users/TLP-001/Documents/GitHub/project3_docs/fitting/piecewise_analytic_formulas_template.tex:300: Missing } inserted.
<inserted text> 
                }
l.300 ..._COEFF_S_SIGNED__ \, y_s^{__D_P_SHOCK__}$
                                                  $
I've inserted something that you may have forgotten.
(See the <inserted text> above.)
With luck, this will get me unwedged. But if you
really didn't forget anything, try typing `2' now; then
my insertion and my current dilemma will both disappear.

c:/Users/TLP-001/Documents/GitHub/project3_docs/fitting/piecewise_analytic_formulas_template.tex:300: Missing } inserted.
<inserted text> 
                }
l.300 ..._COEFF_S_SIGNED__ \, y_s^{__D_P_SHOCK__}$
                                                  $
I've inserted something that you may have forgotten.
(See the <inserted text> above.)
With luck, this will get me unwedged. But if you
really didn't forget anything, try typing `2' now; then
my insertion and my current dilemma will both disappear.

c:/Users/TLP-001/Documents/GitHub/project3_docs/fitting/piecewise_analytic_formulas_template.tex:300: Missing } inserted.
<inserted text> 
                }
l.300 ..._COEFF_S_SIGNED__ \, y_s^{__D_P_SHOCK__}$
                                                  $
I've inserted something that you may have forgotten.
(See the <inserted text> above.)
With luck, this will get me unwedged. But if you
really didn't forget anything, try typing `2' now; then
my insertion and my current dilemma will both disappear.

c:/Users/TLP-001/Documents/GitHub/project3_docs/fitting/piecewise_analytic_formulas_template.tex:300: Missing } inserted.
<inserted text> 
                }
l.300 ..._COEFF_S_SIGNED__ \, y_s^{__D_P_SHOCK__}$
                                                  $
I've inserted something that you may have forgotten.
(See the <inserted text> above.)
With luck, this will get me unwedged. But if you
really didn't forget anything, try typing `2' now; then
my insertion and my current dilemma will both disappear.

c:/Users/TLP-001/Documents/GitHub/project3_docs/fitting/piecewise_analytic_formulas_template.tex:300: Missing } inserted.
<inserted text> 
                }
l.300 ..._COEFF_S_SIGNED__ \, y_s^{__D_P_SHOCK__}$
                                                  $
I've inserted something that you may have forgotten.
(See the <inserted text> above.)
With luck, this will get me unwedged. But if you
really didn't forget anything, try typing `2' now; then
my insertion and my current dilemma will both disappear.

c:/Users/TLP-001/Documents/GitHub/project3_docs/fitting/piecewise_analytic_formulas_template.tex:300: Missing } inserted.
<inserted text> 
                }
l.300 ..._COEFF_S_SIGNED__ \, y_s^{__D_P_SHOCK__}$
                                                  $
I've inserted something that you may have forgotten.
(See the <inserted text> above.)
With luck, this will get me unwedged. But if you
really didn't forget anything, try typing `2' now; then
my insertion and my current dilemma will both disappear.

c:/Users/TLP-001/Documents/GitHub/project3_docs/fitting/piecewise_analytic_formulas_template.tex:309: Missing { inserted.
<to be read again> 
                   _
l.309     Using physical conversions ($p_0 = __
                                               P_SCALE_SHOCK__ \text{ MBar}$):
A left brace was mandatory here, so I've put one in.
You might want to delete and/or insert some corrections
so that I will find a matching right brace soon.
(If you're confused by all this, try typing `I}' now.)

c:/Users/TLP-001/Documents/GitHub/project3_docs/fitting/piecewise_analytic_formulas_template.tex:309: Double subscript.
l.309     Using physical conversions ($p_0 = __P_
                                                 SCALE_SHOCK__ \text{ MBar}$):
I treat `x_1_2' essentially like `x_1{}_2'.

c:/Users/TLP-001/Documents/GitHub/project3_docs/fitting/piecewise_analytic_formulas_template.tex:309: Missing { inserted.
<to be read again> 
                   _
l.309 ...cal conversions ($p_0 = __P_SCALE_SHOCK__
                                                   \text{ MBar}$):
A left brace was mandatory here, so I've put one in.
You might want to delete and/or insert some corrections
so that I will find a matching right brace soon.
(If you're confused by all this, try typing `I}' now.)

c:/Users/TLP-001/Documents/GitHub/project3_docs/fitting/piecewise_analytic_formulas_template.tex:309: Missing } inserted.
<inserted text> 
                }
l.309 ...s ($p_0 = __P_SCALE_SHOCK__ \text{ MBar}$
                                                  ):
I've inserted something that you may have forgotten.
(See the <inserted text> above.)
With luck, this will get me unwedged. But if you
really didn't forget anything, try typing `2' now; then
my insertion and my current dilemma will both disappear.

c:/Users/TLP-001/Documents/GitHub/project3_docs/fitting/piecewise_analytic_formulas_template.tex:309: Missing } inserted.
<inserted text> 
                }
l.309 ...s ($p_0 = __P_SCALE_SHOCK__ \text{ MBar}$
                                                  ):
I've inserted something that you may have forgotten.
(See the <inserted text> above.)
With luck, this will get me unwedged. But if you
really didn't forget anything, try typing `2' now; then
my insertion and my current dilemma will both disappear.


Overfull \hbox (45.14082pt too wide) in paragraph at lines 308--310
[]\OT1/cmr/bx/n/10.95 Substitution of scal-ing con-stants and units\OT1/cmr/m/n/10.95 : Us-ing phys-i-cal con-ver-sions ($\OML/cmm/m/it/10.95 p[] \OT1/cmr/m/n/10.95 =[]$): 
 []

c:/Users/TLP-001/Documents/GitHub/project3_docs/fitting/piecewise_analytic_formulas_template.tex:310: Missing { inserted.
<to be read again> 
                   _
l.310     $$p(m,t) \approx __
                             P_SCALE_SHOCK__ \, P(y_s) \, \left(\frac{t}{\te...
A left brace was mandatory here, so I've put one in.
You might want to delete and/or insert some corrections
so that I will find a matching right brace soon.
(If you're confused by all this, try typing `I}' now.)

c:/Users/TLP-001/Documents/GitHub/project3_docs/fitting/piecewise_analytic_formulas_template.tex:310: Double subscript.
l.310     $$p(m,t) \approx __P_
                               SCALE_SHOCK__ \, P(y_s) \, \left(\frac{t}{\te...
I treat `x_1_2' essentially like `x_1{}_2'.

c:/Users/TLP-001/Documents/GitHub/project3_docs/fitting/piecewise_analytic_formulas_template.tex:310: Missing { inserted.
<to be read again> 
                   _
l.310     $$p(m,t) \approx __P_SCALE_SHOCK__
                                             \, P(y_s) \, \left(\frac{t}{\te...
A left brace was mandatory here, so I've put one in.
You might want to delete and/or insert some corrections
so that I will find a matching right brace soon.
(If you're confused by all this, try typing `I}' now.)

c:/Users/TLP-001/Documents/GitHub/project3_docs/fitting/piecewise_analytic_formulas_template.tex:310: Missing { inserted.
<to be read again> 
                   \mskip 
l.310     $$p(m,t) \approx __P_SCALE_SHOCK__ \,
                                                P(y_s) \, \left(\frac{t}{\te...
A left brace was mandatory here, so I've put one in.
You might want to delete and/or insert some corrections
so that I will find a matching right brace soon.
(If you're confused by all this, try typing `I}' now.)

c:/Users/TLP-001/Documents/GitHub/project3_docs/fitting/piecewise_analytic_formulas_template.tex:310: Missing } inserted.
<inserted text> 
                }
l.310 ...ight)^{-\frac{43}{96}} \quad \text{MBar}$
                                                  $
I've inserted something that you may have forgotten.
(See the <inserted text> above.)
With luck, this will get me unwedged. But if you
really didn't forget anything, try typing `2' now; then
my insertion and my current dilemma will both disappear.

c:/Users/TLP-001/Documents/GitHub/project3_docs/fitting/piecewise_analytic_formulas_template.tex:310: Missing } inserted.
<inserted text> 
                }
l.310 ...ight)^{-\frac{43}{96}} \quad \text{MBar}$
                                                  $
I've inserted something that you may have forgotten.
(See the <inserted text> above.)
With luck, this will get me unwedged. But if you
really didn't forget anything, try typing `2' now; then
my insertion and my current dilemma will both disappear.

c:/Users/TLP-001/Documents/GitHub/project3_docs/fitting/piecewise_analytic_formulas_template.tex:310: Missing } inserted.
<inserted text> 
                }
l.310 ...ight)^{-\frac{43}{96}} \quad \text{MBar}$
                                                  $
I've inserted something that you may have forgotten.
(See the <inserted text> above.)
With luck, this will get me unwedged. But if you
really didn't forget anything, try typing `2' now; then
my insertion and my current dilemma will both disappear.

c:/Users/TLP-001/Documents/GitHub/project3_docs/fitting/piecewise_analytic_formulas_template.tex:313: Missing { inserted.
<to be read again> 
                   _
l.313     Substituting $y_s \approx __
                                      INV_MS__ \left(\frac{m}{\text{g/cm}^2}...
A left brace was mandatory here, so I've put one in.
You might want to delete and/or insert some corrections
so that I will find a matching right brace soon.
(If you're confused by all this, try typing `I}' now.)

c:/Users/TLP-001/Documents/GitHub/project3_docs/fitting/piecewise_analytic_formulas_template.tex:313: Missing { inserted.
<to be read again> 
                   _
l.313     Substituting $y_s \approx __INV_MS__
                                               \left(\frac{m}{\text{g/cm}^2}...
A left brace was mandatory here, so I've put one in.
You might want to delete and/or insert some corrections
so that I will find a matching right brace soon.
(If you're confused by all this, try typing `I}' now.)

c:/Users/TLP-001/Documents/GitHub/project3_docs/fitting/piecewise_analytic_formulas_template.tex:313: Missing { inserted.
<to be read again> 
                   \left 
l.313 ...ubstituting $y_s \approx __INV_MS__ \left
                                                  (\frac{m}{\text{g/cm}^2}\r...
A left brace was mandatory here, so I've put one in.
You might want to delete and/or insert some corrections
so that I will find a matching right brace soon.
(If you're confused by all this, try typing `I}' now.)

c:/Users/TLP-001/Documents/GitHub/project3_docs/fitting/piecewise_analytic_formulas_template.tex:313: Missing } inserted.
<inserted text> 
                }
l.313 ...{t}{\text{ns}}\right)^{-\frac{149}{192}}$
                                                  :
I've inserted something that you may have forgotten.
(See the <inserted text> above.)
With luck, this will get me unwedged. But if you
really didn't forget anything, try typing `2' now; then
my insertion and my current dilemma will both disappear.

c:/Users/TLP-001/Documents/GitHub/project3_docs/fitting/piecewise_analytic_formulas_template.tex:313: Missing } inserted.
<inserted text> 
                }
l.313 ...{t}{\text{ns}}\right)^{-\frac{149}{192}}$
                                                  :
I've inserted something that you may have forgotten.
(See the <inserted text> above.)
With luck, this will get me unwedged. But if you
really didn't forget anything, try typing `2' now; then
my insertion and my current dilemma will both disappear.

c:/Users/TLP-001/Documents/GitHub/project3_docs/fitting/piecewise_analytic_formulas_template.tex:313: Missing } inserted.
<inserted text> 
                }
l.313 ...{t}{\text{ns}}\right)^{-\frac{149}{192}}$
                                                  :
I've inserted something that you may have forgotten.
(See the <inserted text> above.)
With luck, this will get me unwedged. But if you
really didn't forget anything, try typing `2' now; then
my insertion and my current dilemma will both disappear.

c:/Users/TLP-001/Documents/GitHub/project3_docs/fitting/piecewise_analytic_formulas_template.tex:314: Missing { inserted.
<to be read again> 
                   _
l.314     $$p(m,t) \approx \left[ __
                                    P_SCALE_SHOCK__ __LEAD_P_DIFF_SHOCK_SIGN...
A left brace was mandatory here, so I've put one in.
You might want to delete and/or insert some corrections
so that I will find a matching right brace soon.
(If you're confused by all this, try typing `I}' now.)

c:/Users/TLP-001/Documents/GitHub/project3_docs/fitting/piecewise_analytic_formulas_template.tex:314: Double subscript.
l.314     $$p(m,t) \approx \left[ __P_
                                      SCALE_SHOCK__ __LEAD_P_DIFF_SHOCK_SIGN...
I treat `x_1_2' essentially like `x_1{}_2'.

c:/Users/TLP-001/Documents/GitHub/project3_docs/fitting/piecewise_analytic_formulas_template.tex:314: Missing { inserted.
<to be read again> 
                   _
l.314 ...$$p(m,t) \approx \left[ __P_SCALE_SHOCK__
                                                   __LEAD_P_DIFF_SHOCK_SIGNE...
A left brace was mandatory here, so I've put one in.
You might want to delete and/or insert some corrections
so that I will find a matching right brace soon.
(If you're confused by all this, try typing `I}' now.)

c:/Users/TLP-001/Documents/GitHub/project3_docs/fitting/piecewise_analytic_formulas_template.tex:314: Missing { inserted.
<to be read again> 
                   _
l.314 ...p(m,t) \approx \left[ __P_SCALE_SHOCK__ _
                                                  _LEAD_P_DIFF_SHOCK_SIGNED_...
A left brace was mandatory here, so I've put one in.
You might want to delete and/or insert some corrections
so that I will find a matching right brace soon.
(If you're confused by all this, try typing `I}' now.)

c:/Users/TLP-001/Documents/GitHub/project3_docs/fitting/piecewise_analytic_formulas_template.tex:314: Missing { inserted.
<to be read again> 
                   _
l.314 ...(m,t) \approx \left[ __P_SCALE_SHOCK__ __
                                                  LEAD_P_DIFF_SHOCK_SIGNED__...
A left brace was mandatory here, so I've put one in.
You might want to delete and/or insert some corrections
so that I will find a matching right brace soon.
(If you're confused by all this, try typing `I}' now.)

c:/Users/TLP-001/Documents/GitHub/project3_docs/fitting/piecewise_analytic_formulas_template.tex:314: Double subscript.
l.314 ...approx \left[ __P_SCALE_SHOCK__ __LEAD_P_
                                                  DIFF_SHOCK_SIGNED__ \, y_s...
I treat `x_1_2' essentially like `x_1{}_2'.

c:/Users/TLP-001/Documents/GitHub/project3_docs/fitting/piecewise_analytic_formulas_template.tex:314: Missing { inserted.
<to be read again> 
                   _
l.314 ...CALE_SHOCK__ __LEAD_P_DIFF_SHOCK_SIGNED__
                                                   \, y_s^{__D_P_SHOCK__} \r...
A left brace was mandatory here, so I've put one in.
You might want to delete and/or insert some corrections
so that I will find a matching right brace soon.
(If you're confused by all this, try typing `I}' now.)

c:/Users/TLP-001/Documents/GitHub/project3_docs/fitting/piecewise_analytic_formulas_template.tex:314: Missing { inserted.
<to be read again> 
                   \mskip 
l.314 ...E_SHOCK__ __LEAD_P_DIFF_SHOCK_SIGNED__ \,
                                                   y_s^{__D_P_SHOCK__} \righ...
A left brace was mandatory here, so I've put one in.
You might want to delete and/or insert some corrections
so that I will find a matching right brace soon.
(If you're confused by all this, try typing `I}' now.)

c:/Users/TLP-001/Documents/GitHub/project3_docs/fitting/piecewise_analytic_formulas_template.tex:314: Missing { inserted.
<to be read again> 
                   _
l.314 ..._ __LEAD_P_DIFF_SHOCK_SIGNED__ \, y_s^{__
                                                  D_P_SHOCK__} \right] \, \l...
A left brace was mandatory here, so I've put one in.
You might want to delete and/or insert some corrections
so that I will find a matching right brace soon.
(If you're confused by all this, try typing `I}' now.)

c:/Users/TLP-001/Documents/GitHub/project3_docs/fitting/piecewise_analytic_formulas_template.tex:314: Double subscript.
l.314 ...__LEAD_P_DIFF_SHOCK_SIGNED__ \, y_s^{__D_
                                                  P_SHOCK__} \right] \, \lef...
I treat `x_1_2' essentially like `x_1{}_2'.

c:/Users/TLP-001/Documents/GitHub/project3_docs/fitting/piecewise_analytic_formulas_template.tex:314: Double subscript.
l.314 ...LEAD_P_DIFF_SHOCK_SIGNED__ \, y_s^{__D_P_
                                                  SHOCK__} \right] \, \left(...
I treat `x_1_2' essentially like `x_1{}_2'.

c:/Users/TLP-001/Documents/GitHub/project3_docs/fitting/piecewise_analytic_formulas_template.tex:314: Missing { inserted.
<to be read again> 
                   _
l.314 ...DIFF_SHOCK_SIGNED__ \, y_s^{__D_P_SHOCK__
                                                  } \right] \, \left(\frac{t...
A left brace was mandatory here, so I've put one in.
You might want to delete and/or insert some corrections
so that I will find a matching right brace soon.
(If you're confused by all this, try typing `I}' now.)

c:/Users/TLP-001/Documents/GitHub/project3_docs/fitting/piecewise_analytic_formulas_template.tex:314: Missing { inserted.
<to be read again> 
                   }
l.314 ...IFF_SHOCK_SIGNED__ \, y_s^{__D_P_SHOCK__}
                                                   \right] \, \left(\frac{t}...
A left brace was mandatory here, so I've put one in.
You might want to delete and/or insert some corrections
so that I will find a matching right brace soon.
(If you're confused by all this, try typing `I}' now.)

c:/Users/TLP-001/Documents/GitHub/project3_docs/fitting/piecewise_analytic_formulas_template.tex:314: Missing } inserted.
<inserted text> 
                }
l.314 ...CK_SIGNED__ \, y_s^{__D_P_SHOCK__} \right
                                                  ] \, \left(\frac{t}{\text{...
I've inserted something that you may have forgotten.
(See the <inserted text> above.)
With luck, this will get me unwedged. But if you
really didn't forget anything, try typing `2' now; then
my insertion and my current dilemma will both disappear.

c:/Users/TLP-001/Documents/GitHub/project3_docs/fitting/piecewise_analytic_formulas_template.tex:314: Missing } inserted.
<inserted text> 
                }
l.314 ...CK_SIGNED__ \, y_s^{__D_P_SHOCK__} \right
                                                  ] \, \left(\frac{t}{\text{...
I've inserted something that you may have forgotten.
(See the <inserted text> above.)
With luck, this will get me unwedged. But if you
really didn't forget anything, try typing `2' now; then
my insertion and my current dilemma will both disappear.

c:/Users/TLP-001/Documents/GitHub/project3_docs/fitting/piecewise_analytic_formulas_template.tex:314: Missing } inserted.
<inserted text> 
                }
l.314 ...CK_SIGNED__ \, y_s^{__D_P_SHOCK__} \right
                                                  ] \, \left(\frac{t}{\text{...
I've inserted something that you may have forgotten.
(See the <inserted text> above.)
With luck, this will get me unwedged. But if you
really didn't forget anything, try typing `2' now; then
my insertion and my current dilemma will both disappear.

c:/Users/TLP-001/Documents/GitHub/project3_docs/fitting/piecewise_analytic_formulas_template.tex:314: Missing } inserted.
<inserted text> 
                }
l.314 ...CK_SIGNED__ \, y_s^{__D_P_SHOCK__} \right
                                                  ] \, \left(\frac{t}{\text{...
I've inserted something that you may have forgotten.
(See the <inserted text> above.)
With luck, this will get me unwedged. But if you
really didn't forget anything, try typing `2' now; then
my insertion and my current dilemma will both disappear.

c:/Users/TLP-001/Documents/GitHub/project3_docs/fitting/piecewise_analytic_formulas_template.tex:314: Missing } inserted.
<inserted text> 
                }
l.314 ...CK_SIGNED__ \, y_s^{__D_P_SHOCK__} \right
                                                  ] \, \left(\frac{t}{\text{...
I've inserted something that you may have forgotten.
(See the <inserted text> above.)
With luck, this will get me unwedged. But if you
really didn't forget anything, try typing `2' now; then
my insertion and my current dilemma will both disappear.

c:/Users/TLP-001/Documents/GitHub/project3_docs/fitting/piecewise_analytic_formulas_template.tex:314: Missing } inserted.
<inserted text> 
                }
l.314 ...CK_SIGNED__ \, y_s^{__D_P_SHOCK__} \right
                                                  ] \, \left(\frac{t}{\text{...
I've inserted something that you may have forgotten.
(See the <inserted text> above.)
With luck, this will get me unwedged. But if you
really didn't forget anything, try typing `2' now; then
my insertion and my current dilemma will both disappear.

c:/Users/TLP-001/Documents/GitHub/project3_docs/fitting/piecewise_analytic_formulas_template.tex:314: Missing } inserted.
<inserted text> 
                }
l.314 ...CK_SIGNED__ \, y_s^{__D_P_SHOCK__} \right
                                                  ] \, \left(\frac{t}{\text{...
I've inserted something that you may have forgotten.
(See the <inserted text> above.)
With luck, this will get me unwedged. But if you
really didn't forget anything, try typing `2' now; then
my insertion and my current dilemma will both disappear.

c:/Users/TLP-001/Documents/GitHub/project3_docs/fitting/piecewise_analytic_formulas_template.tex:314: Missing } inserted.
<inserted text> 
                }
l.314 ...CK_SIGNED__ \, y_s^{__D_P_SHOCK__} \right
                                                  ] \, \left(\frac{t}{\text{...
I've inserted something that you may have forgotten.
(See the <inserted text> above.)
With luck, this will get me unwedged. But if you
really didn't forget anything, try typing `2' now; then
my insertion and my current dilemma will both disappear.

c:/Users/TLP-001/Documents/GitHub/project3_docs/fitting/piecewise_analytic_formulas_template.tex:314: Missing } inserted.
<inserted text> 
                }
l.314 ...CK_SIGNED__ \, y_s^{__D_P_SHOCK__} \right
                                                  ] \, \left(\frac{t}{\text{...
I've inserted something that you may have forgotten.
(See the <inserted text> above.)
With luck, this will get me unwedged. But if you
really didn't forget anything, try typing `2' now; then
my insertion and my current dilemma will both disappear.

c:/Users/TLP-001/Documents/GitHub/project3_docs/fitting/piecewise_analytic_formulas_template.tex:322: Missing { inserted.
<to be read again> 
                   _
l.322 ...  \rho_s + (\rho_0 - \rho_s) (1 - y_s^{__
                                                  D_RHO_LOW__})^{__A_RHO_LOW...
A left brace was mandatory here, so I've put one in.
You might want to delete and/or insert some corrections
so that I will find a matching right brace soon.
(If you're confused by all this, try typing `I}' now.)

c:/Users/TLP-001/Documents/GitHub/project3_docs/fitting/piecewise_analytic_formulas_template.tex:322: Double subscript.
l.322 ...\rho_s + (\rho_0 - \rho_s) (1 - y_s^{__D_
                                                  RHO_LOW__})^{__A_RHO_LOW__...
I treat `x_1_2' essentially like `x_1{}_2'.

c:/Users/TLP-001/Documents/GitHub/project3_docs/fitting/piecewise_analytic_formulas_template.tex:322: Missing { inserted.
<to be read again> 
                   _
l.322 ...(\rho_0 - \rho_s) (1 - y_s^{__D_RHO_LOW__
                                                  })^{__A_RHO_LOW__} & \text...
A left brace was mandatory here, so I've put one in.
You might want to delete and/or insert some corrections
so that I will find a matching right brace soon.
(If you're confused by all this, try typing `I}' now.)

c:/Users/TLP-001/Documents/GitHub/project3_docs/fitting/piecewise_analytic_formulas_template.tex:322: Missing { inserted.
<to be read again> 
                   }
l.322 ...\rho_0 - \rho_s) (1 - y_s^{__D_RHO_LOW__}
                                                  )^{__A_RHO_LOW__} & \text{...
A left brace was mandatory here, so I've put one in.
You might want to delete and/or insert some corrections
so that I will find a matching right brace soon.
(If you're confused by all this, try typing `I}' now.)

c:/Users/TLP-001/Documents/GitHub/project3_docs/fitting/piecewise_analytic_formulas_template.tex:322: Missing { inserted.
<to be read again> 
                   _
l.322 ...0 - \rho_s) (1 - y_s^{__D_RHO_LOW__})^{__
                                                  A_RHO_LOW__} & \text{for }...
A left brace was mandatory here, so I've put one in.
You might want to delete and/or insert some corrections
so that I will find a matching right brace soon.
(If you're confused by all this, try typing `I}' now.)

c:/Users/TLP-001/Documents/GitHub/project3_docs/fitting/piecewise_analytic_formulas_template.tex:322: Double subscript.
l.322 ...- \rho_s) (1 - y_s^{__D_RHO_LOW__})^{__A_
                                                  RHO_LOW__} & \text{for } y...
I treat `x_1_2' essentially like `x_1{}_2'.

c:/Users/TLP-001/Documents/GitHub/project3_docs/fitting/piecewise_analytic_formulas_template.tex:322: Missing { inserted.
<to be read again> 
                   _
l.322 ... (1 - y_s^{__D_RHO_LOW__})^{__A_RHO_LOW__
                                                  } & \text{for } y_s < 0.1 \\
A left brace was mandatory here, so I've put one in.
You might want to delete and/or insert some corrections
so that I will find a matching right brace soon.
(If you're confused by all this, try typing `I}' now.)

c:/Users/TLP-001/Documents/GitHub/project3_docs/fitting/piecewise_analytic_formulas_template.tex:322: Missing { inserted.
<to be read again> 
                   }
l.322 ...(1 - y_s^{__D_RHO_LOW__})^{__A_RHO_LOW__}
                                                   & \text{for } y_s < 0.1 \\
A left brace was mandatory here, so I've put one in.
You might want to delete and/or insert some corrections
so that I will find a matching right brace soon.
(If you're confused by all this, try typing `I}' now.)

c:/Users/TLP-001/Documents/GitHub/project3_docs/fitting/piecewise_analytic_formulas_template.tex:322: Misplaced alignment tab character &.
l.322 ... - y_s^{__D_RHO_LOW__})^{__A_RHO_LOW__} &
                                                   \text{for } y_s < 0.1 \\
I can't figure out why you would want to use a tab mark
here. If you just want an ampersand, the remedy is
simple: Just type `I\&' now. But if some right brace
up above has ended a previous alignment prematurely,
you're probably due for more error messages, and you
might try typing `S' now just to see what is salvageable.

c:/Users/TLP-001/Documents/GitHub/project3_docs/fitting/piecewise_analytic_formulas_template.tex:322: Missing } inserted.
<inserted text> 
                }
l.322 ...__A_RHO_LOW__} & \text{for } y_s < 0.1 \\
                                                  
I've inserted something that you may have forgotten.
(See the <inserted text> above.)
With luck, this will get me unwedged. But if you
really didn't forget anything, try typing `2' now; then
my insertion and my current dilemma will both disappear.

c:/Users/TLP-001/Documents/GitHub/project3_docs/fitting/piecewise_analytic_formulas_template.tex:322: Missing } inserted.
<inserted text> 
                }
l.322 ...__A_RHO_LOW__} & \text{for } y_s < 0.1 \\
                                                  
I've inserted something that you may have forgotten.
(See the <inserted text> above.)
With luck, this will get me unwedged. But if you
really didn't forget anything, try typing `2' now; then
my insertion and my current dilemma will both disappear.

c:/Users/TLP-001/Documents/GitHub/project3_docs/fitting/piecewise_analytic_formulas_template.tex:322: Missing } inserted.
<inserted text> 
                }
l.322 ...__A_RHO_LOW__} & \text{for } y_s < 0.1 \\
                                                  
I've inserted something that you may have forgotten.
(See the <inserted text> above.)
With luck, this will get me unwedged. But if you
really didn't forget anything, try typing `2' now; then
my insertion and my current dilemma will both disappear.

c:/Users/TLP-001/Documents/GitHub/project3_docs/fitting/piecewise_analytic_formulas_template.tex:322: Missing } inserted.
<inserted text> 
                }
l.322 ...__A_RHO_LOW__} & \text{for } y_s < 0.1 \\
                                                  
I've inserted something that you may have forgotten.
(See the <inserted text> above.)
With luck, this will get me unwedged. But if you
really didn't forget anything, try typing `2' now; then
my insertion and my current dilemma will both disappear.

c:/Users/TLP-001/Documents/GitHub/project3_docs/fitting/piecewise_analytic_formulas_template.tex:322: Missing } inserted.
<inserted text> 
                }
l.322 ...__A_RHO_LOW__} & \text{for } y_s < 0.1 \\
                                                  
I've inserted something that you may have forgotten.
(See the <inserted text> above.)
With luck, this will get me unwedged. But if you
really didn't forget anything, try typing `2' now; then
my insertion and my current dilemma will both disappear.

c:/Users/TLP-001/Documents/GitHub/project3_docs/fitting/piecewise_analytic_formulas_template.tex:322: Missing } inserted.
<inserted text> 
                }
l.322 ...__A_RHO_LOW__} & \text{for } y_s < 0.1 \\
                                                  
I've inserted something that you may have forgotten.
(See the <inserted text> above.)
With luck, this will get me unwedged. But if you
really didn't forget anything, try typing `2' now; then
my insertion and my current dilemma will both disappear.



[7]
c:/Users/TLP-001/Documents/GitHub/project3_docs/fitting/piecewise_analytic_formulas_template.tex:334: Missing { inserted.
<to be read again> 
                   _
l.334     Substituting $y_s \approx __
                                      INV_MS__ \left(\frac{m}{\text{g/cm}^2}...
A left brace was mandatory here, so I've put one in.
You might want to delete and/or insert some corrections
so that I will find a matching right brace soon.
(If you're confused by all this, try typing `I}' now.)

c:/Users/TLP-001/Documents/GitHub/project3_docs/fitting/piecewise_analytic_formulas_template.tex:334: Missing { inserted.
<to be read again> 
                   _
l.334     Substituting $y_s \approx __INV_MS__
                                               \left(\frac{m}{\text{g/cm}^2}...
A left brace was mandatory here, so I've put one in.
You might want to delete and/or insert some corrections
so that I will find a matching right brace soon.
(If you're confused by all this, try typing `I}' now.)

c:/Users/TLP-001/Documents/GitHub/project3_docs/fitting/piecewise_analytic_formulas_template.tex:334: Missing { inserted.
<to be read again> 
                   \left 
l.334 ...ubstituting $y_s \approx __INV_MS__ \left
                                                  (\frac{m}{\text{g/cm}^2}\r...
A left brace was mandatory here, so I've put one in.
You might want to delete and/or insert some corrections
so that I will find a matching right brace soon.
(If you're confused by all this, try typing `I}' now.)

c:/Users/TLP-001/Documents/GitHub/project3_docs/fitting/piecewise_analytic_formulas_template.tex:334: Missing } inserted.
<inserted text> 
                }
l.334 ...{t}{\text{ns}}\right)^{-\frac{149}{192}}$
                                                  :
I've inserted something that you may have forgotten.
(See the <inserted text> above.)
With luck, this will get me unwedged. But if you
really didn't forget anything, try typing `2' now; then
my insertion and my current dilemma will both disappear.

c:/Users/TLP-001/Documents/GitHub/project3_docs/fitting/piecewise_analytic_formulas_template.tex:334: Missing } inserted.
<inserted text> 
                }
l.334 ...{t}{\text{ns}}\right)^{-\frac{149}{192}}$
                                                  :
I've inserted something that you may have forgotten.
(See the <inserted text> above.)
With luck, this will get me unwedged. But if you
really didn't forget anything, try typing `2' now; then
my insertion and my current dilemma will both disappear.

c:/Users/TLP-001/Documents/GitHub/project3_docs/fitting/piecewise_analytic_formulas_template.tex:334: Missing } inserted.
<inserted text> 
                }
l.334 ...{t}{\text{ns}}\right)^{-\frac{149}{192}}$
                                                  :
I've inserted something that you may have forgotten.
(See the <inserted text> above.)
With luck, this will get me unwedged. But if you
really didn't forget anything, try typing `2' now; then
my insertion and my current dilemma will both disappear.

c:/Users/TLP-001/Documents/GitHub/project3_docs/fitting/piecewise_analytic_formulas_template.tex:336: Missing { inserted.
<to be read again> 
                   _
l.336         __
                RHO_0_CGS__ \left[ __RHOS_SHOCK__ + (__RHO0_SHOCK__ - __RHOS...
A left brace was mandatory here, so I've put one in.
You might want to delete and/or insert some corrections
so that I will find a matching right brace soon.
(If you're confused by all this, try typing `I}' now.)

c:/Users/TLP-001/Documents/GitHub/project3_docs/fitting/piecewise_analytic_formulas_template.tex:336: Double subscript.
l.336         __RHO_0_
                      CGS__ \left[ __RHOS_SHOCK__ + (__RHO0_SHOCK__ - __RHOS...
I treat `x_1_2' essentially like `x_1{}_2'.

c:/Users/TLP-001/Documents/GitHub/project3_docs/fitting/piecewise_analytic_formulas_template.tex:336: Missing { inserted.
<to be read again> 
                   _
l.336         __RHO_0_CGS__
                            \left[ __RHOS_SHOCK__ + (__RHO0_SHOCK__ - __RHOS...
A left brace was mandatory here, so I've put one in.
You might want to delete and/or insert some corrections
so that I will find a matching right brace soon.
(If you're confused by all this, try typing `I}' now.)

c:/Users/TLP-001/Documents/GitHub/project3_docs/fitting/piecewise_analytic_formulas_template.tex:336: Missing { inserted.
<to be read again> 
                   \left 
l.336         __RHO_0_CGS__ \left
                                 [ __RHOS_SHOCK__ + (__RHO0_SHOCK__ - __RHOS...
A left brace was mandatory here, so I've put one in.
You might want to delete and/or insert some corrections
so that I will find a matching right brace soon.
(If you're confused by all this, try typing `I}' now.)

c:/Users/TLP-001/Documents/GitHub/project3_docs/fitting/piecewise_analytic_formulas_template.tex:336: Missing { inserted.
<to be read again> 
                   _
l.336         __RHO_0_CGS__ \left[ __
                                     RHOS_SHOCK__ + (__RHO0_SHOCK__ - __RHOS...
A left brace was mandatory here, so I've put one in.
You might want to delete and/or insert some corrections
so that I will find a matching right brace soon.
(If you're confused by all this, try typing `I}' now.)

c:/Users/TLP-001/Documents/GitHub/project3_docs/fitting/piecewise_analytic_formulas_template.tex:336: Missing { inserted.
<to be read again> 
                   _
l.336         __RHO_0_CGS__ \left[ __RHOS_SHOCK__
                                                  + (__RHO0_SHOCK__ - __RHOS...
A left brace was mandatory here, so I've put one in.
You might want to delete and/or insert some corrections
so that I will find a matching right brace soon.
(If you're confused by all this, try typing `I}' now.)

c:/Users/TLP-001/Documents/GitHub/project3_docs/fitting/piecewise_analytic_formulas_template.tex:336: Missing { inserted.
<to be read again> 
                   _
l.336 ...__RHO_0_CGS__ \left[ __RHOS_SHOCK__ + (__
                                                  RHO0_SHOCK__ - __RHOS_SHOC...
A left brace was mandatory here, so I've put one in.
You might want to delete and/or insert some corrections
so that I will find a matching right brace soon.
(If you're confused by all this, try typing `I}' now.)

c:/Users/TLP-001/Documents/GitHub/project3_docs/fitting/piecewise_analytic_formulas_template.tex:336: Missing { inserted.
<to be read again> 
                   _
l.336 ..._ \left[ __RHOS_SHOCK__ + (__RHO0_SHOCK__
                                                   - __RHOS_SHOCK__) (1 - y_...
A left brace was mandatory here, so I've put one in.
You might want to delete and/or insert some corrections
so that I will find a matching right brace soon.
(If you're confused by all this, try typing `I}' now.)

c:/Users/TLP-001/Documents/GitHub/project3_docs/fitting/piecewise_analytic_formulas_template.tex:336: Double subscript.
l.336 ...eft[ __RHOS_SHOCK__ + (__RHO0_SHOCK__ - _
                                                  _RHOS_SHOCK__) (1 - y_s^{_...
I treat `x_1_2' essentially like `x_1{}_2'.

c:/Users/TLP-001/Documents/GitHub/project3_docs/fitting/piecewise_analytic_formulas_template.tex:336: Missing { inserted.
<to be read again> 
                   _
l.336 ...ft[ __RHOS_SHOCK__ + (__RHO0_SHOCK__ - __
                                                  RHOS_SHOCK__) (1 - y_s^{__...
A left brace was mandatory here, so I've put one in.
You might want to delete and/or insert some corrections
so that I will find a matching right brace soon.
(If you're confused by all this, try typing `I}' now.)

c:/Users/TLP-001/Documents/GitHub/project3_docs/fitting/piecewise_analytic_formulas_template.tex:336: Missing { inserted.
<to be read again> 
                   _
l.336 ...HOCK__ + (__RHO0_SHOCK__ - __RHOS_SHOCK__
                                                  ) (1 - y_s^{__D_RHO_LOW__}...
A left brace was mandatory here, so I've put one in.
You might want to delete and/or insert some corrections
so that I will find a matching right brace soon.
(If you're confused by all this, try typing `I}' now.)

c:/Users/TLP-001/Documents/GitHub/project3_docs/fitting/piecewise_analytic_formulas_template.tex:336: Missing { inserted.
<to be read again> 
                   _
l.336 ...O0_SHOCK__ - __RHOS_SHOCK__) (1 - y_s^{__
                                                  D_RHO_LOW__})^{__A_RHO_LOW...
A left brace was mandatory here, so I've put one in.
You might want to delete and/or insert some corrections
so that I will find a matching right brace soon.
(If you're confused by all this, try typing `I}' now.)

c:/Users/TLP-001/Documents/GitHub/project3_docs/fitting/piecewise_analytic_formulas_template.tex:336: Double subscript.
l.336 ..._SHOCK__ - __RHOS_SHOCK__) (1 - y_s^{__D_
                                                  RHO_LOW__})^{__A_RHO_LOW__...
I treat `x_1_2' essentially like `x_1{}_2'.

c:/Users/TLP-001/Documents/GitHub/project3_docs/fitting/piecewise_analytic_formulas_template.tex:336: Missing { inserted.
<to be read again> 
                   _
l.336 ...- __RHOS_SHOCK__) (1 - y_s^{__D_RHO_LOW__
                                                  })^{__A_RHO_LOW__} \right]...
A left brace was mandatory here, so I've put one in.
You might want to delete and/or insert some corrections
so that I will find a matching right brace soon.
(If you're confused by all this, try typing `I}' now.)

c:/Users/TLP-001/Documents/GitHub/project3_docs/fitting/piecewise_analytic_formulas_template.tex:336: Missing { inserted.
<to be read again> 
                   }
l.336 ... __RHOS_SHOCK__) (1 - y_s^{__D_RHO_LOW__}
                                                  )^{__A_RHO_LOW__} \right] ...
A left brace was mandatory here, so I've put one in.
You might want to delete and/or insert some corrections
so that I will find a matching right brace soon.
(If you're confused by all this, try typing `I}' now.)

c:/Users/TLP-001/Documents/GitHub/project3_docs/fitting/piecewise_analytic_formulas_template.tex:336: Missing { inserted.
<to be read again> 
                   _
l.336 ...OS_SHOCK__) (1 - y_s^{__D_RHO_LOW__})^{__
                                                  A_RHO_LOW__} \right] & \te...
A left brace was mandatory here, so I've put one in.
You might want to delete and/or insert some corrections
so that I will find a matching right brace soon.
(If you're confused by all this, try typing `I}' now.)

c:/Users/TLP-001/Documents/GitHub/project3_docs/fitting/piecewise_analytic_formulas_template.tex:336: Double subscript.
l.336 ..._SHOCK__) (1 - y_s^{__D_RHO_LOW__})^{__A_
                                                  RHO_LOW__} \right] & \text...
I treat `x_1_2' essentially like `x_1{}_2'.

c:/Users/TLP-001/Documents/GitHub/project3_docs/fitting/piecewise_analytic_formulas_template.tex:336: Missing { inserted.
<to be read again> 
                   _
l.336 ... (1 - y_s^{__D_RHO_LOW__})^{__A_RHO_LOW__
                                                  } \right] & \text{for } y_...
A left brace was mandatory here, so I've put one in.
You might want to delete and/or insert some corrections
so that I will find a matching right brace soon.
(If you're confused by all this, try typing `I}' now.)

c:/Users/TLP-001/Documents/GitHub/project3_docs/fitting/piecewise_analytic_formulas_template.tex:336: Missing { inserted.
<to be read again> 
                   }
l.336 ...(1 - y_s^{__D_RHO_LOW__})^{__A_RHO_LOW__}
                                                   \right] & \text{for } y_s...
A left brace was mandatory here, so I've put one in.
You might want to delete and/or insert some corrections
so that I will find a matching right brace soon.
(If you're confused by all this, try typing `I}' now.)

c:/Users/TLP-001/Documents/GitHub/project3_docs/fitting/piecewise_analytic_formulas_template.tex:336: Missing } inserted.
<inserted text> 
                }
l.336 ...s^{__D_RHO_LOW__})^{__A_RHO_LOW__} \right
                                                  ] & \text{for } y_s < 0.1 \\
I've inserted something that you may have forgotten.
(See the <inserted text> above.)
With luck, this will get me unwedged. But if you
really didn't forget anything, try typing `2' now; then
my insertion and my current dilemma will both disappear.

c:/Users/TLP-001/Documents/GitHub/project3_docs/fitting/piecewise_analytic_formulas_template.tex:336: Missing } inserted.
<inserted text> 
                }
l.336 ...s^{__D_RHO_LOW__})^{__A_RHO_LOW__} \right
                                                  ] & \text{for } y_s < 0.1 \\
I've inserted something that you may have forgotten.
(See the <inserted text> above.)
With luck, this will get me unwedged. But if you
really didn't forget anything, try typing `2' now; then
my insertion and my current dilemma will both disappear.

c:/Users/TLP-001/Documents/GitHub/project3_docs/fitting/piecewise_analytic_formulas_template.tex:336: Missing } inserted.
<inserted text> 
                }
l.336 ...s^{__D_RHO_LOW__})^{__A_RHO_LOW__} \right
                                                  ] & \text{for } y_s < 0.1 \\
I've inserted something that you may have forgotten.
(See the <inserted text> above.)
With luck, this will get me unwedged. But if you
really didn't forget anything, try typing `2' now; then
my insertion and my current dilemma will both disappear.

c:/Users/TLP-001/Documents/GitHub/project3_docs/fitting/piecewise_analytic_formulas_template.tex:336: Missing } inserted.
<inserted text> 
                }
l.336 ...s^{__D_RHO_LOW__})^{__A_RHO_LOW__} \right
                                                  ] & \text{for } y_s < 0.1 \\
I've inserted something that you may have forgotten.
(See the <inserted text> above.)
With luck, this will get me unwedged. But if you
really didn't forget anything, try typing `2' now; then
my insertion and my current dilemma will both disappear.

c:/Users/TLP-001/Documents/GitHub/project3_docs/fitting/piecewise_analytic_formulas_template.tex:336: Missing } inserted.
<inserted text> 
                }
l.336 ...s^{__D_RHO_LOW__})^{__A_RHO_LOW__} \right
                                                  ] & \text{for } y_s < 0.1 \\
I've inserted something that you may have forgotten.
(See the <inserted text> above.)
With luck, this will get me unwedged. But if you
really didn't forget anything, try typing `2' now; then
my insertion and my current dilemma will both disappear.

c:/Users/TLP-001/Documents/GitHub/project3_docs/fitting/piecewise_analytic_formulas_template.tex:336: Missing } inserted.
<inserted text> 
                }
l.336 ...s^{__D_RHO_LOW__})^{__A_RHO_LOW__} \right
                                                  ] & \text{for } y_s < 0.1 \\
I've inserted something that you may have forgotten.
(See the <inserted text> above.)
With luck, this will get me unwedged. But if you
really didn't forget anything, try typing `2' now; then
my insertion and my current dilemma will both disappear.

c:/Users/TLP-001/Documents/GitHub/project3_docs/fitting/piecewise_analytic_formulas_template.tex:336: Missing } inserted.
<inserted text> 
                }
l.336 ...s^{__D_RHO_LOW__})^{__A_RHO_LOW__} \right
                                                  ] & \text{for } y_s < 0.1 \\
I've inserted something that you may have forgotten.
(See the <inserted text> above.)
With luck, this will get me unwedged. But if you
really didn't forget anything, try typing `2' now; then
my insertion and my current dilemma will both disappear.

c:/Users/TLP-001/Documents/GitHub/project3_docs/fitting/piecewise_analytic_formulas_template.tex:336: Missing } inserted.
<inserted text> 
                }
l.336 ...s^{__D_RHO_LOW__})^{__A_RHO_LOW__} \right
                                                  ] & \text{for } y_s < 0.1 \\
I've inserted something that you may have forgotten.
(See the <inserted text> above.)
With luck, this will get me unwedged. But if you
really didn't forget anything, try typing `2' now; then
my insertion and my current dilemma will both disappear.

c:/Users/TLP-001/Documents/GitHub/project3_docs/fitting/piecewise_analytic_formulas_template.tex:336: Missing } inserted.
<inserted text> 
                }
l.336 ...s^{__D_RHO_LOW__})^{__A_RHO_LOW__} \right
                                                  ] & \text{for } y_s < 0.1 \\
I've inserted something that you may have forgotten.
(See the <inserted text> above.)
With luck, this will get me unwedged. But if you
really didn't forget anything, try typing `2' now; then
my insertion and my current dilemma will both disappear.

c:/Users/TLP-001/Documents/GitHub/project3_docs/fitting/piecewise_analytic_formulas_template.tex:336: Missing } inserted.
<inserted text> 
                }
l.336 ...s^{__D_RHO_LOW__})^{__A_RHO_LOW__} \right
                                                  ] & \text{for } y_s < 0.1 \\
I've inserted something that you may have forgotten.
(See the <inserted text> above.)
With luck, this will get me unwedged. But if you
really didn't forget anything, try typing `2' now; then
my insertion and my current dilemma will both disappear.

c:/Users/TLP-001/Documents/GitHub/project3_docs/fitting/piecewise_analytic_formulas_template.tex:336: Missing } inserted.
<inserted text> 
                }
l.336 ...s^{__D_RHO_LOW__})^{__A_RHO_LOW__} \right
                                                  ] & \text{for } y_s < 0.1 \\
I've inserted something that you may have forgotten.
(See the <inserted text> above.)
With luck, this will get me unwedged. But if you
really didn't forget anything, try typing `2' now; then
my insertion and my current dilemma will both disappear.

c:/Users/TLP-001/Documents/GitHub/project3_docs/fitting/piecewise_analytic_formulas_template.tex:336: Missing } inserted.
<inserted text> 
                }
l.336 ...s^{__D_RHO_LOW__})^{__A_RHO_LOW__} \right
                                                  ] & \text{for } y_s < 0.1 \\
I've inserted something that you may have forgotten.
(See the <inserted text> above.)
With luck, this will get me unwedged. But if you
really didn't forget anything, try typing `2' now; then
my insertion and my current dilemma will both disappear.

c:/Users/TLP-001/Documents/GitHub/project3_docs/fitting/piecewise_analytic_formulas_template.tex:336: Misplaced alignment tab character &.
l.336 ...__D_RHO_LOW__})^{__A_RHO_LOW__} \right] &
                                                   \text{for } y_s < 0.1 \\
I can't figure out why you would want to use a tab mark
here. If you just want an ampersand, the remedy is
simple: Just type `I\&' now. But if some right brace
up above has ended a previous alignment prematurely,
you're probably due for more error messages, and you
might try typing `S' now just to see what is salvageable.

c:/Users/TLP-001/Documents/GitHub/project3_docs/fitting/piecewise_analytic_formulas_template.tex:336: Missing } inserted.
<inserted text> 
                }
l.336 ...LOW__} \right] & \text{for } y_s < 0.1 \\
                                                  
I've inserted something that you may have forgotten.
(See the <inserted text> above.)
With luck, this will get me unwedged. But if you
really didn't forget anything, try typing `2' now; then
my insertion and my current dilemma will both disappear.

c:/Users/TLP-001/Documents/GitHub/project3_docs/fitting/piecewise_analytic_formulas_template.tex:336: Missing } inserted.
<inserted text> 
                }
l.336 ...LOW__} \right] & \text{for } y_s < 0.1 \\
                                                  
I've inserted something that you may have forgotten.
(See the <inserted text> above.)
With luck, this will get me unwedged. But if you
really didn't forget anything, try typing `2' now; then
my insertion and my current dilemma will both disappear.

c:/Users/TLP-001/Documents/GitHub/project3_docs/fitting/piecewise_analytic_formulas_template.tex:336: Missing } inserted.
<inserted text> 
                }
l.336 ...LOW__} \right] & \text{for } y_s < 0.1 \\
                                                  
I've inserted something that you may have forgotten.
(See the <inserted text> above.)
With luck, this will get me unwedged. But if you
really didn't forget anything, try typing `2' now; then
my insertion and my current dilemma will both disappear.


Overfull \hbox (98.41432pt too wide) detected at line 338
\OML/cmm/m/it/10.95 ^^Z\OT1/cmr/m/n/10.95 (\OML/cmm/m/it/10.95 m; t\OT1/cmr/m/n/10.95 ) \OMS/cmsy/m/n/10.95 ^^Y []  [][]
 []

c:/Users/TLP-001/Documents/GitHub/project3_docs/fitting/piecewise_analytic_formulas_template.tex:347: Double subscript.
l.347         T_s _
                   _C1_T_HIGH_SIGNED__ (1 - y_s)^{__A_T_HIGH__} __C2_T_HIGH_...
I treat `x_1_2' essentially like `x_1{}_2'.

c:/Users/TLP-001/Documents/GitHub/project3_docs/fitting/piecewise_analytic_formulas_template.tex:347: Missing { inserted.
<to be read again> 
                   _
l.347         T_s __
                    C1_T_HIGH_SIGNED__ (1 - y_s)^{__A_T_HIGH__} __C2_T_HIGH_...
A left brace was mandatory here, so I've put one in.
You might want to delete and/or insert some corrections
so that I will find a matching right brace soon.
(If you're confused by all this, try typing `I}' now.)

c:/Users/TLP-001/Documents/GitHub/project3_docs/fitting/piecewise_analytic_formulas_template.tex:347: Double subscript.
l.347         T_s __C1_T_
                         HIGH_SIGNED__ (1 - y_s)^{__A_T_HIGH__} __C2_T_HIGH_...
I treat `x_1_2' essentially like `x_1{}_2'.

c:/Users/TLP-001/Documents/GitHub/project3_docs/fitting/piecewise_analytic_formulas_template.tex:347: Missing { inserted.
<to be read again> 
                   _
l.347         T_s __C1_T_HIGH_SIGNED__
                                       (1 - y_s)^{__A_T_HIGH__} __C2_T_HIGH_...
A left brace was mandatory here, so I've put one in.
You might want to delete and/or insert some corrections
so that I will find a matching right brace soon.
(If you're confused by all this, try typing `I}' now.)

c:/Users/TLP-001/Documents/GitHub/project3_docs/fitting/piecewise_analytic_formulas_template.tex:347: Missing { inserted.
<to be read again> 
                   _
l.347 ...   T_s __C1_T_HIGH_SIGNED__ (1 - y_s)^{__
                                                  A_T_HIGH__} __C2_T_HIGH_SI...
A left brace was mandatory here, so I've put one in.
You might want to delete and/or insert some corrections
so that I will find a matching right brace soon.
(If you're confused by all this, try typing `I}' now.)

c:/Users/TLP-001/Documents/GitHub/project3_docs/fitting/piecewise_analytic_formulas_template.tex:347: Double subscript.
l.347 ... T_s __C1_T_HIGH_SIGNED__ (1 - y_s)^{__A_
                                                  T_HIGH__} __C2_T_HIGH_SIGN...
I treat `x_1_2' essentially like `x_1{}_2'.

c:/Users/TLP-001/Documents/GitHub/project3_docs/fitting/piecewise_analytic_formulas_template.tex:347: Double subscript.
l.347 ..._s __C1_T_HIGH_SIGNED__ (1 - y_s)^{__A_T_
                                                  HIGH__} __C2_T_HIGH_SIGNED...
I treat `x_1_2' essentially like `x_1{}_2'.

c:/Users/TLP-001/Documents/GitHub/project3_docs/fitting/piecewise_analytic_formulas_template.tex:347: Missing { inserted.
<to be read again> 
                   _
l.347 ...1_T_HIGH_SIGNED__ (1 - y_s)^{__A_T_HIGH__
                                                  } __C2_T_HIGH_SIGNED__ (1 ...
A left brace was mandatory here, so I've put one in.
You might want to delete and/or insert some corrections
so that I will find a matching right brace soon.
(If you're confused by all this, try typing `I}' now.)

c:/Users/TLP-001/Documents/GitHub/project3_docs/fitting/piecewise_analytic_formulas_template.tex:347: Missing { inserted.
<to be read again> 
                   }
l.347 ..._T_HIGH_SIGNED__ (1 - y_s)^{__A_T_HIGH__}
                                                   __C2_T_HIGH_SIGNED__ (1 -...
A left brace was mandatory here, so I've put one in.
You might want to delete and/or insert some corrections
so that I will find a matching right brace soon.
(If you're confused by all this, try typing `I}' now.)

c:/Users/TLP-001/Documents/GitHub/project3_docs/fitting/piecewise_analytic_formulas_template.tex:347: Double subscript.
l.347 ..._HIGH_SIGNED__ (1 - y_s)^{__A_T_HIGH__} _
                                                  _C2_T_HIGH_SIGNED__ (1 - y...
I treat `x_1_2' essentially like `x_1{}_2'.

c:/Users/TLP-001/Documents/GitHub/project3_docs/fitting/piecewise_analytic_formulas_template.tex:347: Missing { inserted.
<to be read again> 
                   _
l.347 ...HIGH_SIGNED__ (1 - y_s)^{__A_T_HIGH__} __
                                                  C2_T_HIGH_SIGNED__ (1 - y_...
A left brace was mandatory here, so I've put one in.
You might want to delete and/or insert some corrections
so that I will find a matching right brace soon.
(If you're confused by all this, try typing `I}' now.)

c:/Users/TLP-001/Documents/GitHub/project3_docs/fitting/piecewise_analytic_formulas_template.tex:347: Double subscript.
l.347 ...SIGNED__ (1 - y_s)^{__A_T_HIGH__} __C2_T_
                                                  HIGH_SIGNED__ (1 - y_s)^{_...
I treat `x_1_2' essentially like `x_1{}_2'.

c:/Users/TLP-001/Documents/GitHub/project3_docs/fitting/piecewise_analytic_formulas_template.tex:347: Missing { inserted.
<to be read again> 
                   _
l.347 ... y_s)^{__A_T_HIGH__} __C2_T_HIGH_SIGNED__
                                                   (1 - y_s)^{__B_T_HIGH__} ...
A left brace was mandatory here, so I've put one in.
You might want to delete and/or insert some corrections
so that I will find a matching right brace soon.
(If you're confused by all this, try typing `I}' now.)

c:/Users/TLP-001/Documents/GitHub/project3_docs/fitting/piecewise_analytic_formulas_template.tex:347: Missing { inserted.
<to be read again> 
                   _
l.347 ...IGH__} __C2_T_HIGH_SIGNED__ (1 - y_s)^{__
                                                  B_T_HIGH__} & \text{for } ...
A left brace was mandatory here, so I've put one in.
You might want to delete and/or insert some corrections
so that I will find a matching right brace soon.
(If you're confused by all this, try typing `I}' now.)

c:/Users/TLP-001/Documents/GitHub/project3_docs/fitting/piecewise_analytic_formulas_template.tex:347: Double subscript.
l.347 ...H__} __C2_T_HIGH_SIGNED__ (1 - y_s)^{__B_
                                                  T_HIGH__} & \text{for } y_...
I treat `x_1_2' essentially like `x_1{}_2'.

c:/Users/TLP-001/Documents/GitHub/project3_docs/fitting/piecewise_analytic_formulas_template.tex:347: Double subscript.
l.347 ..._} __C2_T_HIGH_SIGNED__ (1 - y_s)^{__B_T_
                                                  HIGH__} & \text{for } y_s ...
I treat `x_1_2' essentially like `x_1{}_2'.

c:/Users/TLP-001/Documents/GitHub/project3_docs/fitting/piecewise_analytic_formulas_template.tex:347: Missing { inserted.
<to be read again> 
                   _
l.347 ...2_T_HIGH_SIGNED__ (1 - y_s)^{__B_T_HIGH__
                                                  } & \text{for } y_s \ge 0.1
A left brace was mandatory here, so I've put one in.
You might want to delete and/or insert some corrections
so that I will find a matching right brace soon.
(If you're confused by all this, try typing `I}' now.)

c:/Users/TLP-001/Documents/GitHub/project3_docs/fitting/piecewise_analytic_formulas_template.tex:347: Missing { inserted.
<to be read again> 
                   }
l.347 ..._T_HIGH_SIGNED__ (1 - y_s)^{__B_T_HIGH__}
                                                   & \text{for } y_s \ge 0.1
A left brace was mandatory here, so I've put one in.
You might want to delete and/or insert some corrections
so that I will find a matching right brace soon.
(If you're confused by all this, try typing `I}' now.)

c:/Users/TLP-001/Documents/GitHub/project3_docs/fitting/piecewise_analytic_formulas_template.tex:347: Misplaced alignment tab character &.
l.347 ..._HIGH_SIGNED__ (1 - y_s)^{__B_T_HIGH__} &
                                                   \text{for } y_s \ge 0.1
I can't figure out why you would want to use a tab mark
here. If you just want an ampersand, the remedy is
simple: Just type `I\&' now. But if some right brace
up above has ended a previous alignment prematurely,
you're probably due for more error messages, and you
might try typing `S' now just to see what is salvageable.

c:/Users/TLP-001/Documents/GitHub/project3_docs/fitting/piecewise_analytic_formulas_template.tex:348: Misplaced \crcr.
\endarray ->\crcr 
                  \egroup \egroup 
l.348     \end{cases}
                     $$
I can't figure out why you would want to use a tab mark
or \cr or \span just now. If something like a right brace
up above has ended a previous alignment prematurely,
you're probably due for more error messages, and you
might try typing `S' now just to see what is salvageable.

c:/Users/TLP-001/Documents/GitHub/project3_docs/fitting/piecewise_analytic_formulas_template.tex:348: Missing } inserted.
<inserted text> 
                }
l.348     \end{cases}
                     $$
I've inserted something that you may have forgotten.
(See the <inserted text> above.)
With luck, this will get me unwedged. But if you
really didn't forget anything, try typing `2' now; then
my insertion and my current dilemma will both disappear.

c:/Users/TLP-001/Documents/GitHub/project3_docs/fitting/piecewise_analytic_formulas_template.tex:348: Missing } inserted.
<inserted text> 
                }
l.348     \end{cases}
                     $$
I've inserted something that you may have forgotten.
(See the <inserted text> above.)
With luck, this will get me unwedged. But if you
really didn't forget anything, try typing `2' now; then
my insertion and my current dilemma will both disappear.

c:/Users/TLP-001/Documents/GitHub/project3_docs/fitting/piecewise_analytic_formulas_template.tex:348: Missing } inserted.
<inserted text> 
                }
l.348     \end{cases}
                     $$
I've inserted something that you may have forgotten.
(See the <inserted text> above.)
With luck, this will get me unwedged. But if you
really didn't forget anything, try typing `2' now; then
my insertion and my current dilemma will both disappear.

c:/Users/TLP-001/Documents/GitHub/project3_docs/fitting/piecewise_analytic_formulas_template.tex:348: Missing } inserted.
<inserted text> 
                }
l.348     \end{cases}
                     $$
I've inserted something that you may have forgotten.
(See the <inserted text> above.)
With luck, this will get me unwedged. But if you
really didn't forget anything, try typing `2' now; then
my insertion and my current dilemma will both disappear.

c:/Users/TLP-001/Documents/GitHub/project3_docs/fitting/piecewise_analytic_formulas_template.tex:348: Missing } inserted.
<inserted text> 
                }
l.348     \end{cases}
                     $$
I've inserted something that you may have forgotten.
(See the <inserted text> above.)
With luck, this will get me unwedged. But if you
really didn't forget anything, try typing `2' now; then
my insertion and my current dilemma will both disappear.

c:/Users/TLP-001/Documents/GitHub/project3_docs/fitting/piecewise_analytic_formulas_template.tex:348: Missing } inserted.
<inserted text> 
                }
l.348     \end{cases}
                     $$
I've inserted something that you may have forgotten.
(See the <inserted text> above.)
With luck, this will get me unwedged. But if you
really didn't forget anything, try typing `2' now; then
my insertion and my current dilemma will both disappear.

c:/Users/TLP-001/Documents/GitHub/project3_docs/fitting/piecewise_analytic_formulas_template.tex:348: Missing } inserted.
<inserted text> 
                }
l.348     \end{cases}
                     $$
I've inserted something that you may have forgotten.
(See the <inserted text> above.)
With luck, this will get me unwedged. But if you
really didn't forget anything, try typing `2' now; then
my insertion and my current dilemma will both disappear.

c:/Users/TLP-001/Documents/GitHub/project3_docs/fitting/piecewise_analytic_formulas_template.tex:348: Missing } inserted.
<inserted text> 
                }
l.348     \end{cases}
                     $$
I've inserted something that you may have forgotten.
(See the <inserted text> above.)
With luck, this will get me unwedged. But if you
really didn't forget anything, try typing `2' now; then
my insertion and my current dilemma will both disappear.

c:/Users/TLP-001/Documents/GitHub/project3_docs/fitting/piecewise_analytic_formulas_template.tex:348: Extra \right.
\endcases ->\endarray \right .
                              
l.348     \end{cases}
                     $$
I'm ignoring a \right that had no matching \left.

c:/Users/TLP-001/Documents/GitHub/project3_docs/fitting/piecewise_analytic_formulas_template.tex:348: Missing $ inserted.
<inserted text> 
                $
l.348     \end{cases}
                     $$
I've inserted something that you may have forgotten.
(See the <inserted text> above.)
With luck, this will get me unwedged. But if you
really didn't forget anything, try typing `2' now; then
my insertion and my current dilemma will both disappear.

c:/Users/TLP-001/Documents/GitHub/project3_docs/fitting/piecewise_analytic_formulas_template.tex:348: Missing } inserted.
<inserted text> 
                }
l.348     \end{cases}
                     $$
I've inserted something that you may have forgotten.
(See the <inserted text> above.)
With luck, this will get me unwedged. But if you
really didn't forget anything, try typing `2' now; then
my insertion and my current dilemma will both disappear.

c:/Users/TLP-001/Documents/GitHub/project3_docs/fitting/piecewise_analytic_formulas_template.tex:348: Missing \cr inserted.
<inserted text> 
                \cr 
l.348     \end{cases}
                     $$
I'm guessing that you meant to end an alignment here.

c:/Users/TLP-001/Documents/GitHub/project3_docs/fitting/piecewise_analytic_formulas_template.tex:348: Missing } inserted.
<inserted text> 
                }
l.348     \end{cases}
                     $$
I've put in what seems to be necessary to fix
the current column of the current alignment.
Try to go on, since this might almost work.

c:/Users/TLP-001/Documents/GitHub/project3_docs/fitting/piecewise_analytic_formulas_template.tex:348: Missing \cr inserted.
<inserted text> 
                \cr 
l.348     \end{cases}
                     $$
I'm guessing that you meant to end an alignment here.

c:/Users/TLP-001/Documents/GitHub/project3_docs/fitting/piecewise_analytic_formulas_template.tex:348: Missing } inserted.
<inserted text> 
                }
l.348     \end{cases}
                     $$
I've put in what seems to be necessary to fix
the current column of the current alignment.
Try to go on, since this might almost work.

c:/Users/TLP-001/Documents/GitHub/project3_docs/fitting/piecewise_analytic_formulas_template.tex:348: Missing \cr inserted.
<inserted text> 
                \cr 
l.348     \end{cases}
                     $$
I'm guessing that you meant to end an alignment here.

c:/Users/TLP-001/Documents/GitHub/project3_docs/fitting/piecewise_analytic_formulas_template.tex:348: Missing } inserted.
<inserted text> 
                }
l.348     \end{cases}
                     $$
I've put in what seems to be necessary to fix
the current column of the current alignment.
Try to go on, since this might almost work.

c:/Users/TLP-001/Documents/GitHub/project3_docs/fitting/piecewise_analytic_formulas_template.tex:348: Missing \cr inserted.
<inserted text> 
                \cr 
l.348     \end{cases}
                     $$
I'm guessing that you meant to end an alignment here.

c:/Users/TLP-001/Documents/GitHub/project3_docs/fitting/piecewise_analytic_formulas_template.tex:348: Missing } inserted.
<inserted text> 
                }
l.348     \end{cases}
                     $$
I've put in what seems to be necessary to fix
the current column of the current alignment.
Try to go on, since this might almost work.

c:/Users/TLP-001/Documents/GitHub/project3_docs/fitting/piecewise_analytic_formulas_template.tex:348: Missing \cr inserted.
<inserted text> 
                \cr 
l.348     \end{cases}
                     $$
I'm guessing that you meant to end an alignment here.

c:/Users/TLP-001/Documents/GitHub/project3_docs/fitting/piecewise_analytic_formulas_template.tex:348: Missing } inserted.
<inserted text> 
                }
l.348     \end{cases}
                     $$
I've put in what seems to be necessary to fix
the current column of the current alignment.
Try to go on, since this might almost work.

c:/Users/TLP-001/Documents/GitHub/project3_docs/fitting/piecewise_analytic_formulas_template.tex:348: Missing \cr inserted.
<inserted text> 
                \cr 
l.348     \end{cases}
                     $$
I'm guessing that you meant to end an alignment here.

c:/Users/TLP-001/Documents/GitHub/project3_docs/fitting/piecewise_analytic_formulas_template.tex:348: Missing } inserted.
<inserted text> 
                }
l.348     \end{cases}
                     $$
I've put in what seems to be necessary to fix
the current column of the current alignment.
Try to go on, since this might almost work.

c:/Users/TLP-001/Documents/GitHub/project3_docs/fitting/piecewise_analytic_formulas_template.tex:348: Missing \cr inserted.
<inserted text> 
                \cr 
l.348     \end{cases}
                     $$
I'm guessing that you meant to end an alignment here.

c:/Users/TLP-001/Documents/GitHub/project3_docs/fitting/piecewise_analytic_formulas_template.tex:348: Missing } inserted.
<inserted text> 
                }
l.348     \end{cases}
                     $$
I've put in what seems to be necessary to fix
the current column of the current alignment.
Try to go on, since this might almost work.

c:/Users/TLP-001/Documents/GitHub/project3_docs/fitting/piecewise_analytic_formulas_template.tex:348: Missing \cr inserted.
<inserted text> 
                \cr 
l.348     \end{cases}
                     $$
I'm guessing that you meant to end an alignment here.

c:/Users/TLP-001/Documents/GitHub/project3_docs/fitting/piecewise_analytic_formulas_template.tex:348: Missing } inserted.
<inserted text> 
                }
l.348     \end{cases}
                     $$
I've put in what seems to be necessary to fix
the current column of the current alignment.
Try to go on, since this might almost work.

c:/Users/TLP-001/Documents/GitHub/project3_docs/fitting/piecewise_analytic_formulas_template.tex:348: Missing \cr inserted.
<inserted text> 
                \cr 
l.348     \end{cases}
                     $$
I'm guessing that you meant to end an alignment here.

c:/Users/TLP-001/Documents/GitHub/project3_docs/fitting/piecewise_analytic_formulas_template.tex:348: Missing } inserted.
<inserted text> 
                }
l.348     \end{cases}
                     $$
I've put in what seems to be necessary to fix
the current column of the current alignment.
Try to go on, since this might almost work.

c:/Users/TLP-001/Documents/GitHub/project3_docs/fitting/piecewise_analytic_formulas_template.tex:348: Missing \cr inserted.
<inserted text> 
                \cr 
l.348     \end{cases}
                     $$
I'm guessing that you meant to end an alignment here.

c:/Users/TLP-001/Documents/GitHub/project3_docs/fitting/piecewise_analytic_formulas_template.tex:348: Missing } inserted.
<inserted text> 
                }
l.348     \end{cases}
                     $$
I've put in what seems to be necessary to fix
the current column of the current alignment.
Try to go on, since this might almost work.

c:/Users/TLP-001/Documents/GitHub/project3_docs/fitting/piecewise_analytic_formulas_template.tex:348: Missing \cr inserted.
<inserted text> 
                \cr 
l.348     \end{cases}
                     $$
I'm guessing that you meant to end an alignment here.

c:/Users/TLP-001/Documents/GitHub/project3_docs/fitting/piecewise_analytic_formulas_template.tex:348: Missing } inserted.
<inserted text> 
                }
l.348     \end{cases}
                     $$
I've put in what seems to be necessary to fix
the current column of the current alignment.
Try to go on, since this might almost work.

c:/Users/TLP-001/Documents/GitHub/project3_docs/fitting/piecewise_analytic_formulas_template.tex:348: Missing \cr inserted.
<inserted text> 
                \cr 
l.348     \end{cases}
                     $$
I'm guessing that you meant to end an alignment here.

c:/Users/TLP-001/Documents/GitHub/project3_docs/fitting/piecewise_analytic_formulas_template.tex:348: Missing } inserted.
<inserted text> 
                }
l.348     \end{cases}
                     $$
I've put in what seems to be necessary to fix
the current column of the current alignment.
Try to go on, since this might almost work.

c:/Users/TLP-001/Documents/GitHub/project3_docs/fitting/piecewise_analytic_formulas_template.tex:348: Missing \cr inserted.
<inserted text> 
                \cr 
l.348     \end{cases}
                     $$
I'm guessing that you meant to end an alignment here.

c:/Users/TLP-001/Documents/GitHub/project3_docs/fitting/piecewise_analytic_formulas_template.tex:348: Missing } inserted.
<inserted text> 
                }
l.348     \end{cases}
                     $$
I've put in what seems to be necessary to fix
the current column of the current alignment.
Try to go on, since this might almost work.

c:/Users/TLP-001/Documents/GitHub/project3_docs/fitting/piecewise_analytic_formulas_template.tex:348: Missing \cr inserted.
<inserted text> 
                \cr 
l.348     \end{cases}
                     $$
I'm guessing that you meant to end an alignment here.

c:/Users/TLP-001/Documents/GitHub/project3_docs/fitting/piecewise_analytic_formulas_template.tex:348: Missing } inserted.
<inserted text> 
                }
l.348     \end{cases}
                     $$
I've put in what seems to be necessary to fix
the current column of the current alignment.
Try to go on, since this might almost work.

c:/Users/TLP-001/Documents/GitHub/project3_docs/fitting/piecewise_analytic_formulas_template.tex:348: Missing \cr inserted.
<inserted text> 
                \cr 
l.348     \end{cases}
                     $$
I'm guessing that you meant to end an alignment here.

c:/Users/TLP-001/Documents/GitHub/project3_docs/fitting/piecewise_analytic_formulas_template.tex:348: Missing } inserted.
<inserted text> 
                }
l.348     \end{cases}
                     $$
I've put in what seems to be necessary to fix
the current column of the current alignment.
Try to go on, since this might almost work.

c:/Users/TLP-001/Documents/GitHub/project3_docs/fitting/piecewise_analytic_formulas_template.tex:348: Missing \cr inserted.
<inserted text> 
                \cr 
l.348     \end{cases}
                     $$
I'm guessing that you meant to end an alignment here.

c:/Users/TLP-001/Documents/GitHub/project3_docs/fitting/piecewise_analytic_formulas_template.tex:348: Missing } inserted.
<inserted text> 
                }
l.348     \end{cases}
                     $$
I've put in what seems to be necessary to fix
the current column of the current alignment.
Try to go on, since this might almost work.

c:/Users/TLP-001/Documents/GitHub/project3_docs/fitting/piecewise_analytic_formulas_template.tex:348: Missing \cr inserted.
<inserted text> 
                \cr 
l.348     \end{cases}
                     $$
I'm guessing that you meant to end an alignment here.

c:/Users/TLP-001/Documents/GitHub/project3_docs/fitting/piecewise_analytic_formulas_template.tex:348: Missing } inserted.
<inserted text> 
                }
l.348     \end{cases}
                     $$
I've put in what seems to be necessary to fix
the current column of the current alignment.
Try to go on, since this might almost work.

c:/Users/TLP-001/Documents/GitHub/project3_docs/fitting/piecewise_analytic_formulas_template.tex:348: Missing \cr inserted.
<inserted text> 
                \cr 
l.348     \end{cases}
                     $$
I'm guessing that you meant to end an alignment here.

c:/Users/TLP-001/Documents/GitHub/project3_docs/fitting/piecewise_analytic_formulas_template.tex:348: Missing } inserted.
<inserted text> 
                }
l.348     \end{cases}
                     $$
I've put in what seems to be necessary to fix
the current column of the current alignment.
Try to go on, since this might almost work.

c:/Users/TLP-001/Documents/GitHub/project3_docs/fitting/piecewise_analytic_formulas_template.tex:348: Missing \cr inserted.
<inserted text> 
                \cr 
l.348     \end{cases}
                     $$
I'm guessing that you meant to end an alignment here.

c:/Users/TLP-001/Documents/GitHub/project3_docs/fitting/piecewise_analytic_formulas_template.tex:348: Missing } inserted.
<inserted text> 
                }
l.348     \end{cases}
                     $$
I've put in what seems to be necessary to fix
the current column of the current alignment.
Try to go on, since this might almost work.

c:/Users/TLP-001/Documents/GitHub/project3_docs/fitting/piecewise_analytic_formulas_template.tex:348: Missing \cr inserted.
<inserted text> 
                \cr 
l.348     \end{cases}
                     $$
I'm guessing that you meant to end an alignment here.

c:/Users/TLP-001/Documents/GitHub/project3_docs/fitting/piecewise_analytic_formulas_template.tex:348: Missing } inserted.
<inserted text> 
                }
l.348     \end{cases}
                     $$
I've put in what seems to be necessary to fix
the current column of the current alignment.
Try to go on, since this might almost work.

c:/Users/TLP-001/Documents/GitHub/project3_docs/fitting/piecewise_analytic_formulas_template.tex:348: Missing \cr inserted.
<inserted text> 
                \cr 
l.348     \end{cases}
                     $$
I'm guessing that you meant to end an alignment here.

c:/Users/TLP-001/Documents/GitHub/project3_docs/fitting/piecewise_analytic_formulas_template.tex:348: Missing } inserted.
<inserted text> 
                }
l.348     \end{cases}
                     $$
I've put in what seems to be necessary to fix
the current column of the current alignment.
Try to go on, since this might almost work.

c:/Users/TLP-001/Documents/GitHub/project3_docs/fitting/piecewise_analytic_formulas_template.tex:348: Missing \cr inserted.
<inserted text> 
                \cr 
l.348     \end{cases}
                     $$
I'm guessing that you meant to end an alignment here.

c:/Users/TLP-001/Documents/GitHub/project3_docs/fitting/piecewise_analytic_formulas_template.tex:348: Missing } inserted.
<inserted text> 
                }
l.348     \end{cases}
                     $$
I've put in what seems to be necessary to fix
the current column of the current alignment.
Try to go on, since this might almost work.

c:/Users/TLP-001/Documents/GitHub/project3_docs/fitting/piecewise_analytic_formulas_template.tex:348: Missing \cr inserted.
<inserted text> 
                \cr 
l.348     \end{cases}
                     $$
I'm guessing that you meant to end an alignment here.

c:/Users/TLP-001/Documents/GitHub/project3_docs/fitting/piecewise_analytic_formulas_template.tex:348: Missing } inserted.
<inserted text> 
                }
l.348     \end{cases}
                     $$
I've put in what seems to be necessary to fix
the current column of the current alignment.
Try to go on, since this might almost work.

c:/Users/TLP-001/Documents/GitHub/project3_docs/fitting/piecewise_analytic_formulas_template.tex:348: Missing \cr inserted.
<inserted text> 
                \cr 
l.348     \end{cases}
                     $$
I'm guessing that you meant to end an alignment here.

c:/Users/TLP-001/Documents/GitHub/project3_docs/fitting/piecewise_analytic_formulas_template.tex:348: Missing } inserted.
<inserted text> 
                }
l.348     \end{cases}
                     $$
I've put in what seems to be necessary to fix
the current column of the current alignment.
Try to go on, since this might almost work.

c:/Users/TLP-001/Documents/GitHub/project3_docs/fitting/piecewise_analytic_formulas_template.tex:348: Missing \cr inserted.
<inserted text> 
                \cr 
l.348     \end{cases}
                     $$
I'm guessing that you meant to end an alignment here.

c:/Users/TLP-001/Documents/GitHub/project3_docs/fitting/piecewise_analytic_formulas_template.tex:348: Missing } inserted.
<inserted text> 
                }
l.348     \end{cases}
                     $$
I've put in what seems to be necessary to fix
the current column of the current alignment.
Try to go on, since this might almost work.

c:/Users/TLP-001/Documents/GitHub/project3_docs/fitting/piecewise_analytic_formulas_template.tex:348: Missing \cr inserted.
<inserted text> 
                \cr 
l.348     \end{cases}
                     $$
I'm guessing that you meant to end an alignment here.

c:/Users/TLP-001/Documents/GitHub/project3_docs/fitting/piecewise_analytic_formulas_template.tex:348: Missing } inserted.
<inserted text> 
                }
l.348     \end{cases}
                     $$
I've put in what seems to be necessary to fix
the current column of the current alignment.
Try to go on, since this might almost work.

c:/Users/TLP-001/Documents/GitHub/project3_docs/fitting/piecewise_analytic_formulas_template.tex:348: Missing \cr inserted.
<inserted text> 
                \cr 
l.348     \end{cases}
                     $$
I'm guessing that you meant to end an alignment here.

c:/Users/TLP-001/Documents/GitHub/project3_docs/fitting/piecewise_analytic_formulas_template.tex:348: Missing } inserted.
<inserted text> 
                }
l.348     \end{cases}
                     $$
I've put in what seems to be necessary to fix
the current column of the current alignment.
Try to go on, since this might almost work.

c:/Users/TLP-001/Documents/GitHub/project3_docs/fitting/piecewise_analytic_formulas_template.tex:348: Missing \cr inserted.
<inserted text> 
                \cr 
l.348     \end{cases}
                     $$
I'm guessing that you meant to end an alignment here.

c:/Users/TLP-001/Documents/GitHub/project3_docs/fitting/piecewise_analytic_formulas_template.tex:348: Missing } inserted.
<inserted text> 
                }
l.348     \end{cases}
                     $$
I've put in what seems to be necessary to fix
the current column of the current alignment.
Try to go on, since this might almost work.

c:/Users/TLP-001/Documents/GitHub/project3_docs/fitting/piecewise_analytic_formulas_template.tex:348: Missing \cr inserted.
<inserted text> 
                \cr 
l.348     \end{cases}
                     $$
I'm guessing that you meant to end an alignment here.

c:/Users/TLP-001/Documents/GitHub/project3_docs/fitting/piecewise_analytic_formulas_template.tex:348: Missing } inserted.
<inserted text> 
                }
l.348     \end{cases}
                     $$
I've put in what seems to be necessary to fix
the current column of the current alignment.
Try to go on, since this might almost work.

c:/Users/TLP-001/Documents/GitHub/project3_docs/fitting/piecewise_analytic_formulas_template.tex:348: Missing \cr inserted.
<inserted text> 
                \cr 
l.348     \end{cases}
                     $$
I'm guessing that you meant to end an alignment here.

c:/Users/TLP-001/Documents/GitHub/project3_docs/fitting/piecewise_analytic_formulas_template.tex:348: Missing } inserted.
<inserted text> 
                }
l.348     \end{cases}
                     $$
I've put in what seems to be necessary to fix
the current column of the current alignment.
Try to go on, since this might almost work.

c:/Users/TLP-001/Documents/GitHub/project3_docs/fitting/piecewise_analytic_formulas_template.tex:348: Missing \cr inserted.
<inserted text> 
                \cr 
l.348     \end{cases}
                     $$
I'm guessing that you meant to end an alignment here.

c:/Users/TLP-001/Documents/GitHub/project3_docs/fitting/piecewise_analytic_formulas_template.tex:348: Missing } inserted.
<inserted text> 
                }
l.348     \end{cases}
                     $$
I've put in what seems to be necessary to fix
the current column of the current alignment.
Try to go on, since this might almost work.

c:/Users/TLP-001/Documents/GitHub/project3_docs/fitting/piecewise_analytic_formulas_template.tex:348: Missing \cr inserted.
<inserted text> 
                \cr 
l.348     \end{cases}
                     $$
I'm guessing that you meant to end an alignment here.

c:/Users/TLP-001/Documents/GitHub/project3_docs/fitting/piecewise_analytic_formulas_template.tex:348: Missing } inserted.
<inserted text> 
                }
l.348     \end{cases}
                     $$
I've put in what seems to be necessary to fix
the current column of the current alignment.
Try to go on, since this might almost work.

c:/Users/TLP-001/Documents/GitHub/project3_docs/fitting/piecewise_analytic_formulas_template.tex:348: Missing \cr inserted.
<inserted text> 
                \cr 
l.348     \end{cases}
                     $$
I'm guessing that you meant to end an alignment here.

c:/Users/TLP-001/Documents/GitHub/project3_docs/fitting/piecewise_analytic_formulas_template.tex:348: Missing } inserted.
<inserted text> 
                }
l.348     \end{cases}
                     $$
I've put in what seems to be necessary to fix
the current column of the current alignment.
Try to go on, since this might almost work.

c:/Users/TLP-001/Documents/GitHub/project3_docs/fitting/piecewise_analytic_formulas_template.tex:348: Missing \cr inserted.
<inserted text> 
                \cr 
l.348     \end{cases}
                     $$
I'm guessing that you meant to end an alignment here.

c:/Users/TLP-001/Documents/GitHub/project3_docs/fitting/piecewise_analytic_formulas_template.tex:348: Missing } inserted.
<inserted text> 
                }
l.348     \end{cases}
                     $$
I've put in what seems to be necessary to fix
the current column of the current alignment.
Try to go on, since this might almost work.

c:/Users/TLP-001/Documents/GitHub/project3_docs/fitting/piecewise_analytic_formulas_template.tex:348: Missing \cr inserted.
<inserted text> 
                \cr 
l.348     \end{cases}
                     $$
(That makes 100 errors; please try again.) 
Here is how much of TeX's memory you used:
 21054 strings out of 468081
 457827 string characters out of 5424820
 878459 words of memory out of 5000000
 49358 multiletter control sequences out of 15000+600000
 643777 words of font info for 99 fonts, out of 8000000 for 9000
 1141 hyphenation exceptions out of 8191
 98i,24n,101p,552b,266s stack positions out of 10000i,1000n,20000p,200000b,200000s

c:/Users/TLP-001/Documents/GitHub/project3_docs/fitting/piecewise_analytic_formulas_template.tex:348:  ==> Fatal error occurred, no output PDF file produced!
